date,job_role,canonical_skill,demand_count,trend_ratio_base,trend_ratio_job_intent,blog_collected_count,cafe_collected_count,kin_collected_count,unique_document_count,weeks_observed,data_quality_flag
,기획/전략,영업/세일즈,254,,,20,20,20,60,0,BASE_EMPTY_RESULT;INTENT_EMPTY_RESULT
,기획/전략,프로젝트관리(PM),199,,,20,20,20,60,0,BASE_EMPTY_RESULT;INTENT_EMPTY_RESULT
2025-12-29,기획/전략,Excel,181,76.72371,,20,20,20,60,30,INTENT_EMPTY_RESULT
2026-01-05,기획/전략,Excel,181,97.45721,,20,20,20,60,30,INTENT_EMPTY_RESULT
2026-01-12,기획/전략,Excel,181,100.0,,20,20,20,60,30,INTENT_EMPTY_RESULT
2026-01-19,기획/전략,Excel,181,96.96821,,20,20,20,60,30,INTENT_EMPTY_RESULT
2026-01-26,기획/전략,Excel,181,94.37652,,20,20,20,60,30,INTENT_EMPTY_RESULT
2026-02-02,기획/전략,Excel,181,91.19804,,20,20,20,60,30,INTENT_EMPTY_RESULT
2026-02-09,기획/전략,Excel,181,86.16136,,20,20,20,60,30,INTENT_EMPTY_RESULT
2026-02-16,기획/전략,Excel,181,67.33496,,20,20,20,60,30,INTENT_EMPTY_RESULT
2026-02-23,기획/전략,Excel,181,82.15158,,20,20,20,60,30,INTENT_EMPTY_RESULT
2026-03-02,기획/전략,Excel,181,80.39119,,20,20,20,60,30,INTENT_EMPTY_RESULT
2026-03-09,기획/전략,Excel,181,87.04156,,20,20,20,60,30,INTENT_EMPTY_RESULT
2026-03-16,기획/전략,Excel,181,76.62591,,20,20,20,60,30,INTENT_EMPTY_RESULT
2026-03-23,기획/전략,Excel,181,81.12469,,20,20,20,60,30,INTENT_EMPTY_RESULT
2026-03-30,기획/전략,Excel,181,83.08068,,20,20,20,60,30,INTENT_EMPTY_RESULT
2026-04-06,기획/전략,Excel,181,77.31051,,20,20,20,60,30,INTENT_EMPTY_RESULT
2026-04-13,기획/전략,Excel,181,76.47921,,20,20,20,60,30,INTENT_EMPTY_RESULT
2026-04-20,기획/전략,Excel,181,75.35452,,20,20,20,60,30,INTENT_EMPTY_RESULT
2026-04-27,기획/전략,Excel,181,60.97799,,20,20,20,60,30,INTENT_EMPTY_RESULT
2026-05-04,기획/전략,Excel,181,59.511,,20,20,20,60,30,INTENT_EMPTY_RESULT
2026-05-11,기획/전략,Excel,181,61.85819,,20,20,20,60,30,INTENT_EMPTY_RESULT
2026-05-18,기획/전략,Excel,181,62.20048,,20,20,20,60,30,INTENT_EMPTY_RESULT
2026-05-25,기획/전략,Excel,181,64.35207,,20,20,20,60,30,INTENT_EMPTY_RESULT
2026-06-01,기획/전략,Excel,181,86.16136,,20,20,20,60,30,INTENT_EMPTY_RESULT
2026-06-08,기획/전략,Excel,181,96.23471,,20,20,20,60,30,INTENT_EMPTY_RESULT
2026-06-15,기획/전략,Excel,181,81.80929,,20,20,20,60,30,INTENT_EMPTY_RESULT
2026-06-22,기획/전략,Excel,181,79.4132,,20,20,20,60,30,INTENT_EMPTY_RESULT
2026-06-29,기획/전략,Excel,181,68.36185,,20,20,20,60,30,INTENT_EMPTY_RESULT
2026-07-06,기획/전략,Excel,181,69.92665,,20,20,20,60,30,INTENT_EMPTY_RESULT
2026-07-13,기획/전략,Excel,181,64.98777,,20,20,20,60,30,INTENT_EMPTY_RESULT
2026-07-20,기획/전략,Excel,181,53.64303,,20,20,20,60,30,INTENT_EMPTY_RESULT
,기획/전략,인사(HR),104,,,20,20,20,60,0,BASE_EMPTY_RESULT;INTENT_EMPTY_RESULT
2025-12-29,기획/전략,PPT,95,64.26935,,20,20,20,60,30,INTENT_EMPTY_RESULT
2026-01-05,기획/전략,PPT,95,70.72835,,20,20,20,60,30,INTENT_EMPTY_RESULT
2026-01-12,기획/전략,PPT,95,64.38387,,20,20,20,60,30,INTENT_EMPTY_RESULT
2026-01-19,기획/전략,PPT,95,60.765,,20,20,20,60,30,INTENT_EMPTY_RESULT
2026-01-26,기획/전략,PPT,95,60.51305,,20,20,20,60,30,INTENT_EMPTY_RESULT
2026-02-02,기획/전략,PPT,95,61.63536,,20,20,20,60,30,INTENT_EMPTY_RESULT
2026-02-09,기획/전략,PPT,95,53.38983,,20,20,20,60,30,INTENT_EMPTY_RESULT
2026-02-16,기획/전략,PPT,95,43.81584,,20,20,20,60,30,INTENT_EMPTY_RESULT
2026-02-23,기획/전략,PPT,95,58.29134,,20,20,20,60,30,INTENT_EMPTY_RESULT
2026-03-02,기획/전략,PPT,95,75.69857,,20,20,20,60,30,INTENT_EMPTY_RESULT
2026-03-09,기획/전략,PPT,95,95.48786,,20,20,20,60,30,INTENT_EMPTY_RESULT
2026-03-16,기획/전략,PPT,95,99.45029,,20,20,20,60,30,INTENT_EMPTY_RESULT
2026-03-23,기획/전략,PPT,95,96.47274,,20,20,20,60,30,INTENT_EMPTY_RESULT
2026-03-30,기획/전략,PPT,95,97.43472,,20,20,20,60,30,INTENT_EMPTY_RESULT
2026-04-06,기획/전략,PPT,95,98.44251,,20,20,20,60,30,INTENT_EMPTY_RESULT
2026-04-13,기획/전략,PPT,95,90.19697,,20,20,20,60,30,INTENT_EMPTY_RESULT
2026-04-20,기획/전략,PPT,95,78.88227,,20,20,20,60,30,INTENT_EMPTY_RESULT
2026-04-27,기획/전략,PPT,95,75.2863,,20,20,20,60,30,INTENT_EMPTY_RESULT
2026-05-04,기획/전략,PPT,95,85.82226,,20,20,20,60,30,INTENT_EMPTY_RESULT
2026-05-11,기획/전략,PPT,95,100.0,,20,20,20,60,30,INTENT_EMPTY_RESULT
2026-05-18,기획/전략,PPT,95,93.19743,,20,20,20,60,30,INTENT_EMPTY_RESULT
2026-05-25,기획/전략,PPT,95,87.95235,,20,20,20,60,30,INTENT_EMPTY_RESULT
2026-06-01,기획/전략,PPT,95,83.78378,,20,20,20,60,30,INTENT_EMPTY_RESULT
2026-06-08,기획/전략,PPT,95,83.18827,,20,20,20,60,30,INTENT_EMPTY_RESULT
2026-06-15,기획/전략,PPT,95,66.88043,,20,20,20,60,30,INTENT_EMPTY_RESULT
2026-06-22,기획/전략,PPT,95,53.71049,,20,20,20,60,30,INTENT_EMPTY_RESULT
2026-06-29,기획/전략,PPT,95,53.50435,,20,20,20,60,30,INTENT_EMPTY_RESULT
2026-07-06,기획/전략,PPT,95,66.51397,,20,20,20,60,30,INTENT_EMPTY_RESULT
2026-07-13,기획/전략,PPT,95,58.31424,,20,20,20,60,30,INTENT_EMPTY_RESULT
2026-07-20,기획/전략,PPT,95,38.29592,,20,20,20,60,30,INTENT_EMPTY_RESULT
2025-12-29,기획/전략,ERP,85,70.0192,14.02714,20,20,20,60,30,OK
2026-01-05,기획/전략,ERP,85,100.0,28.95927,20,20,20,60,30,OK
2026-01-12,기획/전략,ERP,85,93.37266,35.29411,20,20,20,60,30,OK
2026-01-19,기획/전략,ERP,85,96.54226,43.8914,20,20,20,60,30,OK
2026-01-26,기획/전략,ERP,85,90.23051,63.34841,20,20,20,60,30,OK
2026-02-02,기획/전략,ERP,85,88.11745,79.638,20,20,20,60,30,OK
2026-02-09,기획/전략,ERP,85,76.86608,100.0,20,20,20,60,30,OK
2026-02-16,기획/전략,ERP,85,48.86114,38.46153,20,20,20,60,30,OK
2026-02-23,기획/전략,ERP,85,84.87925,68.32579,20,20,20,60,30,OK
2026-03-02,기획/전략,ERP,85,84.23435,54.75113,20,20,20,60,30,OK
2026-03-09,기획/전략,ERP,85,88.22722,42.53393,20,20,20,60,30,OK
2026-03-16,기획/전략,ERP,85,84.81064,29.41176,20,20,20,60,30,OK
2026-03-23,기획/전략,ERP,85,87.59604,19.00452,20,20,20,60,30,OK
2026-03-30,기획/전략,ERP,85,83.89132,9.95475,20,20,20,60,30,OK
2026-04-06,기획/전략,ERP,85,83.71295,17.64705,20,20,20,60,30,OK
2026-04-13,기획/전략,ERP,85,81.7371,25.79185,20,20,20,60,30,OK
2026-04-20,기획/전략,ERP,85,75.41163,19.9095,20,20,20,60,30,OK
2026-04-27,기획/전략,ERP,85,68.3315,10.85972,20,20,20,60,30,OK
2026-05-04,기획/전략,ERP,85,65.05214,8.59728,20,20,20,60,30,OK
2026-05-11,기획/전략,ERP,85,72.68111,10.85972,20,20,20,60,30,OK
2026-05-18,기획/전략,ERP,85,71.00713,16.28959,20,20,20,60,30,OK
2026-05-25,기획/전략,ERP,85,69.22338,2.26244,20,20,20,60,30,OK
2026-06-01,기획/전략,ERP,85,61.29253,,20,20,20,60,30,OK
2026-06-08,기획/전략,ERP,85,69.85455,2.26244,20,20,20,60,30,OK
2026-06-15,기획/전략,ERP,85,71.78924,8.59728,20,20,20,60,30,OK
2026-06-22,기획/전략,ERP,85,69.82711,,20,20,20,60,30,OK
2026-06-29,기획/전략,ERP,85,73.17508,2.26244,20,20,20,60,30,OK
2026-07-06,기획/전략,ERP,85,69.53896,7.23981,20,20,20,60,30,OK
2026-07-13,기획/전략,ERP,85,61.08671,11.31221,20,20,20,60,30,OK
2026-07-20,기획/전략,ERP,85,58.24643,10.40723,20,20,20,60,30,OK
2025-12-29,기획/전략,브랜드,57,73.37334,,20,20,20,60,30,INTENT_EMPTY_RESULT
2026-01-05,기획/전략,브랜드,57,79.43777,,20,20,20,60,30,INTENT_EMPTY_RESULT
2026-01-12,기획/전략,브랜드,57,80.32217,,20,20,20,60,30,INTENT_EMPTY_RESULT
2026-01-19,기획/전략,브랜드,57,89.00821,,20,20,20,60,30,INTENT_EMPTY_RESULT
2026-01-26,기획/전략,브랜드,57,89.86102,,20,20,20,60,30,INTENT_EMPTY_RESULT
2026-02-02,기획/전략,브랜드,57,78.33228,,20,20,20,60,30,INTENT_EMPTY_RESULT
2026-02-09,기획/전략,브랜드,57,69.96209,,20,20,20,60,30,INTENT_EMPTY_RESULT
2026-02-16,기획/전략,브랜드,57,67.94061,,20,20,20,60,30,INTENT_EMPTY_RESULT
2026-02-23,기획/전략,브랜드,57,76.0897,,20,20,20,60,30,INTENT_EMPTY_RESULT
2026-03-02,기획/전략,브랜드,57,84.68098,,20,20,20,60,30,INTENT_EMPTY_RESULT
2026-03-09,기획/전략,브랜드,57,100.0,,20,20,20,60,30,INTENT_EMPTY_RESULT
2026-03-16,기획/전략,브랜드,57,93.17751,,20,20,20,60,30,INTENT_EMPTY_RESULT
2026-03-23,기획/전략,브랜드,57,83.3228,,20,20,20,60,30,INTENT_EMPTY_RESULT
2026-03-30,기획/전략,브랜드,57,85.43903,,20,20,20,60,30,INTENT_EMPTY_RESULT
2026-04-06,기획/전략,브랜드,57,83.63866,,20,20,20,60,30,INTENT_EMPTY_RESULT
2026-04-13,기획/전략,브랜드,57,85.37586,,20,20,20,60,30,INTENT_EMPTY_RESULT
2026-04-20,기획/전략,브랜드,57,75.80543,,20,20,20,60,30,INTENT_EMPTY_RESULT
2026-04-27,기획/전략,브랜드,57,71.79406,,20,20,20,60,30,INTENT_EMPTY_RESULT
2026-05-04,기획/전략,브랜드,57,80.82754,,20,20,20,60,30,INTENT_EMPTY_RESULT
2026-05-11,기획/전략,브랜드,57,84.33354,,20,20,20,60,30,INTENT_EMPTY_RESULT
2026-05-18,기획/전략,브랜드,57,76.94251,,20,20,20,60,30,INTENT_EMPTY_RESULT
2026-05-25,기획/전략,브랜드,57,72.3626,,20,20,20,60,30,INTENT_EMPTY_RESULT
2026-06-01,기획/전략,브랜드,57,66.61402,,20,20,20,60,30,INTENT_EMPTY_RESULT
2026-06-08,기획/전략,브랜드,57,65.41377,,20,20,20,60,30,INTENT_EMPTY_RESULT
2026-06-15,기획/전략,브랜드,57,62.00252,,20,20,20,60,30,INTENT_EMPTY_RESULT
2026-06-22,기획/전략,브랜드,57,56.69614,,20,20,20,60,30,INTENT_EMPTY_RESULT
2026-06-29,기획/전략,브랜드,57,57.73847,,20,20,20,60,30,INTENT_EMPTY_RESULT
2026-07-06,기획/전략,브랜드,57,62.47631,,20,20,20,60,30,INTENT_EMPTY_RESULT
2026-07-13,기획/전략,브랜드,57,64.18193,,20,20,20,60,30,INTENT_EMPTY_RESULT
2026-07-20,기획/전략,브랜드,57,49.21036,,20,20,20,60,30,INTENT_EMPTY_RESULT
2025-12-29,기획/전략,콘텐츠,49,88.31332,47.67441,20,20,20,60,30,OK
2026-01-05,기획/전략,콘텐츠,49,98.86291,76.74418,20,20,20,60,30,OK
2026-01-12,기획/전략,콘텐츠,49,93.87239,100.0,20,20,20,60,30,OK
2026-01-19,기획/전략,콘텐츠,49,93.11433,66.27906,20,20,20,60,30,OK
2026-01-26,기획/전략,콘텐츠,49,89.95578,65.11627,20,20,20,60,30,OK
2026-02-02,기획/전략,콘텐츠,49,80.66961,44.18604,20,20,20,60,30,OK
2026-02-09,기획/전략,콘텐츠,49,77.25837,51.16279,20,20,20,60,30,OK
2026-02-16,기획/전략,콘텐츠,49,64.62413,52.32558,20,20,20,60,30,OK
2026-02-23,기획/전략,콘텐츠,49,76.87934,63.95348,20,20,20,60,30,OK
2026-03-02,기획/전략,콘텐츠,49,87.42893,60.46511,20,20,20,60,30,OK
2026-03-09,기획/전략,콘텐츠,49,100.0,89.53488,20,20,20,60,30,OK
2026-03-16,기획/전략,콘텐츠,49,94.88313,93.02325,20,20,20,60,30,OK
2026-03-23,기획/전략,콘텐츠,49,84.58622,75.58139,20,20,20,60,30,OK
2026-03-30,기획/전략,콘텐츠,49,89.45041,72.09302,20,20,20,60,30,OK
2026-04-06,기획/전략,콘텐츠,49,83.44914,80.23255,20,20,20,60,30,OK
2026-04-13,기획/전략,콘텐츠,49,79.46936,65.11627,20,20,20,60,30,OK
2026-04-20,기획/전략,콘텐츠,49,76.94251,62.79069,20,20,20,60,30,OK
2026-04-27,기획/전략,콘텐츠,49,69.29879,47.67441,20,20,20,60,30,OK
2026-05-04,기획/전략,콘텐츠,49,65.50852,65.11627,20,20,20,60,30,OK
2026-05-11,기획/전략,콘텐츠,49,72.96272,70.93023,20,20,20,60,30,OK
2026-05-18,기획/전략,콘텐츠,49,74.41566,50.0,20,20,20,60,30,OK
2026-05-25,기획/전략,콘텐츠,49,66.58243,45.34883,20,20,20,60,30,OK
2026-06-01,기획/전략,콘텐츠,49,69.36197,53.48837,20,20,20,60,30,OK
2026-06-08,기획/전략,콘텐츠,49,74.60518,76.74418,20,20,20,60,30,OK
2026-06-15,기획/전략,콘텐츠,49,69.55148,51.16279,20,20,20,60,30,OK
2026-06-22,기획/전략,콘텐츠,49,66.01389,62.79069,20,20,20,60,30,OK
2026-06-29,기획/전략,콘텐츠,49,67.46683,89.53488,20,20,20,60,30,OK
2026-07-06,기획/전략,콘텐츠,49,69.10928,38.37209,20,20,20,60,30,OK
2026-07-13,기획/전략,콘텐츠,49,62.03411,51.16279,20,20,20,60,30,OK
2026-07-20,기획/전략,콘텐츠,49,53.19014,63.95348,20,20,20,60,30,OK
2025-12-29,기획/전략,광고,36,49.28897,31.57894,20,20,20,60,30,OK
2026-01-05,기획/전략,광고,36,59.21652,100.0,20,20,20,60,30,OK
2026-01-12,기획/전략,광고,36,54.70888,31.57894,20,20,20,60,30,OK
2026-01-19,기획/전략,광고,36,54.57472,,20,20,20,60,30,OK
2026-01-26,기획/전략,광고,36,46.25704,26.31578,20,20,20,60,30,OK
2026-02-02,기획/전략,광고,36,48.37671,100.0,20,20,20,60,30,OK
2026-02-09,기획/전략,광고,36,46.12288,,20,20,20,60,30,OK
2026-02-16,기획/전략,광고,36,38.01985,,20,20,20,60,30,OK
2026-02-23,기획/전략,광고,36,43.94955,,20,20,20,60,30,OK
2026-03-02,기획/전략,광고,36,48.8865,,20,20,20,60,30,OK
2026-03-09,기획/전략,광고,36,62.4631,,20,20,20,60,30,OK
2026-03-16,기획/전략,광고,36,64.01931,,20,20,20,60,30,OK
2026-03-23,기획/전략,광고,36,64.44861,26.31578,20,20,20,60,30,OK
2026-03-30,기획/전략,광고,36,63.96565,31.57894,20,20,20,60,30,OK
2026-04-06,기획/전략,광고,36,60.47759,,20,20,20,60,30,OK
2026-04-13,기획/전략,광고,36,56.77488,,20,20,20,60,30,OK
2026-04-20,기획/전략,광고,36,48.56452,,20,20,20,60,30,OK
2026-04-27,기획/전략,광고,36,44.72766,,20,20,20,60,30,OK
2026-05-04,기획/전략,광고,36,48.08156,,20,20,20,60,30,OK
2026-05-11,기획/전략,광고,36,58.19694,,20,20,20,60,30,OK
2026-05-18,기획/전략,광고,36,60.02146,26.31578,20,20,20,60,30,OK
2026-05-25,기획/전략,광고,36,55.72846,,20,20,20,60,30,OK
2026-06-01,기획/전략,광고,36,52.21357,26.31578,20,20,20,60,30,OK
2026-06-08,기획/전략,광고,36,56.15776,26.31578,20,20,20,60,30,OK
2026-06-15,기획/전략,광고,36,59.08237,,20,20,20,60,30,OK
2026-06-22,기획/전략,광고,36,56.07727,,20,20,20,60,30,OK
2026-06-29,기획/전략,광고,36,68.52696,,20,20,20,60,30,OK
2026-07-06,기획/전략,광고,36,100.0,26.31578,20,20,20,60,30,OK
2026-07-13,기획/전략,광고,36,82.29138,,20,20,20,60,30,OK
2026-07-20,기획/전략,광고,36,52.29407,,20,20,20,60,30,OK
2025-12-29,기획/전략,디자인,33,61.96518,57.29166,20,20,20,60,30,OK
2026-01-05,기획/전략,디자인,33,72.82384,72.56944,20,20,20,60,30,OK
2026-01-12,기획/전략,디자인,33,74.56476,94.44444,20,20,20,60,30,OK
2026-01-19,기획/전략,디자인,33,73.35497,80.55555,20,20,20,60,30,OK
2026-01-26,기획/전략,디자인,33,69.96164,77.43055,20,20,20,60,30,OK
2026-02-02,기획/전략,디자인,33,71.76158,79.51388,20,20,20,60,30,OK
2026-02-09,기획/전략,디자인,33,66.33225,92.36111,20,20,20,60,30,OK
2026-02-16,기획/전략,디자인,33,48.00826,56.94444,20,20,20,60,30,OK
2026-02-23,기획/전략,디자인,33,71.28946,91.66666,20,20,20,60,30,OK
2026-03-02,기획/전략,디자인,33,79.84656,100.0,20,20,20,60,30,OK
2026-03-09,기획/전략,디자인,33,100.0,98.26388,20,20,20,60,30,OK
2026-03-16,기획/전략,디자인,33,84.83328,84.02777,20,20,20,60,30,OK
2026-03-23,기획/전략,디자인,33,79.25641,62.84722,20,20,20,60,30,OK
2026-03-30,기획/전략,디자인,33,75.80407,68.05555,20,20,20,60,30,OK
2026-04-06,기획/전략,디자인,33,79.1974,61.80555,20,20,20,60,30,OK
2026-04-13,기획/전략,디자인,33,70.6403,69.79166,20,20,20,60,30,OK
2026-04-20,기획/전략,디자인,33,65.29949,54.16666,20,20,20,60,30,OK
2026-04-27,기획/전략,디자인,33,62.17173,44.79166,20,20,20,60,30,OK
2026-05-04,기획/전략,디자인,33,62.93892,53.47222,20,20,20,60,30,OK
2026-05-11,기획/전략,디자인,33,68.92888,61.11111,20,20,20,60,30,OK
2026-05-18,기획/전략,디자인,33,68.30923,49.30555,20,20,20,60,30,OK
2026-05-25,기획/전략,디자인,33,64.0897,41.66666,20,20,20,60,30,OK
2026-06-01,기획/전략,디자인,33,62.85039,41.31944,20,20,20,60,30,OK
2026-06-08,기획/전략,디자인,33,67.54204,54.51388,20,20,20,60,30,OK
2026-06-15,기획/전략,디자인,33,63.17497,55.55555,20,20,20,60,30,OK
2026-06-22,기획/전략,디자인,33,56.03422,47.91666,20,20,20,60,30,OK
2026-06-29,기획/전략,디자인,33,57.12599,45.48611,20,20,20,60,30,OK
2026-07-06,기획/전략,디자인,33,67.51254,43.05555,20,20,20,60,30,OK
2026-07-13,기획/전략,디자인,33,53.37857,32.63888,20,20,20,60,30,OK
2026-07-20,기획/전략,디자인,33,45.47064,36.11111,20,20,20,60,30,OK
2025-12-29,기획/전략,판매,29,79.28286,,20,20,20,60,30,INTENT_EMPTY_RESULT
2026-01-05,기획/전략,판매,29,83.06772,,20,20,20,60,30,INTENT_EMPTY_RESULT
2026-01-12,기획/전략,판매,29,87.45019,,20,20,20,60,30,INTENT_EMPTY_RESULT
2026-01-19,기획/전략,판매,29,86.05577,,20,20,20,60,30,INTENT_EMPTY_RESULT
2026-01-26,기획/전략,판매,29,81.07569,,20,20,20,60,30,INTENT_EMPTY_RESULT
2026-02-02,기획/전략,판매,29,89.64143,,20,20,20,60,30,INTENT_EMPTY_RESULT
2026-02-09,기획/전략,판매,29,86.45418,,20,20,20,60,30,INTENT_EMPTY_RESULT
2026-02-16,기획/전략,판매,29,75.89641,,20,20,20,60,30,INTENT_EMPTY_RESULT
2026-02-23,기획/전략,판매,29,79.48207,,20,20,20,60,30,INTENT_EMPTY_RESULT
2026-03-02,기획/전략,판매,29,76.89243,,20,20,20,60,30,INTENT_EMPTY_RESULT
2026-03-09,기획/전략,판매,29,82.86852,,20,20,20,60,30,INTENT_EMPTY_RESULT
2026-03-16,기획/전략,판매,29,80.67729,,20,20,20,60,30,INTENT_EMPTY_RESULT
2026-03-23,기획/전략,판매,29,89.24302,,20,20,20,60,30,INTENT_EMPTY_RESULT
2026-03-30,기획/전략,판매,29,95.81673,,20,20,20,60,30,INTENT_EMPTY_RESULT
2026-04-06,기획/전략,판매,29,85.45816,,20,20,20,60,30,INTENT_EMPTY_RESULT
2026-04-13,기획/전략,판매,29,93.8247,,20,20,20,60,30,INTENT_EMPTY_RESULT
2026-04-20,기획/전략,판매,29,89.84063,,20,20,20,60,30,INTENT_EMPTY_RESULT
2026-04-27,기획/전략,판매,29,82.07171,,20,20,20,60,30,INTENT_EMPTY_RESULT
2026-05-04,기획/전략,판매,29,82.07171,,20,20,20,60,30,INTENT_EMPTY_RESULT
2026-05-11,기획/전략,판매,29,83.66533,,20,20,20,60,30,INTENT_EMPTY_RESULT
2026-05-18,기획/전략,판매,29,100.0,,20,20,20,60,30,INTENT_EMPTY_RESULT
2026-05-25,기획/전략,판매,29,85.05976,,20,20,20,60,30,INTENT_EMPTY_RESULT
2026-06-01,기획/전략,판매,29,77.29083,,20,20,20,60,30,INTENT_EMPTY_RESULT
2026-06-08,기획/전략,판매,29,76.09561,,20,20,20,60,30,INTENT_EMPTY_RESULT
2026-06-15,기획/전략,판매,29,59.36254,,20,20,20,60,30,INTENT_EMPTY_RESULT
2026-06-22,기획/전략,판매,29,56.3745,,20,20,20,60,30,INTENT_EMPTY_RESULT
2026-06-29,기획/전략,판매,29,51.39442,,20,20,20,60,30,INTENT_EMPTY_RESULT
2026-07-06,기획/전략,판매,29,64.54183,,20,20,20,60,30,INTENT_EMPTY_RESULT
2026-07-13,기획/전략,판매,29,45.41832,,20,20,20,60,30,INTENT_EMPTY_RESULT
2026-07-20,기획/전략,판매,29,46.21513,,20,20,20,60,30,INTENT_EMPTY_RESULT
2025-12-29,기획/전략,홍보,27,64.69428,57.66423,20,20,20,60,30,OK
2026-01-05,기획/전략,홍보,27,75.73964,96.89781,20,20,20,60,30,OK
2026-01-12,기획/전략,홍보,27,74.35897,85.21897,20,20,20,60,30,OK
2026-01-19,기획/전략,홍보,27,72.58382,81.20437,20,20,20,60,30,OK
2026-01-26,기획/전략,홍보,27,74.45759,85.21897,20,20,20,60,30,OK
2026-02-02,기획/전략,홍보,27,76.13412,81.75182,20,20,20,60,30,OK
2026-02-09,기획/전략,홍보,27,67.25838,64.05109,20,20,20,60,30,OK
2026-02-16,기획/전략,홍보,27,54.73372,45.07299,20,20,20,60,30,OK
2026-02-23,기획/전략,홍보,27,72.68244,66.78832,20,20,20,60,30,OK
2026-03-02,기획/전략,홍보,27,77.81065,62.04379,20,20,20,60,30,OK
2026-03-09,기획/전략,홍보,27,84.714,74.27007,20,20,20,60,30,OK
2026-03-16,기획/전략,홍보,27,100.0,78.64963,20,20,20,60,30,OK
2026-03-23,기획/전략,홍보,27,90.8284,72.26277,20,20,20,60,30,OK
2026-03-30,기획/전략,홍보,27,80.96646,80.10948,20,20,20,60,30,OK
2026-04-06,기획/전략,홍보,27,86.29191,75.72992,20,20,20,60,30,OK
2026-04-13,기획/전략,홍보,27,83.53057,72.9927,20,20,20,60,30,OK
2026-04-20,기획/전략,홍보,27,79.38856,71.53284,20,20,20,60,30,OK
2026-04-27,기획/전략,홍보,27,66.56804,66.42335,20,20,20,60,30,OK
2026-05-04,기획/전략,홍보,27,61.53846,63.50364,20,20,20,60,30,OK
2026-05-11,기획/전략,홍보,27,77.90927,71.53284,20,20,20,60,30,OK
2026-05-18,기획/전략,홍보,27,69.52662,76.09489,20,20,20,60,30,OK
2026-05-25,기획/전략,홍보,27,73.57001,62.40875,20,20,20,60,30,OK
2026-06-01,기획/전략,홍보,27,61.34122,57.11678,20,20,20,60,30,OK
2026-06-08,기획/전략,홍보,27,62.13017,75.36496,20,20,20,60,30,OK
2026-06-15,기획/전략,홍보,27,57.79092,89.9635,20,20,20,60,30,OK
2026-06-22,기획/전략,홍보,27,58.38264,88.50364,20,20,20,60,30,OK
2026-06-29,기획/전략,홍보,27,59.36883,97.26277,20,20,20,60,30,OK
2026-07-06,기획/전략,홍보,27,55.52268,100.0,20,20,20,60,30,OK
2026-07-13,기획/전략,홍보,27,49.60552,84.67153,20,20,20,60,30,OK
2026-07-20,기획/전략,홍보,27,45.46351,91.42335,20,20,20,60,30,OK
2025-12-29,기획/전략,상품기획,26,40.0,,20,20,20,60,30,OK
2026-01-05,기획/전략,상품기획,26,100.0,33.33333,20,20,20,60,30,OK
2026-01-12,기획/전략,상품기획,26,96.0,,20,20,20,60,30,OK
2026-01-19,기획/전략,상품기획,26,26.66666,15.15151,20,20,20,60,30,OK
2026-01-26,기획/전략,상품기획,26,56.0,100.0,20,20,20,60,30,OK
2026-02-02,기획/전략,상품기획,26,57.33333,75.75757,20,20,20,60,30,OK
2026-02-09,기획/전략,상품기획,26,32.0,87.87878,20,20,20,60,30,OK
2026-02-16,기획/전략,상품기획,26,48.0,33.33333,20,20,20,60,30,OK
2026-02-23,기획/전략,상품기획,26,53.33333,66.66666,20,20,20,60,30,OK
2026-03-02,기획/전략,상품기획,26,76.0,90.90909,20,20,20,60,30,OK
2026-03-09,기획/전략,상품기획,26,45.33333,100.0,20,20,20,60,30,OK
2026-03-16,기획/전략,상품기획,26,46.66666,81.81818,20,20,20,60,30,OK
2026-03-23,기획/전략,상품기획,26,42.66666,36.36363,20,20,20,60,30,OK
2026-03-30,기획/전략,상품기획,26,32.0,,20,20,20,60,30,OK
2026-04-06,기획/전략,상품기획,26,57.33333,30.30303,20,20,20,60,30,OK
2026-04-13,기획/전략,상품기획,26,22.66666,,20,20,20,60,30,OK
2026-04-20,기획/전략,상품기획,26,44.0,,20,20,20,60,30,OK
2026-04-27,기획/전략,상품기획,26,14.66666,,20,20,20,60,30,OK
2026-05-04,기획/전략,상품기획,26,17.33333,,20,20,20,60,30,OK
2026-05-11,기획/전략,상품기획,26,25.33333,,20,20,20,60,30,OK
2026-05-18,기획/전략,상품기획,26,24.0,15.15151,20,20,20,60,30,OK
2026-05-25,기획/전략,상품기획,26,14.66666,15.15151,20,20,20,60,30,OK
2026-06-01,기획/전략,상품기획,26,6.66666,,20,20,20,60,30,OK
2026-06-08,기획/전략,상품기획,26,49.33333,,20,20,20,60,30,OK
2026-06-15,기획/전략,상품기획,26,25.33333,,20,20,20,60,30,OK
2026-06-22,기획/전략,상품기획,26,24.0,,20,20,20,60,30,OK
2026-06-29,기획/전략,상품기획,26,26.66666,,20,20,20,60,30,OK
2026-07-06,기획/전략,상품기획,26,26.66666,,20,20,20,60,30,OK
2026-07-13,기획/전략,상품기획,26,26.66666,15.15151,20,20,20,60,30,OK
2026-07-20,기획/전략,상품기획,26,9.33333,,20,20,20,60,30,OK
2025-12-29,기획/전략,CRM,24,69.23371,6.12244,20,20,20,60,30,OK
2026-01-05,기획/전략,CRM,24,100.0,27.55102,20,20,20,60,30,OK
2026-01-12,기획/전략,CRM,24,91.80076,54.08163,20,20,20,60,30,OK
2026-01-19,기획/전략,CRM,24,88.85057,31.63265,20,20,20,60,30,OK
2026-01-26,기획/전략,CRM,24,88.69731,17.34693,20,20,20,60,30,OK
2026-02-02,기획/전략,CRM,24,96.47509,33.67346,20,20,20,60,30,OK
2026-02-09,기획/전략,CRM,24,84.98084,54.08163,20,20,20,60,30,OK
2026-02-16,기획/전략,CRM,24,51.99233,27.55102,20,20,20,60,30,OK
2026-02-23,기획/전략,CRM,24,92.7203,63.2653,20,20,20,60,30,OK
2026-03-02,기획/전략,CRM,24,77.16475,16.32653,20,20,20,60,30,OK
2026-03-09,기획/전략,CRM,24,96.59003,51.0204,20,20,20,60,30,OK
2026-03-16,기획/전략,CRM,24,92.26053,74.48979,20,20,20,60,30,OK
2026-03-23,기획/전략,CRM,24,91.87739,91.83673,20,20,20,60,30,OK
2026-03-30,기획/전략,CRM,24,89.04214,98.97959,20,20,20,60,30,OK
2026-04-06,기획/전략,CRM,24,92.9885,100.0,20,20,20,60,30,OK
2026-04-13,기획/전략,CRM,24,92.26053,71.42857,20,20,20,60,30,OK
2026-04-20,기획/전략,CRM,24,93.37164,60.20408,20,20,20,60,30,OK
2026-04-27,기획/전략,CRM,24,74.17624,65.30612,20,20,20,60,30,OK
2026-05-04,기획/전략,CRM,24,74.36781,65.30612,20,20,20,60,30,OK
2026-05-11,기획/전략,CRM,24,83.2567,60.20408,20,20,20,60,30,OK
2026-05-18,기획/전략,CRM,24,83.5249,54.08163,20,20,20,60,30,OK
2026-05-25,기획/전략,CRM,24,82.22222,52.04081,20,20,20,60,30,OK
2026-06-01,기획/전략,CRM,24,74.78927,85.71428,20,20,20,60,30,OK
2026-06-08,기획/전략,CRM,24,85.47892,82.65306,20,20,20,60,30,OK
2026-06-15,기획/전략,CRM,24,78.19923,53.06122,20,20,20,60,30,OK
2026-06-22,기획/전략,CRM,24,72.22222,71.42857,20,20,20,60,30,OK
2026-06-29,기획/전략,CRM,24,74.40613,57.14285,20,20,20,60,30,OK
2026-07-06,기획/전략,CRM,24,76.85823,71.42857,20,20,20,60,30,OK
2026-07-13,기획/전략,CRM,24,63.60153,45.91836,20,20,20,60,30,OK
2026-07-20,기획/전략,CRM,24,65.21072,51.0204,20,20,20,60,30,OK
2025-12-29,기획/전략,세일즈,21,66.31944,,20,20,20,60,30,OK
2026-01-05,기획/전략,세일즈,21,81.94444,,20,20,20,60,30,OK
2026-01-12,기획/전략,세일즈,21,100.0,,20,20,20,60,30,OK
2026-01-19,기획/전략,세일즈,21,82.8125,,20,20,20,60,30,OK
2026-01-26,기획/전략,세일즈,21,82.63888,,20,20,20,60,30,OK
2026-02-02,기획/전략,세일즈,21,84.54861,,20,20,20,60,30,OK
2026-02-09,기획/전략,세일즈,21,73.78472,,20,20,20,60,30,OK
2026-02-16,기획/전략,세일즈,21,60.41666,,20,20,20,60,30,OK
2026-02-23,기획/전략,세일즈,21,78.81944,,20,20,20,60,30,OK
2026-03-02,기획/전략,세일즈,21,80.20833,,20,20,20,60,30,OK
2026-03-09,기획/전략,세일즈,21,88.36805,,20,20,20,60,30,OK
2026-03-16,기획/전략,세일즈,21,82.46527,,20,20,20,60,30,OK
2026-03-23,기획/전략,세일즈,21,82.11805,,20,20,20,60,30,OK
2026-03-30,기획/전략,세일즈,21,84.375,,20,20,20,60,30,OK
2026-04-06,기획/전략,세일즈,21,76.90972,,20,20,20,60,30,OK
2026-04-13,기획/전략,세일즈,21,82.8125,,20,20,20,60,30,OK
2026-04-20,기획/전략,세일즈,21,83.33333,,20,20,20,60,30,OK
2026-04-27,기획/전략,세일즈,21,61.63194,100.0,20,20,20,60,30,OK
2026-05-04,기획/전략,세일즈,21,58.15972,,20,20,20,60,30,OK
2026-05-11,기획/전략,세일즈,21,67.36111,,20,20,20,60,30,OK
2026-05-18,기획/전략,세일즈,21,61.11111,,20,20,20,60,30,OK
2026-05-25,기획/전략,세일즈,21,57.98611,,20,20,20,60,30,OK
2026-06-01,기획/전략,세일즈,21,57.8125,,20,20,20,60,30,OK
2026-06-08,기획/전략,세일즈,21,57.11805,,20,20,20,60,30,OK
2026-06-15,기획/전략,세일즈,21,60.76388,,20,20,20,60,30,OK
2026-06-22,기획/전략,세일즈,21,62.84722,,20,20,20,60,30,OK
2026-06-29,기획/전략,세일즈,21,58.68055,,20,20,20,60,30,OK
2026-07-06,기획/전략,세일즈,21,71.35416,,20,20,20,60,30,OK
2026-07-13,기획/전략,세일즈,21,60.06944,,20,20,20,60,30,OK
2026-07-20,기획/전략,세일즈,21,59.54861,,20,20,20,60,30,OK
2025-12-29,기획/전략,컴퓨터활용능력,20,88.04736,,20,20,20,60,30,INTENT_EMPTY_RESULT
2026-01-05,기획/전략,컴퓨터활용능력,20,100.0,,20,20,20,60,30,INTENT_EMPTY_RESULT
2026-01-12,기획/전략,컴퓨터활용능력,20,84.49488,,20,20,20,60,30,INTENT_EMPTY_RESULT
2026-01-19,기획/전략,컴퓨터활용능력,20,79.47452,,20,20,20,60,30,INTENT_EMPTY_RESULT
2026-01-26,기획/전략,컴퓨터활용능력,20,75.61366,,20,20,20,60,30,INTENT_EMPTY_RESULT
2026-02-02,기획/전략,컴퓨터활용능력,20,82.76797,,20,20,20,60,30,INTENT_EMPTY_RESULT
2026-02-09,기획/전략,컴퓨터활용능력,20,70.2726,,20,20,20,60,30,INTENT_EMPTY_RESULT
2026-02-16,기획/전략,컴퓨터활용능력,20,56.6424,,20,20,20,60,30,INTENT_EMPTY_RESULT
2026-02-23,기획/전략,컴퓨터활용능력,20,68.36067,,20,20,20,60,30,INTENT_EMPTY_RESULT
2026-03-02,기획/전략,컴퓨터활용능력,20,73.52904,,20,20,20,60,30,INTENT_EMPTY_RESULT
2026-03-09,기획/전략,컴퓨터활용능력,20,70.69199,,20,20,20,60,30,INTENT_EMPTY_RESULT
2026-03-16,기획/전략,컴퓨터활용능력,20,66.49808,,20,20,20,60,30,INTENT_EMPTY_RESULT
2026-03-23,기획/전략,컴퓨터활용능력,20,58.03626,,20,20,20,60,30,INTENT_EMPTY_RESULT
2026-03-30,기획/전략,컴퓨터활용능력,20,54.92784,,20,20,20,60,30,INTENT_EMPTY_RESULT
2026-04-06,기획/전략,컴퓨터활용능력,20,53.20093,,20,20,20,60,30,INTENT_EMPTY_RESULT
2026-04-13,기획/전략,컴퓨터활용능력,20,52.2388,,20,20,20,60,30,INTENT_EMPTY_RESULT
2026-04-20,기획/전략,컴퓨터활용능력,20,48.62464,,20,20,20,60,30,INTENT_EMPTY_RESULT
2026-04-27,기획/전략,컴퓨터활용능력,20,37.44911,,20,20,20,60,30,INTENT_EMPTY_RESULT
2026-05-04,기획/전략,컴퓨터활용능력,20,35.37683,,20,20,20,60,30,INTENT_EMPTY_RESULT
2026-05-11,기획/전략,컴퓨터활용능력,20,40.23683,,20,20,20,60,30,INTENT_EMPTY_RESULT
2026-05-18,기획/전략,컴퓨터활용능력,20,40.47119,,20,20,20,60,30,INTENT_EMPTY_RESULT
2026-05-25,기획/전략,컴퓨터활용능력,20,43.49327,,20,20,20,60,30,INTENT_EMPTY_RESULT
2026-06-01,기획/전략,컴퓨터활용능력,20,41.23596,,20,20,20,60,30,INTENT_EMPTY_RESULT
2026-06-08,기획/전략,컴퓨터활용능력,20,49.30307,,20,20,20,60,30,INTENT_EMPTY_RESULT
2026-06-15,기획/전략,컴퓨터활용능력,20,54.15073,,20,20,20,60,30,INTENT_EMPTY_RESULT
2026-06-22,기획/전략,컴퓨터활용능력,20,65.58529,,20,20,20,60,30,INTENT_EMPTY_RESULT
2026-06-29,기획/전략,컴퓨터활용능력,20,82.75564,,20,20,20,60,30,INTENT_EMPTY_RESULT
2026-07-06,기획/전략,컴퓨터활용능력,20,85.65437,,20,20,20,60,30,INTENT_EMPTY_RESULT
2026-07-13,기획/전략,컴퓨터활용능력,20,80.39965,,20,20,20,60,30,INTENT_EMPTY_RESULT
2026-07-20,기획/전략,컴퓨터활용능력,20,75.42864,,20,20,20,60,30,INTENT_EMPTY_RESULT
,기획/전략,세무/결산,14,,,20,20,20,60,0,BASE_EMPTY_RESULT;INTENT_EMPTY_RESULT
2025-12-29,기획/전략,SQL,13,62.58175,,20,20,20,60,30,INTENT_EMPTY_RESULT
2026-01-05,기획/전략,SQL,13,81.06712,,20,20,20,60,30,INTENT_EMPTY_RESULT
2026-01-12,기획/전략,SQL,13,75.49053,,20,20,20,60,30,INTENT_EMPTY_RESULT
2026-01-19,기획/전략,SQL,13,74.01032,,20,20,20,60,30,INTENT_EMPTY_RESULT
2026-01-26,기획/전략,SQL,13,73.94148,,20,20,20,60,30,INTENT_EMPTY_RESULT
2026-02-02,기획/전략,SQL,13,94.52667,,20,20,20,60,30,INTENT_EMPTY_RESULT
2026-02-09,기획/전략,SQL,13,77.7969,,20,20,20,60,30,INTENT_EMPTY_RESULT
2026-02-16,기획/전략,SQL,13,59.72461,,20,20,20,60,30,INTENT_EMPTY_RESULT
2026-02-23,기획/전략,SQL,13,87.53872,,20,20,20,60,30,INTENT_EMPTY_RESULT
2026-03-02,기획/전략,SQL,13,100.0,,20,20,20,60,30,INTENT_EMPTY_RESULT
2026-03-09,기획/전략,SQL,13,79.55249,,20,20,20,60,30,INTENT_EMPTY_RESULT
2026-03-16,기획/전략,SQL,13,82.99483,,20,20,20,60,30,INTENT_EMPTY_RESULT
2026-03-23,기획/전략,SQL,13,70.67125,,20,20,20,60,30,INTENT_EMPTY_RESULT
2026-03-30,기획/전략,SQL,13,60.48192,,20,20,20,60,30,INTENT_EMPTY_RESULT
2026-04-06,기획/전략,SQL,13,63.27022,,20,20,20,60,30,INTENT_EMPTY_RESULT
2026-04-13,기획/전략,SQL,13,63.51118,,20,20,20,60,30,INTENT_EMPTY_RESULT
2026-04-20,기획/전략,SQL,13,63.75215,,20,20,20,60,30,INTENT_EMPTY_RESULT
2026-04-27,기획/전략,SQL,13,63.44234,,20,20,20,60,30,INTENT_EMPTY_RESULT
2026-05-04,기획/전략,SQL,13,49.53528,,20,20,20,60,30,INTENT_EMPTY_RESULT
2026-05-11,기획/전략,SQL,13,57.38382,,20,20,20,60,30,INTENT_EMPTY_RESULT
2026-05-18,기획/전략,SQL,13,54.45783,,20,20,20,60,30,INTENT_EMPTY_RESULT
2026-05-25,기획/전략,SQL,13,62.99483,,20,20,20,60,30,INTENT_EMPTY_RESULT
2026-06-01,기획/전략,SQL,13,48.46815,,20,20,20,60,30,INTENT_EMPTY_RESULT
2026-06-08,기획/전략,SQL,13,55.83476,,20,20,20,60,30,INTENT_EMPTY_RESULT
2026-06-15,기획/전략,SQL,13,53.01204,,20,20,20,60,30,INTENT_EMPTY_RESULT
2026-06-22,기획/전략,SQL,13,54.21686,,20,20,20,60,30,INTENT_EMPTY_RESULT
2026-06-29,기획/전략,SQL,13,55.5938,,20,20,20,60,30,INTENT_EMPTY_RESULT
2026-07-06,기획/전략,SQL,13,56.31669,,20,20,20,60,30,INTENT_EMPTY_RESULT
2026-07-13,기획/전략,SQL,13,49.81067,,20,20,20,60,30,INTENT_EMPTY_RESULT
2026-07-20,기획/전략,SQL,13,57.48709,,20,20,20,60,30,INTENT_EMPTY_RESULT
2025-12-29,기획/전략,영상,12,80.60091,,20,20,20,60,30,OK
2026-01-05,기획/전략,영상,12,92.16198,60.0,20,20,20,60,30,OK
2026-01-12,기획/전략,영상,12,100.0,48.0,20,20,20,60,30,OK
2026-01-19,기획/전략,영상,12,87.39386,58.0,20,20,20,60,30,OK
2026-01-26,기획/전략,영상,12,84.91182,56.0,20,20,20,60,30,OK
2026-02-02,기획/전략,영상,12,95.62377,100.0,20,20,20,60,30,OK
2026-02-09,기획/전략,영상,12,96.99542,64.0,20,20,20,60,30,OK
2026-02-16,기획/전략,영상,12,78.77204,22.0,20,20,20,60,30,OK
2026-02-23,기획/전략,영상,12,82.56041,42.0,20,20,20,60,30,OK
2026-03-02,기획/전략,영상,12,81.38471,42.0,20,20,20,60,30,OK
2026-03-09,기획/전략,영상,12,90.79033,28.0,20,20,20,60,30,OK
2026-03-16,기획/전략,영상,12,84.8465,30.0,20,20,20,60,30,OK
2026-03-23,기획/전략,영상,12,77.98824,24.0,20,20,20,60,30,OK
2026-03-30,기획/전략,영상,12,76.15937,46.0,20,20,20,60,30,OK
2026-04-06,기획/전략,영상,12,77.53102,14.0,20,20,20,60,30,OK
2026-04-13,기획/전략,영상,12,78.31482,26.0,20,20,20,60,30,OK
2026-04-20,기획/전략,영상,12,78.70672,,20,20,20,60,30,OK
2026-04-27,기획/전략,영상,12,68.97452,10.0,20,20,20,60,30,OK
2026-05-04,기획/전략,영상,12,65.83932,,20,20,20,60,30,OK
2026-05-11,기획/전략,영상,12,71.84846,20.0,20,20,20,60,30,OK
2026-05-18,기획/전략,영상,12,65.3821,10.0,20,20,20,60,30,OK
2026-05-25,기획/전략,영상,12,62.83474,10.0,20,20,20,60,30,OK
2026-06-01,기획/전략,영상,12,63.74918,,20,20,20,60,30,OK
2026-06-08,기획/전략,영상,12,70.99934,,20,20,20,60,30,OK
2026-06-15,기획/전략,영상,12,67.86414,,20,20,20,60,30,OK
2026-06-22,기획/전략,영상,12,60.41802,28.0,20,20,20,60,30,OK
2026-06-29,기획/전략,영상,12,64.85956,60.0,20,20,20,60,30,OK
2026-07-06,기획/전략,영상,12,64.9902,32.0,20,20,20,60,30,OK
2026-07-13,기획/전략,영상,12,57.87067,50.0,20,20,20,60,30,OK
2026-07-20,기획/전략,영상,12,44.74199,26.0,20,20,20,60,30,OK
,기획/전략,BI,12,,,20,20,20,60,0,BASE_EMPTY_RESULT;INTENT_EMPTY_RESULT;AMBIGUOUS_CONTEXT_APPLIED
,인사/노무,인사(HR),1170,,,20,20,20,60,0,BASE_EMPTY_RESULT;INTENT_EMPTY_RESULT
2025-12-29,인사/노무,Excel,523,76.72371,,20,20,20,60,30,INTENT_EMPTY_RESULT
2026-01-05,인사/노무,Excel,523,97.45721,,20,20,20,60,30,INTENT_EMPTY_RESULT
2026-01-12,인사/노무,Excel,523,100.0,,20,20,20,60,30,INTENT_EMPTY_RESULT
2026-01-19,인사/노무,Excel,523,96.96821,,20,20,20,60,30,INTENT_EMPTY_RESULT
2026-01-26,인사/노무,Excel,523,94.37652,,20,20,20,60,30,INTENT_EMPTY_RESULT
2026-02-02,인사/노무,Excel,523,91.19804,,20,20,20,60,30,INTENT_EMPTY_RESULT
2026-02-09,인사/노무,Excel,523,86.16136,,20,20,20,60,30,INTENT_EMPTY_RESULT
2026-02-16,인사/노무,Excel,523,67.33496,,20,20,20,60,30,INTENT_EMPTY_RESULT
2026-02-23,인사/노무,Excel,523,82.15158,,20,20,20,60,30,INTENT_EMPTY_RESULT
2026-03-02,인사/노무,Excel,523,80.39119,,20,20,20,60,30,INTENT_EMPTY_RESULT
2026-03-09,인사/노무,Excel,523,87.04156,,20,20,20,60,30,INTENT_EMPTY_RESULT
2026-03-16,인사/노무,Excel,523,76.62591,,20,20,20,60,30,INTENT_EMPTY_RESULT
2026-03-23,인사/노무,Excel,523,81.12469,,20,20,20,60,30,INTENT_EMPTY_RESULT
2026-03-30,인사/노무,Excel,523,83.08068,,20,20,20,60,30,INTENT_EMPTY_RESULT
2026-04-06,인사/노무,Excel,523,77.31051,,20,20,20,60,30,INTENT_EMPTY_RESULT
2026-04-13,인사/노무,Excel,523,76.47921,,20,20,20,60,30,INTENT_EMPTY_RESULT
2026-04-20,인사/노무,Excel,523,75.35452,,20,20,20,60,30,INTENT_EMPTY_RESULT
2026-04-27,인사/노무,Excel,523,60.97799,,20,20,20,60,30,INTENT_EMPTY_RESULT
2026-05-04,인사/노무,Excel,523,59.511,,20,20,20,60,30,INTENT_EMPTY_RESULT
2026-05-11,인사/노무,Excel,523,61.85819,,20,20,20,60,30,INTENT_EMPTY_RESULT
2026-05-18,인사/노무,Excel,523,62.20048,,20,20,20,60,30,INTENT_EMPTY_RESULT
2026-05-25,인사/노무,Excel,523,64.35207,,20,20,20,60,30,INTENT_EMPTY_RESULT
2026-06-01,인사/노무,Excel,523,86.16136,,20,20,20,60,30,INTENT_EMPTY_RESULT
2026-06-08,인사/노무,Excel,523,96.23471,,20,20,20,60,30,INTENT_EMPTY_RESULT
2026-06-15,인사/노무,Excel,523,81.80929,,20,20,20,60,30,INTENT_EMPTY_RESULT
2026-06-22,인사/노무,Excel,523,79.4132,,20,20,20,60,30,INTENT_EMPTY_RESULT
2026-06-29,인사/노무,Excel,523,68.36185,,20,20,20,60,30,INTENT_EMPTY_RESULT
2026-07-06,인사/노무,Excel,523,69.92665,,20,20,20,60,30,INTENT_EMPTY_RESULT
2026-07-13,인사/노무,Excel,523,64.98777,,20,20,20,60,30,INTENT_EMPTY_RESULT
2026-07-20,인사/노무,Excel,523,53.64303,,20,20,20,60,30,INTENT_EMPTY_RESULT
2025-12-29,인사/노무,ERP,328,70.0192,14.02714,20,20,20,60,30,OK
2026-01-05,인사/노무,ERP,328,100.0,28.95927,20,20,20,60,30,OK
2026-01-12,인사/노무,ERP,328,93.37266,35.29411,20,20,20,60,30,OK
2026-01-19,인사/노무,ERP,328,96.54226,43.8914,20,20,20,60,30,OK
2026-01-26,인사/노무,ERP,328,90.23051,63.34841,20,20,20,60,30,OK
2026-02-02,인사/노무,ERP,328,88.11745,79.638,20,20,20,60,30,OK
2026-02-09,인사/노무,ERP,328,76.86608,100.0,20,20,20,60,30,OK
2026-02-16,인사/노무,ERP,328,48.86114,38.46153,20,20,20,60,30,OK
2026-02-23,인사/노무,ERP,328,84.87925,68.32579,20,20,20,60,30,OK
2026-03-02,인사/노무,ERP,328,84.23435,54.75113,20,20,20,60,30,OK
2026-03-09,인사/노무,ERP,328,88.22722,42.53393,20,20,20,60,30,OK
2026-03-16,인사/노무,ERP,328,84.81064,29.41176,20,20,20,60,30,OK
2026-03-23,인사/노무,ERP,328,87.59604,19.00452,20,20,20,60,30,OK
2026-03-30,인사/노무,ERP,328,83.89132,9.95475,20,20,20,60,30,OK
2026-04-06,인사/노무,ERP,328,83.71295,17.64705,20,20,20,60,30,OK
2026-04-13,인사/노무,ERP,328,81.7371,25.79185,20,20,20,60,30,OK
2026-04-20,인사/노무,ERP,328,75.41163,19.9095,20,20,20,60,30,OK
2026-04-27,인사/노무,ERP,328,68.3315,10.85972,20,20,20,60,30,OK
2026-05-04,인사/노무,ERP,328,65.05214,8.59728,20,20,20,60,30,OK
2026-05-11,인사/노무,ERP,328,72.68111,10.85972,20,20,20,60,30,OK
2026-05-18,인사/노무,ERP,328,71.00713,16.28959,20,20,20,60,30,OK
2026-05-25,인사/노무,ERP,328,69.22338,2.26244,20,20,20,60,30,OK
2026-06-01,인사/노무,ERP,328,61.29253,,20,20,20,60,30,OK
2026-06-08,인사/노무,ERP,328,69.85455,2.26244,20,20,20,60,30,OK
2026-06-15,인사/노무,ERP,328,71.78924,8.59728,20,20,20,60,30,OK
2026-06-22,인사/노무,ERP,328,69.82711,,20,20,20,60,30,OK
2026-06-29,인사/노무,ERP,328,73.17508,2.26244,20,20,20,60,30,OK
2026-07-06,인사/노무,ERP,328,69.53896,7.23981,20,20,20,60,30,OK
2026-07-13,인사/노무,ERP,328,61.08671,11.31221,20,20,20,60,30,OK
2026-07-20,인사/노무,ERP,328,58.24643,10.40723,20,20,20,60,30,OK
,인사/노무,프로젝트관리(PM),219,,,20,20,20,60,0,BASE_EMPTY_RESULT;INTENT_EMPTY_RESULT
,인사/노무,세무/결산,172,,,20,20,20,60,0,BASE_EMPTY_RESULT;INTENT_EMPTY_RESULT
2025-12-29,인사/노무,PPT,167,64.26935,,20,20,20,60,30,INTENT_EMPTY_RESULT
2026-01-05,인사/노무,PPT,167,70.72835,,20,20,20,60,30,INTENT_EMPTY_RESULT
2026-01-12,인사/노무,PPT,167,64.38387,,20,20,20,60,30,INTENT_EMPTY_RESULT
2026-01-19,인사/노무,PPT,167,60.765,,20,20,20,60,30,INTENT_EMPTY_RESULT
2026-01-26,인사/노무,PPT,167,60.51305,,20,20,20,60,30,INTENT_EMPTY_RESULT
2026-02-02,인사/노무,PPT,167,61.63536,,20,20,20,60,30,INTENT_EMPTY_RESULT
2026-02-09,인사/노무,PPT,167,53.38983,,20,20,20,60,30,INTENT_EMPTY_RESULT
2026-02-16,인사/노무,PPT,167,43.81584,,20,20,20,60,30,INTENT_EMPTY_RESULT
2026-02-23,인사/노무,PPT,167,58.29134,,20,20,20,60,30,INTENT_EMPTY_RESULT
2026-03-02,인사/노무,PPT,167,75.69857,,20,20,20,60,30,INTENT_EMPTY_RESULT
2026-03-09,인사/노무,PPT,167,95.48786,,20,20,20,60,30,INTENT_EMPTY_RESULT
2026-03-16,인사/노무,PPT,167,99.45029,,20,20,20,60,30,INTENT_EMPTY_RESULT
2026-03-23,인사/노무,PPT,167,96.47274,,20,20,20,60,30,INTENT_EMPTY_RESULT
2026-03-30,인사/노무,PPT,167,97.43472,,20,20,20,60,30,INTENT_EMPTY_RESULT
2026-04-06,인사/노무,PPT,167,98.44251,,20,20,20,60,30,INTENT_EMPTY_RESULT
2026-04-13,인사/노무,PPT,167,90.19697,,20,20,20,60,30,INTENT_EMPTY_RESULT
2026-04-20,인사/노무,PPT,167,78.88227,,20,20,20,60,30,INTENT_EMPTY_RESULT
2026-04-27,인사/노무,PPT,167,75.2863,,20,20,20,60,30,INTENT_EMPTY_RESULT
2026-05-04,인사/노무,PPT,167,85.82226,,20,20,20,60,30,INTENT_EMPTY_RESULT
2026-05-11,인사/노무,PPT,167,100.0,,20,20,20,60,30,INTENT_EMPTY_RESULT
2026-05-18,인사/노무,PPT,167,93.19743,,20,20,20,60,30,INTENT_EMPTY_RESULT
2026-05-25,인사/노무,PPT,167,87.95235,,20,20,20,60,30,INTENT_EMPTY_RESULT
2026-06-01,인사/노무,PPT,167,83.78378,,20,20,20,60,30,INTENT_EMPTY_RESULT
2026-06-08,인사/노무,PPT,167,83.18827,,20,20,20,60,30,INTENT_EMPTY_RESULT
2026-06-15,인사/노무,PPT,167,66.88043,,20,20,20,60,30,INTENT_EMPTY_RESULT
2026-06-22,인사/노무,PPT,167,53.71049,,20,20,20,60,30,INTENT_EMPTY_RESULT
2026-06-29,인사/노무,PPT,167,53.50435,,20,20,20,60,30,INTENT_EMPTY_RESULT
2026-07-06,인사/노무,PPT,167,66.51397,,20,20,20,60,30,INTENT_EMPTY_RESULT
2026-07-13,인사/노무,PPT,167,58.31424,,20,20,20,60,30,INTENT_EMPTY_RESULT
2026-07-20,인사/노무,PPT,167,38.29592,,20,20,20,60,30,INTENT_EMPTY_RESULT
,인사/노무,영업/세일즈,119,,,20,20,20,60,0,BASE_EMPTY_RESULT;INTENT_EMPTY_RESULT
2025-12-29,인사/노무,컴플라이언스,106,69.68546,71.78423,20,20,20,60,30,OK
2026-01-05,인사/노무,컴플라이언스,106,90.72668,85.47717,20,20,20,60,30,OK
2026-01-12,인사/노무,컴플라이언스,106,85.79175,70.53941,20,20,20,60,30,OK
2026-01-19,인사/노무,컴플라이언스,106,88.66594,74.27385,20,20,20,60,30,OK
2026-01-26,인사/노무,컴플라이언스,106,90.50976,60.99585,20,20,20,60,30,OK
2026-02-02,인사/노무,컴플라이언스,106,100.0,71.78423,20,20,20,60,30,OK
2026-02-09,인사/노무,컴플라이언스,106,79.60954,67.63485,20,20,20,60,30,OK
2026-02-16,인사/노무,컴플라이언스,106,47.12581,32.36514,20,20,20,60,30,OK
2026-02-23,인사/노무,컴플라이언스,106,84.21908,57.26141,20,20,20,60,30,OK
2026-03-02,인사/노무,컴플라이언스,106,70.33622,71.78423,20,20,20,60,30,OK
2026-03-09,인사/노무,컴플라이언스,106,87.25596,79.25311,20,20,20,60,30,OK
2026-03-16,인사/노무,컴플라이언스,106,97.88503,88.38174,20,20,20,60,30,OK
2026-03-23,인사/노무,컴플라이언스,106,90.07592,83.81742,20,20,20,60,30,OK
2026-03-30,인사/노무,컴플라이언스,106,82.15835,93.77593,20,20,20,60,30,OK
2026-04-06,인사/노무,컴플라이언스,106,84.81561,92.11618,20,20,20,60,30,OK
2026-04-13,인사/노무,컴플라이언스,106,90.72668,100.0,20,20,20,60,30,OK
2026-04-20,인사/노무,컴플라이언스,106,96.58351,94.6058,20,20,20,60,30,OK
2026-04-27,인사/노무,컴플라이언스,106,72.34273,75.9336,20,20,20,60,30,OK
2026-05-04,인사/노무,컴플라이언스,106,74.13232,70.53941,20,20,20,60,30,OK
2026-05-11,인사/노무,컴플라이언스,106,79.06724,87.9668,20,20,20,60,30,OK
2026-05-18,인사/노무,컴플라이언스,106,84.38177,78.00829,20,20,20,60,30,OK
2026-05-25,인사/노무,컴플라이언스,106,95.22776,72.6141,20,20,20,60,30,OK
2026-06-01,인사/노무,컴플라이언스,106,76.40997,61.41078,20,20,20,60,30,OK
2026-06-08,인사/노무,컴플라이언스,106,89.96746,69.2946,20,20,20,60,30,OK
2026-06-15,인사/노무,컴플라이언스,106,82.37527,64.31535,20,20,20,60,30,OK
2026-06-22,인사/노무,컴플라이언스,106,77.44034,75.10373,20,20,20,60,30,OK
2026-06-29,인사/노무,컴플라이언스,106,69.63123,66.39004,20,20,20,60,30,OK
2026-07-06,인사/노무,컴플라이언스,106,74.4577,73.85892,20,20,20,60,30,OK
2026-07-13,인사/노무,컴플라이언스,106,72.93926,62.24066,20,20,20,60,30,OK
2026-07-20,인사/노무,컴플라이언스,106,83.24295,80.08298,20,20,20,60,30,OK
2025-12-29,인사/노무,컴퓨터활용능력,84,88.04736,,20,20,20,60,30,INTENT_EMPTY_RESULT
2026-01-05,인사/노무,컴퓨터활용능력,84,100.0,,20,20,20,60,30,INTENT_EMPTY_RESULT
2026-01-12,인사/노무,컴퓨터활용능력,84,84.49488,,20,20,20,60,30,INTENT_EMPTY_RESULT
2026-01-19,인사/노무,컴퓨터활용능력,84,79.47452,,20,20,20,60,30,INTENT_EMPTY_RESULT
2026-01-26,인사/노무,컴퓨터활용능력,84,75.61366,,20,20,20,60,30,INTENT_EMPTY_RESULT
2026-02-02,인사/노무,컴퓨터활용능력,84,82.76797,,20,20,20,60,30,INTENT_EMPTY_RESULT
2026-02-09,인사/노무,컴퓨터활용능력,84,70.2726,,20,20,20,60,30,INTENT_EMPTY_RESULT
2026-02-16,인사/노무,컴퓨터활용능력,84,56.6424,,20,20,20,60,30,INTENT_EMPTY_RESULT
2026-02-23,인사/노무,컴퓨터활용능력,84,68.36067,,20,20,20,60,30,INTENT_EMPTY_RESULT
2026-03-02,인사/노무,컴퓨터활용능력,84,73.52904,,20,20,20,60,30,INTENT_EMPTY_RESULT
2026-03-09,인사/노무,컴퓨터활용능력,84,70.69199,,20,20,20,60,30,INTENT_EMPTY_RESULT
2026-03-16,인사/노무,컴퓨터활용능력,84,66.49808,,20,20,20,60,30,INTENT_EMPTY_RESULT
2026-03-23,인사/노무,컴퓨터활용능력,84,58.03626,,20,20,20,60,30,INTENT_EMPTY_RESULT
2026-03-30,인사/노무,컴퓨터활용능력,84,54.92784,,20,20,20,60,30,INTENT_EMPTY_RESULT
2026-04-06,인사/노무,컴퓨터활용능력,84,53.20093,,20,20,20,60,30,INTENT_EMPTY_RESULT
2026-04-13,인사/노무,컴퓨터활용능력,84,52.2388,,20,20,20,60,30,INTENT_EMPTY_RESULT
2026-04-20,인사/노무,컴퓨터활용능력,84,48.62464,,20,20,20,60,30,INTENT_EMPTY_RESULT
2026-04-27,인사/노무,컴퓨터활용능력,84,37.44911,,20,20,20,60,30,INTENT_EMPTY_RESULT
2026-05-04,인사/노무,컴퓨터활용능력,84,35.37683,,20,20,20,60,30,INTENT_EMPTY_RESULT
2026-05-11,인사/노무,컴퓨터활용능력,84,40.23683,,20,20,20,60,30,INTENT_EMPTY_RESULT
2026-05-18,인사/노무,컴퓨터활용능력,84,40.47119,,20,20,20,60,30,INTENT_EMPTY_RESULT
2026-05-25,인사/노무,컴퓨터활용능력,84,43.49327,,20,20,20,60,30,INTENT_EMPTY_RESULT
2026-06-01,인사/노무,컴퓨터활용능력,84,41.23596,,20,20,20,60,30,INTENT_EMPTY_RESULT
2026-06-08,인사/노무,컴퓨터활용능력,84,49.30307,,20,20,20,60,30,INTENT_EMPTY_RESULT
2026-06-15,인사/노무,컴퓨터활용능력,84,54.15073,,20,20,20,60,30,INTENT_EMPTY_RESULT
2026-06-22,인사/노무,컴퓨터활용능력,84,65.58529,,20,20,20,60,30,INTENT_EMPTY_RESULT
2026-06-29,인사/노무,컴퓨터활용능력,84,82.75564,,20,20,20,60,30,INTENT_EMPTY_RESULT
2026-07-06,인사/노무,컴퓨터활용능력,84,85.65437,,20,20,20,60,30,INTENT_EMPTY_RESULT
2026-07-13,인사/노무,컴퓨터활용능력,84,80.39965,,20,20,20,60,30,INTENT_EMPTY_RESULT
2026-07-20,인사/노무,컴퓨터활용능력,84,75.42864,,20,20,20,60,30,INTENT_EMPTY_RESULT
2025-12-29,인사/노무,세무,81,83.63988,37.43315,20,20,20,60,30,OK
2026-01-05,인사/노무,세무,81,91.86834,36.89839,20,20,20,60,30,OK
2026-01-12,인사/노무,세무,81,100.0,49.73262,20,20,20,60,30,OK
2026-01-19,인사/노무,세무,81,97.96708,34.75935,20,20,20,60,30,OK
2026-01-26,인사/노무,세무,81,90.12584,41.17647,20,20,20,60,30,OK
2026-02-02,인사/노무,세무,81,82.09099,54.01069,20,20,20,60,30,OK
2026-02-09,인사/노무,세무,81,83.05905,51.33689,20,20,20,60,30,OK
2026-02-16,인사/노무,세무,81,66.1181,41.17647,20,20,20,60,30,OK
2026-02-23,인사/노무,세무,81,84.12391,39.57219,20,20,20,60,30,OK
2026-03-02,인사/노무,세무,81,81.89738,26.2032,20,20,20,60,30,OK
2026-03-09,인사/노무,세무,81,80.15488,23.52941,20,20,20,60,30,OK
2026-03-16,인사/노무,세무,81,84.0271,29.41176,20,20,20,60,30,OK
2026-03-23,인사/노무,세무,81,84.41432,16.57754,20,20,20,60,30,OK
2026-03-30,인사/노무,세무,81,82.09099,25.66844,20,20,20,60,30,OK
2026-04-06,인사/노무,세무,81,78.21878,24.59893,20,20,20,60,30,OK
2026-04-13,인사/노무,세무,81,66.98935,60.96256,20,20,20,60,30,OK
2026-04-20,인사/노무,세무,81,67.8606,74.86631,20,20,20,60,30,OK
2026-04-27,인사/노무,세무,81,59.0513,56.14973,20,20,20,60,30,OK
2026-05-04,인사/노무,세무,81,68.44143,67.91443,20,20,20,60,30,OK
2026-05-11,인사/노무,세무,81,73.3785,62.03208,20,20,20,60,30,OK
2026-05-18,인사/노무,세무,81,66.89254,60.96256,20,20,20,60,30,OK
2026-05-25,인사/노무,세무,81,65.92449,44.38502,20,20,20,60,30,OK
2026-06-01,인사/노무,세무,81,57.59922,60.4278,20,20,20,60,30,OK
2026-06-08,인사/노무,세무,81,51.8877,81.81818,20,20,20,60,30,OK
2026-06-15,인사/노무,세무,81,50.1452,94.6524,20,20,20,60,30,OK
2026-06-22,인사/노무,세무,81,50.53242,86.09625,20,20,20,60,30,OK
2026-06-29,인사/노무,세무,81,54.69506,100.0,20,20,20,60,30,OK
2026-07-06,인사/노무,세무,81,49.95159,61.49732,20,20,20,60,30,OK
2026-07-13,인사/노무,세무,81,46.75701,69.51871,20,20,20,60,30,OK
2026-07-20,인사/노무,세무,81,42.9816,56.68449,20,20,20,60,30,OK
2025-12-29,인사/노무,더존,76,51.01779,,20,20,20,60,30,OK
2026-01-05,인사/노무,더존,76,100.0,78.94736,20,20,20,60,30,OK
2026-01-12,인사/노무,더존,76,59.4306,100.0,20,20,20,60,30,OK
2026-01-19,인사/노무,더존,76,80.35587,71.05263,20,20,20,60,30,OK
2026-01-26,인사/노무,더존,76,70.56227,,20,20,20,60,30,OK
2026-02-02,인사/노무,더존,76,58.26334,13.15789,20,20,20,60,30,OK
2026-02-09,인사/노무,더존,76,46.66192,13.15789,20,20,20,60,30,OK
2026-02-16,인사/노무,더존,76,33.65124,13.15789,20,20,20,60,30,OK
2026-02-23,인사/노무,더존,76,76.05693,13.15789,20,20,20,60,30,OK
2026-03-02,인사/노무,더존,76,45.08185,26.31578,20,20,20,60,30,OK
2026-03-09,인사/노무,더존,76,48.81138,65.78947,20,20,20,60,30,OK
2026-03-16,인사/노무,더존,76,45.28113,65.78947,20,20,20,60,30,OK
2026-03-23,인사/노무,더존,76,43.85765,18.42105,20,20,20,60,30,OK
2026-03-30,인사/노무,더존,76,44.27046,28.94736,20,20,20,60,30,OK
2026-04-06,인사/노무,더존,76,43.41637,36.8421,20,20,20,60,30,OK
2026-04-13,인사/노무,더존,76,41.09608,57.89473,20,20,20,60,30,OK
2026-04-20,인사/노무,더존,76,64.92526,89.47368,20,20,20,60,30,OK
2026-04-27,인사/노무,더존,76,33.69395,47.36842,20,20,20,60,30,OK
2026-05-04,인사/노무,더존,76,32.29893,28.94736,20,20,20,60,30,OK
2026-05-11,인사/노무,더존,76,37.5943,60.52631,20,20,20,60,30,OK
2026-05-18,인사/노무,더존,76,35.18861,52.63157,20,20,20,60,30,OK
2026-05-25,인사/노무,더존,76,30.2064,76.31578,20,20,20,60,30,OK
2026-06-01,인사/노무,더존,76,28.64056,,20,20,20,60,30,OK
2026-06-08,인사/노무,더존,76,32.01423,,20,20,20,60,30,OK
2026-06-15,인사/노무,더존,76,33.5516,68.42105,20,20,20,60,30,OK
2026-06-22,인사/노무,더존,76,33.28113,47.36842,20,20,20,60,30,OK
2026-06-29,인사/노무,더존,76,33.11032,34.21052,20,20,20,60,30,OK
2026-07-06,인사/노무,더존,76,38.19217,73.68421,20,20,20,60,30,OK
2026-07-13,인사/노무,더존,76,29.70818,26.31578,20,20,20,60,30,OK
2026-07-20,인사/노무,더존,76,30.04982,34.21052,20,20,20,60,30,OK
2025-12-29,인사/노무,HRD,52,81.90399,68.06451,20,20,20,60,30,OK
2026-01-05,인사/노무,HRD,52,100.0,84.08602,20,20,20,60,30,OK
2026-01-12,인사/노무,HRD,52,89.23478,83.33333,20,20,20,60,30,OK
2026-01-19,인사/노무,HRD,52,86.66398,80.32258,20,20,20,60,30,OK
2026-01-26,인사/노무,HRD,52,84.7158,81.39784,20,20,20,60,30,OK
2026-02-02,인사/노무,HRD,52,83.99276,98.49462,20,20,20,60,30,OK
2026-02-09,인사/노무,HRD,52,71.15886,97.52688,20,20,20,60,30,OK
2026-02-16,인사/노무,HRD,52,57.26049,59.89247,20,20,20,60,30,OK
2026-02-23,인사/노무,HRD,52,78.12813,91.39784,20,20,20,60,30,OK
2026-03-02,인사/노무,HRD,52,78.4294,81.72043,20,20,20,60,30,OK
2026-03-09,인사/노무,HRD,52,83.71158,100.0,20,20,20,60,30,OK
2026-03-16,인사/노무,HRD,52,79.21269,99.35483,20,20,20,60,30,OK
2026-03-23,인사/노무,HRD,52,76.09961,93.87096,20,20,20,60,30,OK
2026-03-30,인사/노무,HRD,52,71.19903,91.29032,20,20,20,60,30,OK
2026-04-06,인사/노무,HRD,52,73.76983,86.98924,20,20,20,60,30,OK
2026-04-13,인사/노무,HRD,52,69.5722,77.31182,20,20,20,60,30,OK
2026-04-20,인사/노무,HRD,52,67.78469,79.13978,20,20,20,60,30,OK
2026-04-27,인사/노무,HRD,52,56.69813,72.15053,20,20,20,60,30,OK
2026-05-04,인사/노무,HRD,52,56.01526,68.49462,20,20,20,60,30,OK
2026-05-11,인사/노무,HRD,52,62.62301,84.73118,20,20,20,60,30,OK
2026-05-18,인사/노무,HRD,52,61.59871,83.54838,20,20,20,60,30,OK
2026-05-25,인사/노무,HRD,52,56.15585,71.18279,20,20,20,60,30,OK
2026-06-01,인사/노무,HRD,52,51.71721,68.8172,20,20,20,60,30,OK
2026-06-08,인사/노무,HRD,52,57.30066,76.88172,20,20,20,60,30,OK
2026-06-15,인사/노무,HRD,52,56.51737,77.31182,20,20,20,60,30,OK
2026-06-22,인사/노무,HRD,52,57.7626,80.86021,20,20,20,60,30,OK
2026-06-29,인사/노무,HRD,52,54.99096,63.44086,20,20,20,60,30,OK
2026-07-06,인사/노무,HRD,52,52.94235,70.86021,20,20,20,60,30,OK
2026-07-13,인사/노무,HRD,52,47.17814,67.6344,20,20,20,60,30,OK
2026-07-20,인사/노무,HRD,52,43.20144,58.49462,20,20,20,60,30,OK
2025-12-29,인사/노무,콘텐츠,45,88.31332,47.67441,20,20,20,60,30,OK
2026-01-05,인사/노무,콘텐츠,45,98.86291,76.74418,20,20,20,60,30,OK
2026-01-12,인사/노무,콘텐츠,45,93.87239,100.0,20,20,20,60,30,OK
2026-01-19,인사/노무,콘텐츠,45,93.11433,66.27906,20,20,20,60,30,OK
2026-01-26,인사/노무,콘텐츠,45,89.95578,65.11627,20,20,20,60,30,OK
2026-02-02,인사/노무,콘텐츠,45,80.66961,44.18604,20,20,20,60,30,OK
2026-02-09,인사/노무,콘텐츠,45,77.25837,51.16279,20,20,20,60,30,OK
2026-02-16,인사/노무,콘텐츠,45,64.62413,52.32558,20,20,20,60,30,OK
2026-02-23,인사/노무,콘텐츠,45,76.87934,63.95348,20,20,20,60,30,OK
2026-03-02,인사/노무,콘텐츠,45,87.42893,60.46511,20,20,20,60,30,OK
2026-03-09,인사/노무,콘텐츠,45,100.0,89.53488,20,20,20,60,30,OK
2026-03-16,인사/노무,콘텐츠,45,94.88313,93.02325,20,20,20,60,30,OK
2026-03-23,인사/노무,콘텐츠,45,84.58622,75.58139,20,20,20,60,30,OK
2026-03-30,인사/노무,콘텐츠,45,89.45041,72.09302,20,20,20,60,30,OK
2026-04-06,인사/노무,콘텐츠,45,83.44914,80.23255,20,20,20,60,30,OK
2026-04-13,인사/노무,콘텐츠,45,79.46936,65.11627,20,20,20,60,30,OK
2026-04-20,인사/노무,콘텐츠,45,76.94251,62.79069,20,20,20,60,30,OK
2026-04-27,인사/노무,콘텐츠,45,69.29879,47.67441,20,20,20,60,30,OK
2026-05-04,인사/노무,콘텐츠,45,65.50852,65.11627,20,20,20,60,30,OK
2026-05-11,인사/노무,콘텐츠,45,72.96272,70.93023,20,20,20,60,30,OK
2026-05-18,인사/노무,콘텐츠,45,74.41566,50.0,20,20,20,60,30,OK
2026-05-25,인사/노무,콘텐츠,45,66.58243,45.34883,20,20,20,60,30,OK
2026-06-01,인사/노무,콘텐츠,45,69.36197,53.48837,20,20,20,60,30,OK
2026-06-08,인사/노무,콘텐츠,45,74.60518,76.74418,20,20,20,60,30,OK
2026-06-15,인사/노무,콘텐츠,45,69.55148,51.16279,20,20,20,60,30,OK
2026-06-22,인사/노무,콘텐츠,45,66.01389,62.79069,20,20,20,60,30,OK
2026-06-29,인사/노무,콘텐츠,45,67.46683,89.53488,20,20,20,60,30,OK
2026-07-06,인사/노무,콘텐츠,45,69.10928,38.37209,20,20,20,60,30,OK
2026-07-13,인사/노무,콘텐츠,45,62.03411,51.16279,20,20,20,60,30,OK
2026-07-20,인사/노무,콘텐츠,45,53.19014,63.95348,20,20,20,60,30,OK
2025-12-29,인사/노무,노무사,44,94.39394,69.41015,20,20,20,60,30,OK
2026-01-05,인사/노무,노무사,44,100.0,99.72565,20,20,20,60,30,OK
2026-01-12,인사/노무,노무사,44,89.48865,98.07956,20,20,20,60,30,OK
2026-01-19,인사/노무,노무사,44,87.26843,93.41563,20,20,20,60,30,OK
2026-01-26,인사/노무,노무사,44,86.97009,97.94238,20,20,20,60,30,OK
2026-02-02,인사/노무,노무사,44,76.43793,96.43347,20,20,20,60,30,OK
2026-02-09,인사/노무,노무사,44,71.56733,94.51303,20,20,20,60,30,OK
2026-02-16,인사/노무,노무사,44,58.61375,60.49382,20,20,20,60,30,OK
2026-02-23,인사/노무,노무사,44,67.6542,81.893,20,20,20,60,30,OK
2026-03-02,인사/노무,노무사,44,92.93693,78.1893,20,20,20,60,30,OK
2026-03-09,인사/노무,노무사,44,65.73232,89.02606,20,20,20,60,30,OK
2026-03-16,인사/노무,노무사,44,66.91875,94.37585,20,20,20,60,30,OK
2026-03-23,인사/노무,노무사,44,65.21889,100.0,20,20,20,60,30,OK
2026-03-30,인사/노무,노무사,44,72.13626,99.72565,20,20,20,60,30,OK
2026-04-06,인사/노무,노무사,44,61.36127,90.26063,20,20,20,60,30,OK
2026-04-13,인사/노무,노무사,44,59.37001,83.81344,20,20,20,60,30,OK
2026-04-20,인사/노무,노무사,44,59.73079,75.85733,20,20,20,60,30,OK
2026-04-27,인사/노무,노무사,44,54.69367,66.11796,20,20,20,60,30,OK
2026-05-04,인사/노무,노무사,44,54.04842,59.67078,20,20,20,60,30,OK
2026-05-11,인사/노무,노무사,44,57.31631,80.65843,20,20,20,60,30,OK
2026-05-18,인사/노무,노무사,44,72.83702,77.50342,20,20,20,60,30,OK
2026-05-25,인사/노무,노무사,44,57.38569,65.70644,20,20,20,60,30,OK
2026-06-01,인사/노무,노무사,44,49.44147,60.21947,20,20,20,60,30,OK
2026-06-08,인사/노무,노무사,44,54.208,76.26886,20,20,20,60,30,OK
2026-06-15,인사/노무,노무사,44,50.3365,68.72427,20,20,20,60,30,OK
2026-06-22,인사/노무,노무사,44,57.33712,63.10013,20,20,20,60,30,OK
2026-06-29,인사/노무,노무사,44,57.50364,63.10013,20,20,20,60,30,OK
2026-07-06,인사/노무,노무사,44,54.92263,60.0823,20,20,20,60,30,OK
2026-07-13,인사/노무,노무사,44,49.96877,58.98491,20,20,20,60,30,OK
2026-07-20,인사/노무,노무사,44,42.11475,71.19341,20,20,20,60,30,OK
2025-12-29,인사/노무,준법,43,56.32653,100.0,20,20,20,60,30,OK
2026-01-05,인사/노무,준법,43,76.32653,88.88888,20,20,20,60,30,OK
2026-01-12,인사/노무,준법,43,66.93877,62.96296,20,20,20,60,30,OK
2026-01-19,인사/노무,준법,43,61.22448,29.62962,20,20,20,60,30,OK
2026-01-26,인사/노무,준법,43,59.59183,37.03703,20,20,20,60,30,OK
2026-02-02,인사/노무,준법,43,62.44897,44.44444,20,20,20,60,30,OK
2026-02-09,인사/노무,준법,43,56.32653,20.37037,20,20,20,60,30,OK
2026-02-16,인사/노무,준법,43,40.40816,,20,20,20,60,30,OK
2026-02-23,인사/노무,준법,43,57.55102,11.11111,20,20,20,60,30,OK
2026-03-02,인사/노무,준법,43,52.24489,22.22222,20,20,20,60,30,OK
2026-03-09,인사/노무,준법,43,68.16326,18.51851,20,20,20,60,30,OK
2026-03-16,인사/노무,준법,43,66.53061,9.25925,20,20,20,60,30,OK
2026-03-23,인사/노무,준법,43,71.42857,,20,20,20,60,30,OK
2026-03-30,인사/노무,준법,43,69.38775,,20,20,20,60,30,OK
2026-04-06,인사/노무,준법,43,71.42857,35.18518,20,20,20,60,30,OK
2026-04-13,인사/노무,준법,43,79.18367,35.18518,20,20,20,60,30,OK
2026-04-20,인사/노무,준법,43,76.73469,11.11111,20,20,20,60,30,OK
2026-04-27,인사/노무,준법,43,45.71428,22.22222,20,20,20,60,30,OK
2026-05-04,인사/노무,준법,43,59.18367,18.51851,20,20,20,60,30,OK
2026-05-11,인사/노무,준법,43,54.69387,,20,20,20,60,30,OK
2026-05-18,인사/노무,준법,43,62.44897,22.22222,20,20,20,60,30,OK
2026-05-25,인사/노무,준법,43,66.12244,29.62962,20,20,20,60,30,OK
2026-06-01,인사/노무,준법,43,80.40816,31.48148,20,20,20,60,30,OK
2026-06-08,인사/노무,준법,43,100.0,20.37037,20,20,20,60,30,OK
2026-06-15,인사/노무,준법,43,80.81632,57.4074,20,20,20,60,30,OK
2026-06-22,인사/노무,준법,43,91.0204,11.11111,20,20,20,60,30,OK
2026-06-29,인사/노무,준법,43,100.0,22.22222,20,20,20,60,30,OK
2026-07-06,인사/노무,준법,43,46.93877,59.25925,20,20,20,60,30,OK
2026-07-13,인사/노무,준법,43,50.20408,24.07407,20,20,20,60,30,OK
2026-07-20,인사/노무,준법,43,53.46938,29.62962,20,20,20,60,30,OK
2025-12-29,인사/노무,브랜드,37,73.37334,,20,20,20,60,30,INTENT_EMPTY_RESULT
2026-01-05,인사/노무,브랜드,37,79.43777,,20,20,20,60,30,INTENT_EMPTY_RESULT
2026-01-12,인사/노무,브랜드,37,80.32217,,20,20,20,60,30,INTENT_EMPTY_RESULT
2026-01-19,인사/노무,브랜드,37,89.00821,,20,20,20,60,30,INTENT_EMPTY_RESULT
2026-01-26,인사/노무,브랜드,37,89.86102,,20,20,20,60,30,INTENT_EMPTY_RESULT
2026-02-02,인사/노무,브랜드,37,78.33228,,20,20,20,60,30,INTENT_EMPTY_RESULT
2026-02-09,인사/노무,브랜드,37,69.96209,,20,20,20,60,30,INTENT_EMPTY_RESULT
2026-02-16,인사/노무,브랜드,37,67.94061,,20,20,20,60,30,INTENT_EMPTY_RESULT
2026-02-23,인사/노무,브랜드,37,76.0897,,20,20,20,60,30,INTENT_EMPTY_RESULT
2026-03-02,인사/노무,브랜드,37,84.68098,,20,20,20,60,30,INTENT_EMPTY_RESULT
2026-03-09,인사/노무,브랜드,37,100.0,,20,20,20,60,30,INTENT_EMPTY_RESULT
2026-03-16,인사/노무,브랜드,37,93.17751,,20,20,20,60,30,INTENT_EMPTY_RESULT
2026-03-23,인사/노무,브랜드,37,83.3228,,20,20,20,60,30,INTENT_EMPTY_RESULT
2026-03-30,인사/노무,브랜드,37,85.43903,,20,20,20,60,30,INTENT_EMPTY_RESULT
2026-04-06,인사/노무,브랜드,37,83.63866,,20,20,20,60,30,INTENT_EMPTY_RESULT
2026-04-13,인사/노무,브랜드,37,85.37586,,20,20,20,60,30,INTENT_EMPTY_RESULT
2026-04-20,인사/노무,브랜드,37,75.80543,,20,20,20,60,30,INTENT_EMPTY_RESULT
2026-04-27,인사/노무,브랜드,37,71.79406,,20,20,20,60,30,INTENT_EMPTY_RESULT
2026-05-04,인사/노무,브랜드,37,80.82754,,20,20,20,60,30,INTENT_EMPTY_RESULT
2026-05-11,인사/노무,브랜드,37,84.33354,,20,20,20,60,30,INTENT_EMPTY_RESULT
2026-05-18,인사/노무,브랜드,37,76.94251,,20,20,20,60,30,INTENT_EMPTY_RESULT
2026-05-25,인사/노무,브랜드,37,72.3626,,20,20,20,60,30,INTENT_EMPTY_RESULT
2026-06-01,인사/노무,브랜드,37,66.61402,,20,20,20,60,30,INTENT_EMPTY_RESULT
2026-06-08,인사/노무,브랜드,37,65.41377,,20,20,20,60,30,INTENT_EMPTY_RESULT
2026-06-15,인사/노무,브랜드,37,62.00252,,20,20,20,60,30,INTENT_EMPTY_RESULT
2026-06-22,인사/노무,브랜드,37,56.69614,,20,20,20,60,30,INTENT_EMPTY_RESULT
2026-06-29,인사/노무,브랜드,37,57.73847,,20,20,20,60,30,INTENT_EMPTY_RESULT
2026-07-06,인사/노무,브랜드,37,62.47631,,20,20,20,60,30,INTENT_EMPTY_RESULT
2026-07-13,인사/노무,브랜드,37,64.18193,,20,20,20,60,30,INTENT_EMPTY_RESULT
2026-07-20,인사/노무,브랜드,37,49.21036,,20,20,20,60,30,INTENT_EMPTY_RESULT
2025-12-29,인사/노무,법무,35,83.58208,81.91881,20,20,20,60,30,OK
2026-01-05,인사/노무,법무,35,91.79104,100.0,20,20,20,60,30,OK
2026-01-12,인사/노무,법무,35,82.08955,75.27675,20,20,20,60,30,OK
2026-01-19,인사/노무,법무,35,91.04477,85.97785,20,20,20,60,30,OK
2026-01-26,인사/노무,법무,35,87.31343,79.70479,20,20,20,60,30,OK
2026-02-02,인사/노무,법무,35,75.37313,69.37269,20,20,20,60,30,OK
2026-02-09,인사/노무,법무,35,83.58208,54.61254,20,20,20,60,30,OK
2026-02-16,인사/노무,법무,35,61.19402,41.32841,20,20,20,60,30,OK
2026-02-23,인사/노무,법무,35,82.08955,66.78966,20,20,20,60,30,OK
2026-03-02,인사/노무,법무,35,66.41791,59.04059,20,20,20,60,30,OK
2026-03-09,인사/노무,법무,35,77.61194,66.05166,20,20,20,60,30,OK
2026-03-16,인사/노무,법무,35,89.55223,71.95571,20,20,20,60,30,OK
2026-03-23,인사/노무,법무,35,95.52238,72.32472,20,20,20,60,30,OK
2026-03-30,인사/노무,법무,35,74.62686,85.23985,20,20,20,60,30,OK
2026-04-06,인사/노무,법무,35,80.59701,67.52767,20,20,20,60,30,OK
2026-04-13,인사/노무,법무,35,100.0,59.77859,20,20,20,60,30,OK
2026-04-20,인사/노무,법무,35,82.08955,63.46863,20,20,20,60,30,OK
2026-04-27,인사/노무,법무,35,55.22388,45.38745,20,20,20,60,30,OK
2026-05-04,인사/노무,법무,35,60.44776,48.33948,20,20,20,60,30,OK
2026-05-11,인사/노무,법무,35,68.65671,57.93357,20,20,20,60,30,OK
2026-05-18,인사/노무,법무,35,77.61194,62.36162,20,20,20,60,30,OK
2026-05-25,인사/노무,법무,35,53.73134,57.19557,20,20,20,60,30,OK
2026-06-01,인사/노무,법무,35,58.20895,59.77859,20,20,20,60,30,OK
2026-06-08,인사/노무,법무,35,70.14925,73.43173,20,20,20,60,30,OK
2026-06-15,인사/노무,법무,35,68.65671,91.14391,20,20,20,60,30,OK
2026-06-22,인사/노무,법무,35,73.88059,70.4797,20,20,20,60,30,OK
2026-06-29,인사/노무,법무,35,63.43283,74.53874,20,20,20,60,30,OK
2026-07-06,인사/노무,법무,35,57.46268,64.94464,20,20,20,60,30,OK
2026-07-13,인사/노무,법무,35,66.41791,60.8856,20,20,20,60,30,OK
2026-07-20,인사/노무,법무,35,64.92537,69.00369,20,20,20,60,30,OK
2025-12-29,인사/노무,디자인,30,61.96518,57.29166,20,20,20,60,30,OK
2026-01-05,인사/노무,디자인,30,72.82384,72.56944,20,20,20,60,30,OK
2026-01-12,인사/노무,디자인,30,74.56476,94.44444,20,20,20,60,30,OK
2026-01-19,인사/노무,디자인,30,73.35497,80.55555,20,20,20,60,30,OK
2026-01-26,인사/노무,디자인,30,69.96164,77.43055,20,20,20,60,30,OK
2026-02-02,인사/노무,디자인,30,71.76158,79.51388,20,20,20,60,30,OK
2026-02-09,인사/노무,디자인,30,66.33225,92.36111,20,20,20,60,30,OK
2026-02-16,인사/노무,디자인,30,48.00826,56.94444,20,20,20,60,30,OK
2026-02-23,인사/노무,디자인,30,71.28946,91.66666,20,20,20,60,30,OK
2026-03-02,인사/노무,디자인,30,79.84656,100.0,20,20,20,60,30,OK
2026-03-09,인사/노무,디자인,30,100.0,98.26388,20,20,20,60,30,OK
2026-03-16,인사/노무,디자인,30,84.83328,84.02777,20,20,20,60,30,OK
2026-03-23,인사/노무,디자인,30,79.25641,62.84722,20,20,20,60,30,OK
2026-03-30,인사/노무,디자인,30,75.80407,68.05555,20,20,20,60,30,OK
2026-04-06,인사/노무,디자인,30,79.1974,61.80555,20,20,20,60,30,OK
2026-04-13,인사/노무,디자인,30,70.6403,69.79166,20,20,20,60,30,OK
2026-04-20,인사/노무,디자인,30,65.29949,54.16666,20,20,20,60,30,OK
2026-04-27,인사/노무,디자인,30,62.17173,44.79166,20,20,20,60,30,OK
2026-05-04,인사/노무,디자인,30,62.93892,53.47222,20,20,20,60,30,OK
2026-05-11,인사/노무,디자인,30,68.92888,61.11111,20,20,20,60,30,OK
2026-05-18,인사/노무,디자인,30,68.30923,49.30555,20,20,20,60,30,OK
2026-05-25,인사/노무,디자인,30,64.0897,41.66666,20,20,20,60,30,OK
2026-06-01,인사/노무,디자인,30,62.85039,41.31944,20,20,20,60,30,OK
2026-06-08,인사/노무,디자인,30,67.54204,54.51388,20,20,20,60,30,OK
2026-06-15,인사/노무,디자인,30,63.17497,55.55555,20,20,20,60,30,OK
2026-06-22,인사/노무,디자인,30,56.03422,47.91666,20,20,20,60,30,OK
2026-06-29,인사/노무,디자인,30,57.12599,45.48611,20,20,20,60,30,OK
2026-07-06,인사/노무,디자인,30,67.51254,43.05555,20,20,20,60,30,OK
2026-07-13,인사/노무,디자인,30,53.37857,32.63888,20,20,20,60,30,OK
2026-07-20,인사/노무,디자인,30,45.47064,36.11111,20,20,20,60,30,OK
,인사/노무,자금,30,,,20,20,20,60,0,BASE_EMPTY_RESULT;INTENT_EMPTY_RESULT;AMBIGUOUS_CONTEXT_APPLIED
,인사/노무,리스크,28,,,20,20,20,60,0,BASE_EMPTY_RESULT;INTENT_EMPTY_RESULT;AMBIGUOUS_CONTEXT_APPLIED
,회계/재무,세무/결산,845,,,20,20,20,60,0,BASE_EMPTY_RESULT;INTENT_EMPTY_RESULT
2025-12-29,회계/재무,ERP,738,70.0192,14.02714,20,20,20,60,30,OK
2026-01-05,회계/재무,ERP,738,100.0,28.95927,20,20,20,60,30,OK
2026-01-12,회계/재무,ERP,738,93.37266,35.29411,20,20,20,60,30,OK
2026-01-19,회계/재무,ERP,738,96.54226,43.8914,20,20,20,60,30,OK
2026-01-26,회계/재무,ERP,738,90.23051,63.34841,20,20,20,60,30,OK
2026-02-02,회계/재무,ERP,738,88.11745,79.638,20,20,20,60,30,OK
2026-02-09,회계/재무,ERP,738,76.86608,100.0,20,20,20,60,30,OK
2026-02-16,회계/재무,ERP,738,48.86114,38.46153,20,20,20,60,30,OK
2026-02-23,회계/재무,ERP,738,84.87925,68.32579,20,20,20,60,30,OK
2026-03-02,회계/재무,ERP,738,84.23435,54.75113,20,20,20,60,30,OK
2026-03-09,회계/재무,ERP,738,88.22722,42.53393,20,20,20,60,30,OK
2026-03-16,회계/재무,ERP,738,84.81064,29.41176,20,20,20,60,30,OK
2026-03-23,회계/재무,ERP,738,87.59604,19.00452,20,20,20,60,30,OK
2026-03-30,회계/재무,ERP,738,83.89132,9.95475,20,20,20,60,30,OK
2026-04-06,회계/재무,ERP,738,83.71295,17.64705,20,20,20,60,30,OK
2026-04-13,회계/재무,ERP,738,81.7371,25.79185,20,20,20,60,30,OK
2026-04-20,회계/재무,ERP,738,75.41163,19.9095,20,20,20,60,30,OK
2026-04-27,회계/재무,ERP,738,68.3315,10.85972,20,20,20,60,30,OK
2026-05-04,회계/재무,ERP,738,65.05214,8.59728,20,20,20,60,30,OK
2026-05-11,회계/재무,ERP,738,72.68111,10.85972,20,20,20,60,30,OK
2026-05-18,회계/재무,ERP,738,71.00713,16.28959,20,20,20,60,30,OK
2026-05-25,회계/재무,ERP,738,69.22338,2.26244,20,20,20,60,30,OK
2026-06-01,회계/재무,ERP,738,61.29253,,20,20,20,60,30,OK
2026-06-08,회계/재무,ERP,738,69.85455,2.26244,20,20,20,60,30,OK
2026-06-15,회계/재무,ERP,738,71.78924,8.59728,20,20,20,60,30,OK
2026-06-22,회계/재무,ERP,738,69.82711,,20,20,20,60,30,OK
2026-06-29,회계/재무,ERP,738,73.17508,2.26244,20,20,20,60,30,OK
2026-07-06,회계/재무,ERP,738,69.53896,7.23981,20,20,20,60,30,OK
2026-07-13,회계/재무,ERP,738,61.08671,11.31221,20,20,20,60,30,OK
2026-07-20,회계/재무,ERP,738,58.24643,10.40723,20,20,20,60,30,OK
2025-12-29,회계/재무,Excel,672,76.72371,,20,20,20,60,30,INTENT_EMPTY_RESULT
2026-01-05,회계/재무,Excel,672,97.45721,,20,20,20,60,30,INTENT_EMPTY_RESULT
2026-01-12,회계/재무,Excel,672,100.0,,20,20,20,60,30,INTENT_EMPTY_RESULT
2026-01-19,회계/재무,Excel,672,96.96821,,20,20,20,60,30,INTENT_EMPTY_RESULT
2026-01-26,회계/재무,Excel,672,94.37652,,20,20,20,60,30,INTENT_EMPTY_RESULT
2026-02-02,회계/재무,Excel,672,91.19804,,20,20,20,60,30,INTENT_EMPTY_RESULT
2026-02-09,회계/재무,Excel,672,86.16136,,20,20,20,60,30,INTENT_EMPTY_RESULT
2026-02-16,회계/재무,Excel,672,67.33496,,20,20,20,60,30,INTENT_EMPTY_RESULT
2026-02-23,회계/재무,Excel,672,82.15158,,20,20,20,60,30,INTENT_EMPTY_RESULT
2026-03-02,회계/재무,Excel,672,80.39119,,20,20,20,60,30,INTENT_EMPTY_RESULT
2026-03-09,회계/재무,Excel,672,87.04156,,20,20,20,60,30,INTENT_EMPTY_RESULT
2026-03-16,회계/재무,Excel,672,76.62591,,20,20,20,60,30,INTENT_EMPTY_RESULT
2026-03-23,회계/재무,Excel,672,81.12469,,20,20,20,60,30,INTENT_EMPTY_RESULT
2026-03-30,회계/재무,Excel,672,83.08068,,20,20,20,60,30,INTENT_EMPTY_RESULT
2026-04-06,회계/재무,Excel,672,77.31051,,20,20,20,60,30,INTENT_EMPTY_RESULT
2026-04-13,회계/재무,Excel,672,76.47921,,20,20,20,60,30,INTENT_EMPTY_RESULT
2026-04-20,회계/재무,Excel,672,75.35452,,20,20,20,60,30,INTENT_EMPTY_RESULT
2026-04-27,회계/재무,Excel,672,60.97799,,20,20,20,60,30,INTENT_EMPTY_RESULT
2026-05-04,회계/재무,Excel,672,59.511,,20,20,20,60,30,INTENT_EMPTY_RESULT
2026-05-11,회계/재무,Excel,672,61.85819,,20,20,20,60,30,INTENT_EMPTY_RESULT
2026-05-18,회계/재무,Excel,672,62.20048,,20,20,20,60,30,INTENT_EMPTY_RESULT
2026-05-25,회계/재무,Excel,672,64.35207,,20,20,20,60,30,INTENT_EMPTY_RESULT
2026-06-01,회계/재무,Excel,672,86.16136,,20,20,20,60,30,INTENT_EMPTY_RESULT
2026-06-08,회계/재무,Excel,672,96.23471,,20,20,20,60,30,INTENT_EMPTY_RESULT
2026-06-15,회계/재무,Excel,672,81.80929,,20,20,20,60,30,INTENT_EMPTY_RESULT
2026-06-22,회계/재무,Excel,672,79.4132,,20,20,20,60,30,INTENT_EMPTY_RESULT
2026-06-29,회계/재무,Excel,672,68.36185,,20,20,20,60,30,INTENT_EMPTY_RESULT
2026-07-06,회계/재무,Excel,672,69.92665,,20,20,20,60,30,INTENT_EMPTY_RESULT
2026-07-13,회계/재무,Excel,672,64.98777,,20,20,20,60,30,INTENT_EMPTY_RESULT
2026-07-20,회계/재무,Excel,672,53.64303,,20,20,20,60,30,INTENT_EMPTY_RESULT
2025-12-29,회계/재무,세무,439,83.63988,37.43315,20,20,20,60,30,OK
2026-01-05,회계/재무,세무,439,91.86834,36.89839,20,20,20,60,30,OK
2026-01-12,회계/재무,세무,439,100.0,49.73262,20,20,20,60,30,OK
2026-01-19,회계/재무,세무,439,97.96708,34.75935,20,20,20,60,30,OK
2026-01-26,회계/재무,세무,439,90.12584,41.17647,20,20,20,60,30,OK
2026-02-02,회계/재무,세무,439,82.09099,54.01069,20,20,20,60,30,OK
2026-02-09,회계/재무,세무,439,83.05905,51.33689,20,20,20,60,30,OK
2026-02-16,회계/재무,세무,439,66.1181,41.17647,20,20,20,60,30,OK
2026-02-23,회계/재무,세무,439,84.12391,39.57219,20,20,20,60,30,OK
2026-03-02,회계/재무,세무,439,81.89738,26.2032,20,20,20,60,30,OK
2026-03-09,회계/재무,세무,439,80.15488,23.52941,20,20,20,60,30,OK
2026-03-16,회계/재무,세무,439,84.0271,29.41176,20,20,20,60,30,OK
2026-03-23,회계/재무,세무,439,84.41432,16.57754,20,20,20,60,30,OK
2026-03-30,회계/재무,세무,439,82.09099,25.66844,20,20,20,60,30,OK
2026-04-06,회계/재무,세무,439,78.21878,24.59893,20,20,20,60,30,OK
2026-04-13,회계/재무,세무,439,66.98935,60.96256,20,20,20,60,30,OK
2026-04-20,회계/재무,세무,439,67.8606,74.86631,20,20,20,60,30,OK
2026-04-27,회계/재무,세무,439,59.0513,56.14973,20,20,20,60,30,OK
2026-05-04,회계/재무,세무,439,68.44143,67.91443,20,20,20,60,30,OK
2026-05-11,회계/재무,세무,439,73.3785,62.03208,20,20,20,60,30,OK
2026-05-18,회계/재무,세무,439,66.89254,60.96256,20,20,20,60,30,OK
2026-05-25,회계/재무,세무,439,65.92449,44.38502,20,20,20,60,30,OK
2026-06-01,회계/재무,세무,439,57.59922,60.4278,20,20,20,60,30,OK
2026-06-08,회계/재무,세무,439,51.8877,81.81818,20,20,20,60,30,OK
2026-06-15,회계/재무,세무,439,50.1452,94.6524,20,20,20,60,30,OK
2026-06-22,회계/재무,세무,439,50.53242,86.09625,20,20,20,60,30,OK
2026-06-29,회계/재무,세무,439,54.69506,100.0,20,20,20,60,30,OK
2026-07-06,회계/재무,세무,439,49.95159,61.49732,20,20,20,60,30,OK
2026-07-13,회계/재무,세무,439,46.75701,69.51871,20,20,20,60,30,OK
2026-07-20,회계/재무,세무,439,42.9816,56.68449,20,20,20,60,30,OK
,회계/재무,인사(HR),315,,,20,20,20,60,0,BASE_EMPTY_RESULT;INTENT_EMPTY_RESULT
2025-12-29,회계/재무,더존,230,51.01779,,20,20,20,60,30,OK
2026-01-05,회계/재무,더존,230,100.0,78.94736,20,20,20,60,30,OK
2026-01-12,회계/재무,더존,230,59.4306,100.0,20,20,20,60,30,OK
2026-01-19,회계/재무,더존,230,80.35587,71.05263,20,20,20,60,30,OK
2026-01-26,회계/재무,더존,230,70.56227,,20,20,20,60,30,OK
2026-02-02,회계/재무,더존,230,58.26334,13.15789,20,20,20,60,30,OK
2026-02-09,회계/재무,더존,230,46.66192,13.15789,20,20,20,60,30,OK
2026-02-16,회계/재무,더존,230,33.65124,13.15789,20,20,20,60,30,OK
2026-02-23,회계/재무,더존,230,76.05693,13.15789,20,20,20,60,30,OK
2026-03-02,회계/재무,더존,230,45.08185,26.31578,20,20,20,60,30,OK
2026-03-09,회계/재무,더존,230,48.81138,65.78947,20,20,20,60,30,OK
2026-03-16,회계/재무,더존,230,45.28113,65.78947,20,20,20,60,30,OK
2026-03-23,회계/재무,더존,230,43.85765,18.42105,20,20,20,60,30,OK
2026-03-30,회계/재무,더존,230,44.27046,28.94736,20,20,20,60,30,OK
2026-04-06,회계/재무,더존,230,43.41637,36.8421,20,20,20,60,30,OK
2026-04-13,회계/재무,더존,230,41.09608,57.89473,20,20,20,60,30,OK
2026-04-20,회계/재무,더존,230,64.92526,89.47368,20,20,20,60,30,OK
2026-04-27,회계/재무,더존,230,33.69395,47.36842,20,20,20,60,30,OK
2026-05-04,회계/재무,더존,230,32.29893,28.94736,20,20,20,60,30,OK
2026-05-11,회계/재무,더존,230,37.5943,60.52631,20,20,20,60,30,OK
2026-05-18,회계/재무,더존,230,35.18861,52.63157,20,20,20,60,30,OK
2026-05-25,회계/재무,더존,230,30.2064,76.31578,20,20,20,60,30,OK
2026-06-01,회계/재무,더존,230,28.64056,,20,20,20,60,30,OK
2026-06-08,회계/재무,더존,230,32.01423,,20,20,20,60,30,OK
2026-06-15,회계/재무,더존,230,33.5516,68.42105,20,20,20,60,30,OK
2026-06-22,회계/재무,더존,230,33.28113,47.36842,20,20,20,60,30,OK
2026-06-29,회계/재무,더존,230,33.11032,34.21052,20,20,20,60,30,OK
2026-07-06,회계/재무,더존,230,38.19217,73.68421,20,20,20,60,30,OK
2026-07-13,회계/재무,더존,230,29.70818,26.31578,20,20,20,60,30,OK
2026-07-20,회계/재무,더존,230,30.04982,34.21052,20,20,20,60,30,OK
2025-12-29,회계/재무,결산,208,41.81818,,20,20,20,60,26,INTENT_EMPTY_RESULT;AMBIGUOUS_CONTEXT_APPLIED
2026-01-05,회계/재무,결산,208,100.0,,20,20,20,60,26,INTENT_EMPTY_RESULT;AMBIGUOUS_CONTEXT_APPLIED
2026-01-12,회계/재무,결산,208,78.18181,,20,20,20,60,26,INTENT_EMPTY_RESULT;AMBIGUOUS_CONTEXT_APPLIED
2026-01-19,회계/재무,결산,208,63.63636,,20,20,20,60,26,INTENT_EMPTY_RESULT;AMBIGUOUS_CONTEXT_APPLIED
2026-01-26,회계/재무,결산,208,60.90909,,20,20,20,60,26,INTENT_EMPTY_RESULT;AMBIGUOUS_CONTEXT_APPLIED
2026-02-02,회계/재무,결산,208,50.0,,20,20,20,60,26,INTENT_EMPTY_RESULT;AMBIGUOUS_CONTEXT_APPLIED
2026-02-09,회계/재무,결산,208,52.72727,,20,20,20,60,26,INTENT_EMPTY_RESULT;AMBIGUOUS_CONTEXT_APPLIED
2026-02-16,회계/재무,결산,208,13.63636,,20,20,20,60,26,INTENT_EMPTY_RESULT;AMBIGUOUS_CONTEXT_APPLIED
2026-02-23,회계/재무,결산,208,40.90909,,20,20,20,60,26,INTENT_EMPTY_RESULT;AMBIGUOUS_CONTEXT_APPLIED
2026-03-02,회계/재무,결산,208,28.18181,,20,20,20,60,26,INTENT_EMPTY_RESULT;AMBIGUOUS_CONTEXT_APPLIED
2026-03-09,회계/재무,결산,208,38.18181,,20,20,20,60,26,INTENT_EMPTY_RESULT;AMBIGUOUS_CONTEXT_APPLIED
2026-03-16,회계/재무,결산,208,43.63636,,20,20,20,60,26,INTENT_EMPTY_RESULT;AMBIGUOUS_CONTEXT_APPLIED
2026-03-23,회계/재무,결산,208,36.36363,,20,20,20,60,26,INTENT_EMPTY_RESULT;AMBIGUOUS_CONTEXT_APPLIED
2026-03-30,회계/재무,결산,208,17.27272,,20,20,20,60,26,INTENT_EMPTY_RESULT;AMBIGUOUS_CONTEXT_APPLIED
2026-04-06,회계/재무,결산,208,11.81818,,20,20,20,60,26,INTENT_EMPTY_RESULT;AMBIGUOUS_CONTEXT_APPLIED
2026-04-20,회계/재무,결산,208,5.45454,,20,20,20,60,26,INTENT_EMPTY_RESULT;AMBIGUOUS_CONTEXT_APPLIED
2026-04-27,회계/재무,결산,208,4.54545,,20,20,20,60,26,INTENT_EMPTY_RESULT;AMBIGUOUS_CONTEXT_APPLIED
2026-05-11,회계/재무,결산,208,4.54545,,20,20,20,60,26,INTENT_EMPTY_RESULT;AMBIGUOUS_CONTEXT_APPLIED
2026-05-18,회계/재무,결산,208,9.0909,,20,20,20,60,26,INTENT_EMPTY_RESULT;AMBIGUOUS_CONTEXT_APPLIED
2026-06-01,회계/재무,결산,208,10.0,,20,20,20,60,26,INTENT_EMPTY_RESULT;AMBIGUOUS_CONTEXT_APPLIED
2026-06-08,회계/재무,결산,208,5.45454,,20,20,20,60,26,INTENT_EMPTY_RESULT;AMBIGUOUS_CONTEXT_APPLIED
2026-06-15,회계/재무,결산,208,14.54545,,20,20,20,60,26,INTENT_EMPTY_RESULT;AMBIGUOUS_CONTEXT_APPLIED
2026-06-29,회계/재무,결산,208,6.36363,,20,20,20,60,26,INTENT_EMPTY_RESULT;AMBIGUOUS_CONTEXT_APPLIED
2026-07-06,회계/재무,결산,208,4.54545,,20,20,20,60,26,INTENT_EMPTY_RESULT;AMBIGUOUS_CONTEXT_APPLIED
2026-07-13,회계/재무,결산,208,7.27272,,20,20,20,60,26,INTENT_EMPTY_RESULT;AMBIGUOUS_CONTEXT_APPLIED
2026-07-20,회계/재무,결산,208,5.45454,,20,20,20,60,26,INTENT_EMPTY_RESULT;AMBIGUOUS_CONTEXT_APPLIED
2025-12-29,회계/재무,세무사,127,75.78137,91.66666,20,20,20,60,30,OK
2026-01-05,회계/재무,세무사,127,84.9754,72.32142,20,20,20,60,30,OK
2026-01-12,회계/재무,세무사,127,88.02157,100.0,20,20,20,60,30,OK
2026-01-19,회계/재무,세무사,127,100.0,77.38095,20,20,20,60,30,OK
2026-01-26,회계/재무,세무사,127,91.92448,70.53571,20,20,20,60,30,OK
2026-02-02,회계/재무,세무사,127,84.57877,57.14285,20,20,20,60,30,OK
2026-02-09,회계/재무,세무사,127,76.297,65.7738,20,20,20,60,30,OK
2026-02-16,회계/재무,세무사,127,60.61399,60.11904,20,20,20,60,30,OK
2026-02-23,회계/재무,세무사,127,69.89528,66.66666,20,20,20,60,30,OK
2026-03-02,회계/재무,세무사,127,69.35586,45.23809,20,20,20,60,30,OK
2026-03-09,회계/재무,세무사,127,66.88878,59.22619,20,20,20,60,30,OK
2026-03-16,회계/재무,세무사,127,64.65968,52.08333,20,20,20,60,30,OK
2026-03-23,회계/재무,세무사,127,78.24052,68.45238,20,20,20,60,30,OK
2026-03-30,회계/재무,세무사,127,68.21354,73.5119,20,20,20,60,30,OK
2026-04-06,회계/재무,세무사,127,63.68396,74.40476,20,20,20,60,30,OK
2026-04-13,회계/재무,세무사,127,62.37505,69.94047,20,20,20,60,30,OK
2026-04-20,회계/재무,세무사,127,93.49516,76.48809,20,20,20,60,30,OK
2026-04-27,회계/재무,세무사,127,77.44724,56.25,20,20,20,60,30,OK
2026-05-04,회계/재무,세무사,127,96.30334,55.35714,20,20,20,60,30,OK
2026-05-11,회계/재무,세무사,127,90.24274,55.05952,20,20,20,60,30,OK
2026-05-18,회계/재무,세무사,127,86.55402,58.92857,20,20,20,60,30,OK
2026-05-25,회계/재무,세무사,127,94.31223,59.82142,20,20,20,60,30,OK
2026-06-01,회계/재무,세무사,127,55.52118,61.30952,20,20,20,60,30,OK
2026-06-08,회계/재무,세무사,127,54.29953,72.61904,20,20,20,60,30,OK
2026-06-15,회계/재무,세무사,127,53.91876,65.17857,20,20,20,60,30,OK
2026-06-22,회계/재무,세무사,127,51.10264,61.60714,20,20,20,60,30,OK
2026-06-29,회계/재무,세무사,127,53.72045,70.23809,20,20,20,60,30,OK
2026-07-06,회계/재무,세무사,127,53.25241,72.61904,20,20,20,60,30,OK
2026-07-13,회계/재무,세무사,127,60.72505,60.71428,20,20,20,60,30,OK
2026-07-20,회계/재무,세무사,127,48.23893,41.96428,20,20,20,60,30,OK
2025-12-29,회계/재무,CPA,116,43.96973,,20,20,20,60,30,OK
2026-01-05,회계/재무,CPA,116,65.11027,,20,20,20,60,30,OK
2026-01-12,회계/재무,CPA,116,47.03331,,20,20,20,60,30,OK
2026-01-19,회계/재무,CPA,116,46.69188,,20,20,20,60,30,OK
2026-01-26,회계/재무,CPA,116,37.65802,,20,20,20,60,30,OK
2026-02-02,회계/재무,CPA,116,60.33957,,20,20,20,60,30,OK
2026-02-09,회계/재무,CPA,116,41.53363,71.42857,20,20,20,60,30,OK
2026-02-16,회계/재무,CPA,116,41.62591,,20,20,20,60,30,OK
2026-02-23,회계/재무,CPA,116,69.31807,,20,20,20,60,30,OK
2026-03-02,회계/재무,CPA,116,100.0,,20,20,20,60,30,OK
2026-03-09,회계/재무,CPA,116,42.89009,,20,20,20,60,30,OK
2026-03-16,회계/재무,CPA,116,40.36172,,20,20,20,60,30,OK
2026-03-23,회계/재무,CPA,116,46.27664,,20,20,20,60,30,OK
2026-03-30,회계/재무,CPA,116,69.85328,71.42857,20,20,20,60,30,OK
2026-04-06,회계/재무,CPA,116,37.5196,,20,20,20,60,30,OK
2026-04-13,회계/재무,CPA,116,32.96115,,20,20,20,60,30,OK
2026-04-20,회계/재무,CPA,116,27.56297,,20,20,20,60,30,OK
2026-04-27,회계/재무,CPA,116,24.02879,,20,20,20,60,30,OK
2026-05-04,회계/재무,CPA,116,29.87911,,20,20,20,60,30,OK
2026-05-11,회계/재무,CPA,116,32.08452,,20,20,20,60,30,OK
2026-05-18,회계/재무,CPA,116,26.99086,,20,20,20,60,30,OK
2026-05-25,회계/재무,CPA,116,24.92387,,20,20,20,60,30,OK
2026-06-01,회계/재무,CPA,116,40.86924,100.0,20,20,20,60,30,OK
2026-06-08,회계/재무,CPA,116,26.17883,,20,20,20,60,30,OK
2026-06-15,회계/재무,CPA,116,28.57801,,20,20,20,60,30,OK
2026-06-22,회계/재무,CPA,116,45.76912,,20,20,20,60,30,OK
2026-06-29,회계/재무,CPA,116,71.74494,,20,20,20,60,30,OK
2026-07-06,회계/재무,CPA,116,43.28688,,20,20,20,60,30,OK
2026-07-13,회계/재무,CPA,116,26.20651,,20,20,20,60,30,OK
2026-07-20,회계/재무,CPA,116,18.87053,,20,20,20,60,30,OK
,회계/재무,프로젝트관리(PM),115,,,20,20,20,60,0,BASE_EMPTY_RESULT;INTENT_EMPTY_RESULT
2025-12-29,회계/재무,회계관리,112,73.14814,,20,20,20,60,30,INTENT_EMPTY_RESULT
2026-01-05,회계/재무,회계관리,112,100.0,,20,20,20,60,30,INTENT_EMPTY_RESULT
2026-01-12,회계/재무,회계관리,112,67.59259,,20,20,20,60,30,INTENT_EMPTY_RESULT
2026-01-19,회계/재무,회계관리,112,53.7037,,20,20,20,60,30,INTENT_EMPTY_RESULT
2026-01-26,회계/재무,회계관리,112,72.96296,,20,20,20,60,30,INTENT_EMPTY_RESULT
2026-02-02,회계/재무,회계관리,112,61.29629,,20,20,20,60,30,INTENT_EMPTY_RESULT
2026-02-09,회계/재무,회계관리,112,49.44444,,20,20,20,60,30,INTENT_EMPTY_RESULT
2026-02-16,회계/재무,회계관리,112,33.7037,,20,20,20,60,30,INTENT_EMPTY_RESULT
2026-02-23,회계/재무,회계관리,112,70.55555,,20,20,20,60,30,INTENT_EMPTY_RESULT
2026-03-02,회계/재무,회계관리,112,70.37037,,20,20,20,60,30,INTENT_EMPTY_RESULT
2026-03-09,회계/재무,회계관리,112,51.85185,,20,20,20,60,30,INTENT_EMPTY_RESULT
2026-03-16,회계/재무,회계관리,112,50.74074,,20,20,20,60,30,INTENT_EMPTY_RESULT
2026-03-23,회계/재무,회계관리,112,59.62962,,20,20,20,60,30,INTENT_EMPTY_RESULT
2026-03-30,회계/재무,회계관리,112,53.33333,,20,20,20,60,30,INTENT_EMPTY_RESULT
2026-04-06,회계/재무,회계관리,112,53.51851,,20,20,20,60,30,INTENT_EMPTY_RESULT
2026-04-13,회계/재무,회계관리,112,56.11111,,20,20,20,60,30,INTENT_EMPTY_RESULT
2026-04-20,회계/재무,회계관리,112,53.88888,,20,20,20,60,30,INTENT_EMPTY_RESULT
2026-04-27,회계/재무,회계관리,112,39.44444,,20,20,20,60,30,INTENT_EMPTY_RESULT
2026-05-04,회계/재무,회계관리,112,41.48148,,20,20,20,60,30,INTENT_EMPTY_RESULT
2026-05-11,회계/재무,회계관리,112,58.88888,,20,20,20,60,30,INTENT_EMPTY_RESULT
2026-05-18,회계/재무,회계관리,112,51.48148,,20,20,20,60,30,INTENT_EMPTY_RESULT
2026-05-25,회계/재무,회계관리,112,63.7037,,20,20,20,60,30,INTENT_EMPTY_RESULT
2026-06-01,회계/재무,회계관리,112,53.7037,,20,20,20,60,30,INTENT_EMPTY_RESULT
2026-06-08,회계/재무,회계관리,112,46.48148,,20,20,20,60,30,INTENT_EMPTY_RESULT
2026-06-15,회계/재무,회계관리,112,64.07407,,20,20,20,60,30,INTENT_EMPTY_RESULT
2026-06-22,회계/재무,회계관리,112,53.88888,,20,20,20,60,30,INTENT_EMPTY_RESULT
2026-06-29,회계/재무,회계관리,112,76.29629,,20,20,20,60,30,INTENT_EMPTY_RESULT
2026-07-06,회계/재무,회계관리,112,50.92592,,20,20,20,60,30,INTENT_EMPTY_RESULT
2026-07-13,회계/재무,회계관리,112,40.74074,,20,20,20,60,30,INTENT_EMPTY_RESULT
2026-07-20,회계/재무,회계관리,112,35.37037,,20,20,20,60,30,INTENT_EMPTY_RESULT
,회계/재무,영업/세일즈,87,,,20,20,20,60,0,BASE_EMPTY_RESULT;INTENT_EMPTY_RESULT
2025-12-29,회계/재무,PPT,86,64.26935,,20,20,20,60,30,INTENT_EMPTY_RESULT
2026-01-05,회계/재무,PPT,86,70.72835,,20,20,20,60,30,INTENT_EMPTY_RESULT
2026-01-12,회계/재무,PPT,86,64.38387,,20,20,20,60,30,INTENT_EMPTY_RESULT
2026-01-19,회계/재무,PPT,86,60.765,,20,20,20,60,30,INTENT_EMPTY_RESULT
2026-01-26,회계/재무,PPT,86,60.51305,,20,20,20,60,30,INTENT_EMPTY_RESULT
2026-02-02,회계/재무,PPT,86,61.63536,,20,20,20,60,30,INTENT_EMPTY_RESULT
2026-02-09,회계/재무,PPT,86,53.38983,,20,20,20,60,30,INTENT_EMPTY_RESULT
2026-02-16,회계/재무,PPT,86,43.81584,,20,20,20,60,30,INTENT_EMPTY_RESULT
2026-02-23,회계/재무,PPT,86,58.29134,,20,20,20,60,30,INTENT_EMPTY_RESULT
2026-03-02,회계/재무,PPT,86,75.69857,,20,20,20,60,30,INTENT_EMPTY_RESULT
2026-03-09,회계/재무,PPT,86,95.48786,,20,20,20,60,30,INTENT_EMPTY_RESULT
2026-03-16,회계/재무,PPT,86,99.45029,,20,20,20,60,30,INTENT_EMPTY_RESULT
2026-03-23,회계/재무,PPT,86,96.47274,,20,20,20,60,30,INTENT_EMPTY_RESULT
2026-03-30,회계/재무,PPT,86,97.43472,,20,20,20,60,30,INTENT_EMPTY_RESULT
2026-04-06,회계/재무,PPT,86,98.44251,,20,20,20,60,30,INTENT_EMPTY_RESULT
2026-04-13,회계/재무,PPT,86,90.19697,,20,20,20,60,30,INTENT_EMPTY_RESULT
2026-04-20,회계/재무,PPT,86,78.88227,,20,20,20,60,30,INTENT_EMPTY_RESULT
2026-04-27,회계/재무,PPT,86,75.2863,,20,20,20,60,30,INTENT_EMPTY_RESULT
2026-05-04,회계/재무,PPT,86,85.82226,,20,20,20,60,30,INTENT_EMPTY_RESULT
2026-05-11,회계/재무,PPT,86,100.0,,20,20,20,60,30,INTENT_EMPTY_RESULT
2026-05-18,회계/재무,PPT,86,93.19743,,20,20,20,60,30,INTENT_EMPTY_RESULT
2026-05-25,회계/재무,PPT,86,87.95235,,20,20,20,60,30,INTENT_EMPTY_RESULT
2026-06-01,회계/재무,PPT,86,83.78378,,20,20,20,60,30,INTENT_EMPTY_RESULT
2026-06-08,회계/재무,PPT,86,83.18827,,20,20,20,60,30,INTENT_EMPTY_RESULT
2026-06-15,회계/재무,PPT,86,66.88043,,20,20,20,60,30,INTENT_EMPTY_RESULT
2026-06-22,회계/재무,PPT,86,53.71049,,20,20,20,60,30,INTENT_EMPTY_RESULT
2026-06-29,회계/재무,PPT,86,53.50435,,20,20,20,60,30,INTENT_EMPTY_RESULT
2026-07-06,회계/재무,PPT,86,66.51397,,20,20,20,60,30,INTENT_EMPTY_RESULT
2026-07-13,회계/재무,PPT,86,58.31424,,20,20,20,60,30,INTENT_EMPTY_RESULT
2026-07-20,회계/재무,PPT,86,38.29592,,20,20,20,60,30,INTENT_EMPTY_RESULT
2025-12-29,회계/재무,컴퓨터활용능력,81,88.04736,,20,20,20,60,30,INTENT_EMPTY_RESULT
2026-01-05,회계/재무,컴퓨터활용능력,81,100.0,,20,20,20,60,30,INTENT_EMPTY_RESULT
2026-01-12,회계/재무,컴퓨터활용능력,81,84.49488,,20,20,20,60,30,INTENT_EMPTY_RESULT
2026-01-19,회계/재무,컴퓨터활용능력,81,79.47452,,20,20,20,60,30,INTENT_EMPTY_RESULT
2026-01-26,회계/재무,컴퓨터활용능력,81,75.61366,,20,20,20,60,30,INTENT_EMPTY_RESULT
2026-02-02,회계/재무,컴퓨터활용능력,81,82.76797,,20,20,20,60,30,INTENT_EMPTY_RESULT
2026-02-09,회계/재무,컴퓨터활용능력,81,70.2726,,20,20,20,60,30,INTENT_EMPTY_RESULT
2026-02-16,회계/재무,컴퓨터활용능력,81,56.6424,,20,20,20,60,30,INTENT_EMPTY_RESULT
2026-02-23,회계/재무,컴퓨터활용능력,81,68.36067,,20,20,20,60,30,INTENT_EMPTY_RESULT
2026-03-02,회계/재무,컴퓨터활용능력,81,73.52904,,20,20,20,60,30,INTENT_EMPTY_RESULT
2026-03-09,회계/재무,컴퓨터활용능력,81,70.69199,,20,20,20,60,30,INTENT_EMPTY_RESULT
2026-03-16,회계/재무,컴퓨터활용능력,81,66.49808,,20,20,20,60,30,INTENT_EMPTY_RESULT
2026-03-23,회계/재무,컴퓨터활용능력,81,58.03626,,20,20,20,60,30,INTENT_EMPTY_RESULT
2026-03-30,회계/재무,컴퓨터활용능력,81,54.92784,,20,20,20,60,30,INTENT_EMPTY_RESULT
2026-04-06,회계/재무,컴퓨터활용능력,81,53.20093,,20,20,20,60,30,INTENT_EMPTY_RESULT
2026-04-13,회계/재무,컴퓨터활용능력,81,52.2388,,20,20,20,60,30,INTENT_EMPTY_RESULT
2026-04-20,회계/재무,컴퓨터활용능력,81,48.62464,,20,20,20,60,30,INTENT_EMPTY_RESULT
2026-04-27,회계/재무,컴퓨터활용능력,81,37.44911,,20,20,20,60,30,INTENT_EMPTY_RESULT
2026-05-04,회계/재무,컴퓨터활용능력,81,35.37683,,20,20,20,60,30,INTENT_EMPTY_RESULT
2026-05-11,회계/재무,컴퓨터활용능력,81,40.23683,,20,20,20,60,30,INTENT_EMPTY_RESULT
2026-05-18,회계/재무,컴퓨터활용능력,81,40.47119,,20,20,20,60,30,INTENT_EMPTY_RESULT
2026-05-25,회계/재무,컴퓨터활용능력,81,43.49327,,20,20,20,60,30,INTENT_EMPTY_RESULT
2026-06-01,회계/재무,컴퓨터활용능력,81,41.23596,,20,20,20,60,30,INTENT_EMPTY_RESULT
2026-06-08,회계/재무,컴퓨터활용능력,81,49.30307,,20,20,20,60,30,INTENT_EMPTY_RESULT
2026-06-15,회계/재무,컴퓨터활용능력,81,54.15073,,20,20,20,60,30,INTENT_EMPTY_RESULT
2026-06-22,회계/재무,컴퓨터활용능력,81,65.58529,,20,20,20,60,30,INTENT_EMPTY_RESULT
2026-06-29,회계/재무,컴퓨터활용능력,81,82.75564,,20,20,20,60,30,INTENT_EMPTY_RESULT
2026-07-06,회계/재무,컴퓨터활용능력,81,85.65437,,20,20,20,60,30,INTENT_EMPTY_RESULT
2026-07-13,회계/재무,컴퓨터활용능력,81,80.39965,,20,20,20,60,30,INTENT_EMPTY_RESULT
2026-07-20,회계/재무,컴퓨터활용능력,81,75.42864,,20,20,20,60,30,INTENT_EMPTY_RESULT
,회계/재무,자금,81,,,20,20,20,60,0,BASE_EMPTY_RESULT;INTENT_EMPTY_RESULT;AMBIGUOUS_CONTEXT_APPLIED
2025-12-29,회계/재무,FP&A,42,65.03759,,20,20,16,56,30,OK
2026-01-05,회계/재무,FP&A,42,100.0,83.33333,20,20,16,56,30,OK
2026-01-12,회계/재무,FP&A,42,69.92481,61.11111,20,20,16,56,30,OK
2026-01-19,회계/재무,FP&A,42,29.82456,27.77777,20,20,16,56,30,OK
2026-01-26,회계/재무,FP&A,42,34.21052,,20,20,16,56,30,OK
2026-02-02,회계/재무,FP&A,42,35.96491,,20,20,16,56,30,OK
2026-02-09,회계/재무,FP&A,42,30.95238,,20,20,16,56,30,OK
2026-02-16,회계/재무,FP&A,42,16.54135,,20,20,16,56,30,OK
2026-02-23,회계/재무,FP&A,42,28.07017,27.77777,20,20,16,56,30,OK
2026-03-02,회계/재무,FP&A,42,23.18295,38.88888,20,20,16,56,30,OK
2026-03-09,회계/재무,FP&A,42,28.69674,66.66666,20,20,16,56,30,OK
2026-03-16,회계/재무,FP&A,42,25.5639,27.77777,20,20,16,56,30,OK
2026-03-23,회계/재무,FP&A,42,31.57894,27.77777,20,20,16,56,30,OK
2026-03-30,회계/재무,FP&A,42,29.44862,88.88888,20,20,16,56,30,OK
2026-04-06,회계/재무,FP&A,42,30.70175,94.44444,20,20,16,56,30,OK
2026-04-13,회계/재무,FP&A,42,24.93734,33.33333,20,20,16,56,30,OK
2026-04-20,회계/재무,FP&A,42,26.56641,38.88888,20,20,16,56,30,OK
2026-04-27,회계/재무,FP&A,42,19.29824,94.44444,20,20,16,56,30,OK
2026-05-04,회계/재무,FP&A,42,14.1604,,20,20,16,56,30,OK
2026-05-11,회계/재무,FP&A,42,24.43609,38.88888,20,20,16,56,30,OK
2026-05-18,회계/재무,FP&A,42,22.18045,83.33333,20,20,16,56,30,OK
2026-05-25,회계/재무,FP&A,42,17.54385,72.22222,20,20,16,56,30,OK
2026-06-01,회계/재무,FP&A,42,15.66416,55.55555,20,20,16,56,30,OK
2026-06-08,회계/재무,FP&A,42,16.79197,,20,20,16,56,30,OK
2026-06-15,회계/재무,FP&A,42,22.80701,27.77777,20,20,16,56,30,OK
2026-06-22,회계/재무,FP&A,42,20.67669,66.66666,20,20,16,56,30,OK
2026-06-29,회계/재무,FP&A,42,21.92982,100.0,20,20,16,56,30,OK
2026-07-06,회계/재무,FP&A,42,20.802,27.77777,20,20,16,56,30,OK
2026-07-13,회계/재무,FP&A,42,21.05263,38.88888,20,20,16,56,30,OK
2026-07-20,회계/재무,FP&A,42,22.93233,,20,20,16,56,30,OK
2025-12-29,회계/재무,컴플라이언스,32,69.68546,71.78423,20,20,20,60,30,OK
2026-01-05,회계/재무,컴플라이언스,32,90.72668,85.47717,20,20,20,60,30,OK
2026-01-12,회계/재무,컴플라이언스,32,85.79175,70.53941,20,20,20,60,30,OK
2026-01-19,회계/재무,컴플라이언스,32,88.66594,74.27385,20,20,20,60,30,OK
2026-01-26,회계/재무,컴플라이언스,32,90.50976,60.99585,20,20,20,60,30,OK
2026-02-02,회계/재무,컴플라이언스,32,100.0,71.78423,20,20,20,60,30,OK
2026-02-09,회계/재무,컴플라이언스,32,79.60954,67.63485,20,20,20,60,30,OK
2026-02-16,회계/재무,컴플라이언스,32,47.12581,32.36514,20,20,20,60,30,OK
2026-02-23,회계/재무,컴플라이언스,32,84.21908,57.26141,20,20,20,60,30,OK
2026-03-02,회계/재무,컴플라이언스,32,70.33622,71.78423,20,20,20,60,30,OK
2026-03-09,회계/재무,컴플라이언스,32,87.25596,79.25311,20,20,20,60,30,OK
2026-03-16,회계/재무,컴플라이언스,32,97.88503,88.38174,20,20,20,60,30,OK
2026-03-23,회계/재무,컴플라이언스,32,90.07592,83.81742,20,20,20,60,30,OK
2026-03-30,회계/재무,컴플라이언스,32,82.15835,93.77593,20,20,20,60,30,OK
2026-04-06,회계/재무,컴플라이언스,32,84.81561,92.11618,20,20,20,60,30,OK
2026-04-13,회계/재무,컴플라이언스,32,90.72668,100.0,20,20,20,60,30,OK
2026-04-20,회계/재무,컴플라이언스,32,96.58351,94.6058,20,20,20,60,30,OK
2026-04-27,회계/재무,컴플라이언스,32,72.34273,75.9336,20,20,20,60,30,OK
2026-05-04,회계/재무,컴플라이언스,32,74.13232,70.53941,20,20,20,60,30,OK
2026-05-11,회계/재무,컴플라이언스,32,79.06724,87.9668,20,20,20,60,30,OK
2026-05-18,회계/재무,컴플라이언스,32,84.38177,78.00829,20,20,20,60,30,OK
2026-05-25,회계/재무,컴플라이언스,32,95.22776,72.6141,20,20,20,60,30,OK
2026-06-01,회계/재무,컴플라이언스,32,76.40997,61.41078,20,20,20,60,30,OK
2026-06-08,회계/재무,컴플라이언스,32,89.96746,69.2946,20,20,20,60,30,OK
2026-06-15,회계/재무,컴플라이언스,32,82.37527,64.31535,20,20,20,60,30,OK
2026-06-22,회계/재무,컴플라이언스,32,77.44034,75.10373,20,20,20,60,30,OK
2026-06-29,회계/재무,컴플라이언스,32,69.63123,66.39004,20,20,20,60,30,OK
2026-07-06,회계/재무,컴플라이언스,32,74.4577,73.85892,20,20,20,60,30,OK
2026-07-13,회계/재무,컴플라이언스,32,72.93926,62.24066,20,20,20,60,30,OK
2026-07-20,회계/재무,컴플라이언스,32,83.24295,80.08298,20,20,20,60,30,OK
2025-12-29,회계/재무,AICPA,22,95.95894,100.0,20,20,20,60,30,OK
2026-01-05,회계/재무,AICPA,22,100.0,88.37209,20,20,20,60,30,OK
2026-01-12,회계/재무,AICPA,22,87.2354,46.51162,20,20,20,60,30,OK
2026-01-19,회계/재무,AICPA,22,70.87876,53.48837,20,20,20,60,30,OK
2026-01-26,회계/재무,AICPA,22,67.92815,29.06976,20,20,20,60,30,OK
2026-02-02,회계/재무,AICPA,22,79.40987,56.97674,20,20,20,60,30,OK
2026-02-09,회계/재무,AICPA,22,78.31943,70.93023,20,20,20,60,30,OK
2026-02-16,회계/재무,AICPA,22,61.51379,37.2093,20,20,20,60,30,OK
2026-02-23,회계/재무,AICPA,22,69.21103,61.6279,20,20,20,60,30,OK
2026-03-02,회계/재무,AICPA,22,71.84092,34.88372,20,20,20,60,30,OK
2026-03-09,회계/재무,AICPA,22,69.27517,51.16279,20,20,20,60,30,OK
2026-03-16,회계/재무,AICPA,22,71.39191,77.90697,20,20,20,60,30,OK
2026-03-23,회계/재무,AICPA,22,68.50545,26.74418,20,20,20,60,30,OK
2026-03-30,회계/재무,AICPA,22,69.72418,54.65116,20,20,20,60,30,OK
2026-04-06,회계/재무,AICPA,22,67.86401,48.8372,20,20,20,60,30,OK
2026-04-13,회계/재무,AICPA,22,67.79987,47.67441,20,20,20,60,30,OK
2026-04-20,회계/재무,AICPA,22,66.64528,34.88372,20,20,20,60,30,OK
2026-04-27,회계/재무,AICPA,22,57.60102,16.27906,20,20,20,60,30,OK
2026-05-04,회계/재무,AICPA,22,55.29185,17.44186,20,20,20,60,30,OK
2026-05-11,회계/재무,AICPA,22,58.94804,25.58139,20,20,20,60,30,OK
2026-05-18,회계/재무,AICPA,22,55.16356,59.30232,20,20,20,60,30,OK
2026-05-25,회계/재무,AICPA,22,60.10262,27.90697,20,20,20,60,30,OK
2026-06-01,회계/재무,AICPA,22,52.98268,24.4186,20,20,20,60,30,OK
2026-06-08,회계/재무,AICPA,22,54.32969,19.76744,20,20,20,60,30,OK
2026-06-15,회계/재무,AICPA,22,71.13534,24.4186,20,20,20,60,30,OK
2026-06-22,회계/재무,AICPA,22,60.74406,18.60465,20,20,20,60,30,OK
2026-06-29,회계/재무,AICPA,22,58.3066,26.74418,20,20,20,60,30,OK
2026-07-06,회계/재무,AICPA,22,59.58948,54.65116,20,20,20,60,30,OK
2026-07-13,회계/재무,AICPA,22,52.98268,33.72093,20,20,20,60,30,OK
2026-07-20,회계/재무,AICPA,22,49.26234,53.48837,20,20,20,60,30,OK
2025-12-29,회계/재무,브랜드,19,73.37334,,20,20,20,60,30,INTENT_EMPTY_RESULT
2026-01-05,회계/재무,브랜드,19,79.43777,,20,20,20,60,30,INTENT_EMPTY_RESULT
2026-01-12,회계/재무,브랜드,19,80.32217,,20,20,20,60,30,INTENT_EMPTY_RESULT
2026-01-19,회계/재무,브랜드,19,89.00821,,20,20,20,60,30,INTENT_EMPTY_RESULT
2026-01-26,회계/재무,브랜드,19,89.86102,,20,20,20,60,30,INTENT_EMPTY_RESULT
2026-02-02,회계/재무,브랜드,19,78.33228,,20,20,20,60,30,INTENT_EMPTY_RESULT
2026-02-09,회계/재무,브랜드,19,69.96209,,20,20,20,60,30,INTENT_EMPTY_RESULT
2026-02-16,회계/재무,브랜드,19,67.94061,,20,20,20,60,30,INTENT_EMPTY_RESULT
2026-02-23,회계/재무,브랜드,19,76.0897,,20,20,20,60,30,INTENT_EMPTY_RESULT
2026-03-02,회계/재무,브랜드,19,84.68098,,20,20,20,60,30,INTENT_EMPTY_RESULT
2026-03-09,회계/재무,브랜드,19,100.0,,20,20,20,60,30,INTENT_EMPTY_RESULT
2026-03-16,회계/재무,브랜드,19,93.17751,,20,20,20,60,30,INTENT_EMPTY_RESULT
2026-03-23,회계/재무,브랜드,19,83.3228,,20,20,20,60,30,INTENT_EMPTY_RESULT
2026-03-30,회계/재무,브랜드,19,85.43903,,20,20,20,60,30,INTENT_EMPTY_RESULT
2026-04-06,회계/재무,브랜드,19,83.63866,,20,20,20,60,30,INTENT_EMPTY_RESULT
2026-04-13,회계/재무,브랜드,19,85.37586,,20,20,20,60,30,INTENT_EMPTY_RESULT
2026-04-20,회계/재무,브랜드,19,75.80543,,20,20,20,60,30,INTENT_EMPTY_RESULT
2026-04-27,회계/재무,브랜드,19,71.79406,,20,20,20,60,30,INTENT_EMPTY_RESULT
2026-05-04,회계/재무,브랜드,19,80.82754,,20,20,20,60,30,INTENT_EMPTY_RESULT
2026-05-11,회계/재무,브랜드,19,84.33354,,20,20,20,60,30,INTENT_EMPTY_RESULT
2026-05-18,회계/재무,브랜드,19,76.94251,,20,20,20,60,30,INTENT_EMPTY_RESULT
2026-05-25,회계/재무,브랜드,19,72.3626,,20,20,20,60,30,INTENT_EMPTY_RESULT
2026-06-01,회계/재무,브랜드,19,66.61402,,20,20,20,60,30,INTENT_EMPTY_RESULT
2026-06-08,회계/재무,브랜드,19,65.41377,,20,20,20,60,30,INTENT_EMPTY_RESULT
2026-06-15,회계/재무,브랜드,19,62.00252,,20,20,20,60,30,INTENT_EMPTY_RESULT
2026-06-22,회계/재무,브랜드,19,56.69614,,20,20,20,60,30,INTENT_EMPTY_RESULT
2026-06-29,회계/재무,브랜드,19,57.73847,,20,20,20,60,30,INTENT_EMPTY_RESULT
2026-07-06,회계/재무,브랜드,19,62.47631,,20,20,20,60,30,INTENT_EMPTY_RESULT
2026-07-13,회계/재무,브랜드,19,64.18193,,20,20,20,60,30,INTENT_EMPTY_RESULT
2026-07-20,회계/재무,브랜드,19,49.21036,,20,20,20,60,30,INTENT_EMPTY_RESULT
2025-12-29,회계/재무,재경관리사,18,64.65032,79.87616,20,20,20,60,30,OK
2026-01-05,회계/재무,재경관리사,18,91.89937,84.82972,20,20,20,60,30,OK
2026-01-12,회계/재무,재경관리사,18,64.29211,61.9195,20,20,20,60,30,OK
2026-01-19,회계/재무,재경관리사,18,57.13587,63.15789,20,20,20,60,30,OK
2026-01-26,회계/재무,재경관리사,18,94.17894,89.78328,20,20,20,60,30,OK
2026-02-02,회계/재무,재경관리사,18,87.30766,96.59442,20,20,20,60,30,OK
2026-02-09,회계/재무,재경관리사,18,53.81421,70.58823,20,20,20,60,30,OK
2026-02-16,회계/재무,재경관리사,18,44.13416,46.43962,20,20,20,60,30,OK
2026-02-23,회계/재무,재경관리사,18,80.53407,63.77708,20,20,20,60,30,OK
2026-03-02,회계/재무,재경관리사,18,82.01579,66.56346,20,20,20,60,30,OK
2026-03-09,회계/재무,재경관리사,18,59.43987,60.99071,20,20,20,60,30,OK
2026-03-16,회계/재무,재경관리사,18,60.84832,56.34674,20,20,20,60,30,OK
2026-03-23,회계/재무,재경관리사,18,100.0,99.6904,20,20,20,60,30,OK
2026-03-30,회계/재무,재경관리사,18,84.60473,100.0,20,20,20,60,30,OK
2026-04-06,회계/재무,재경관리사,18,61.16583,73.68421,20,20,20,60,30,OK
2026-04-13,회계/재무,재경관리사,18,79.15818,62.84829,20,20,20,60,30,OK
2026-04-20,회계/재무,재경관리사,18,67.94756,73.37461,20,20,20,60,30,OK
2026-04-27,회계/재무,재경관리사,18,49.54815,50.15479,20,20,20,60,30,OK
2026-05-04,회계/재무,재경관리사,18,48.41651,33.12693,20,20,20,60,30,OK
2026-05-11,회계/재무,재경관리사,18,87.80428,64.70588,20,20,20,60,30,OK
2026-05-18,회계/재무,재경관리사,18,74.06985,63.15789,20,20,20,60,30,OK
2026-05-25,회계/재무,재경관리사,18,76.39013,54.48916,20,20,20,60,30,OK
2026-06-01,회계/재무,재경관리사,18,58.77228,39.31888,20,20,20,60,30,OK
2026-06-08,회계/재무,재경관리사,18,57.52666,60.99071,20,20,20,60,30,OK
2026-06-15,회계/재무,재경관리사,18,88.39045,85.13931,20,20,20,60,30,OK
2026-06-22,회계/재무,재경관리사,18,83.44866,90.09287,20,20,20,60,30,OK
2026-06-29,회계/재무,재경관리사,18,94.65928,71.51702,20,20,20,60,30,OK
2026-07-06,회계/재무,재경관리사,18,62.27306,60.68111,20,20,20,60,30,OK
2026-07-13,회계/재무,재경관리사,18,51.85215,51.08359,20,20,20,60,30,OK
2026-07-20,회계/재무,재경관리사,18,54.07473,39.00928,20,20,20,60,30,OK
2025-12-29,마케팅,콘텐츠,373,88.31332,47.67441,20,20,20,60,30,OK
2026-01-05,마케팅,콘텐츠,373,98.86291,76.74418,20,20,20,60,30,OK
2026-01-12,마케팅,콘텐츠,373,93.87239,100.0,20,20,20,60,30,OK
2026-01-19,마케팅,콘텐츠,373,93.11433,66.27906,20,20,20,60,30,OK
2026-01-26,마케팅,콘텐츠,373,89.95578,65.11627,20,20,20,60,30,OK
2026-02-02,마케팅,콘텐츠,373,80.66961,44.18604,20,20,20,60,30,OK
2026-02-09,마케팅,콘텐츠,373,77.25837,51.16279,20,20,20,60,30,OK
2026-02-16,마케팅,콘텐츠,373,64.62413,52.32558,20,20,20,60,30,OK
2026-02-23,마케팅,콘텐츠,373,76.87934,63.95348,20,20,20,60,30,OK
2026-03-02,마케팅,콘텐츠,373,87.42893,60.46511,20,20,20,60,30,OK
2026-03-09,마케팅,콘텐츠,373,100.0,89.53488,20,20,20,60,30,OK
2026-03-16,마케팅,콘텐츠,373,94.88313,93.02325,20,20,20,60,30,OK
2026-03-23,마케팅,콘텐츠,373,84.58622,75.58139,20,20,20,60,30,OK
2026-03-30,마케팅,콘텐츠,373,89.45041,72.09302,20,20,20,60,30,OK
2026-04-06,마케팅,콘텐츠,373,83.44914,80.23255,20,20,20,60,30,OK
2026-04-13,마케팅,콘텐츠,373,79.46936,65.11627,20,20,20,60,30,OK
2026-04-20,마케팅,콘텐츠,373,76.94251,62.79069,20,20,20,60,30,OK
2026-04-27,마케팅,콘텐츠,373,69.29879,47.67441,20,20,20,60,30,OK
2026-05-04,마케팅,콘텐츠,373,65.50852,65.11627,20,20,20,60,30,OK
2026-05-11,마케팅,콘텐츠,373,72.96272,70.93023,20,20,20,60,30,OK
2026-05-18,마케팅,콘텐츠,373,74.41566,50.0,20,20,20,60,30,OK
2026-05-25,마케팅,콘텐츠,373,66.58243,45.34883,20,20,20,60,30,OK
2026-06-01,마케팅,콘텐츠,373,69.36197,53.48837,20,20,20,60,30,OK
2026-06-08,마케팅,콘텐츠,373,74.60518,76.74418,20,20,20,60,30,OK
2026-06-15,마케팅,콘텐츠,373,69.55148,51.16279,20,20,20,60,30,OK
2026-06-22,마케팅,콘텐츠,373,66.01389,62.79069,20,20,20,60,30,OK
2026-06-29,마케팅,콘텐츠,373,67.46683,89.53488,20,20,20,60,30,OK
2026-07-06,마케팅,콘텐츠,373,69.10928,38.37209,20,20,20,60,30,OK
2026-07-13,마케팅,콘텐츠,373,62.03411,51.16279,20,20,20,60,30,OK
2026-07-20,마케팅,콘텐츠,373,53.19014,63.95348,20,20,20,60,30,OK
2025-12-29,마케팅,광고,349,49.28897,31.57894,20,20,20,60,30,OK
2026-01-05,마케팅,광고,349,59.21652,100.0,20,20,20,60,30,OK
2026-01-12,마케팅,광고,349,54.70888,31.57894,20,20,20,60,30,OK
2026-01-19,마케팅,광고,349,54.57472,,20,20,20,60,30,OK
2026-01-26,마케팅,광고,349,46.25704,26.31578,20,20,20,60,30,OK
2026-02-02,마케팅,광고,349,48.37671,100.0,20,20,20,60,30,OK
2026-02-09,마케팅,광고,349,46.12288,,20,20,20,60,30,OK
2026-02-16,마케팅,광고,349,38.01985,,20,20,20,60,30,OK
2026-02-23,마케팅,광고,349,43.94955,,20,20,20,60,30,OK
2026-03-02,마케팅,광고,349,48.8865,,20,20,20,60,30,OK
2026-03-09,마케팅,광고,349,62.4631,,20,20,20,60,30,OK
2026-03-16,마케팅,광고,349,64.01931,,20,20,20,60,30,OK
2026-03-23,마케팅,광고,349,64.44861,26.31578,20,20,20,60,30,OK
2026-03-30,마케팅,광고,349,63.96565,31.57894,20,20,20,60,30,OK
2026-04-06,마케팅,광고,349,60.47759,,20,20,20,60,30,OK
2026-04-13,마케팅,광고,349,56.77488,,20,20,20,60,30,OK
2026-04-20,마케팅,광고,349,48.56452,,20,20,20,60,30,OK
2026-04-27,마케팅,광고,349,44.72766,,20,20,20,60,30,OK
2026-05-04,마케팅,광고,349,48.08156,,20,20,20,60,30,OK
2026-05-11,마케팅,광고,349,58.19694,,20,20,20,60,30,OK
2026-05-18,마케팅,광고,349,60.02146,26.31578,20,20,20,60,30,OK
2026-05-25,마케팅,광고,349,55.72846,,20,20,20,60,30,OK
2026-06-01,마케팅,광고,349,52.21357,26.31578,20,20,20,60,30,OK
2026-06-08,마케팅,광고,349,56.15776,26.31578,20,20,20,60,30,OK
2026-06-15,마케팅,광고,349,59.08237,,20,20,20,60,30,OK
2026-06-22,마케팅,광고,349,56.07727,,20,20,20,60,30,OK
2026-06-29,마케팅,광고,349,68.52696,,20,20,20,60,30,OK
2026-07-06,마케팅,광고,349,100.0,26.31578,20,20,20,60,30,OK
2026-07-13,마케팅,광고,349,82.29138,,20,20,20,60,30,OK
2026-07-20,마케팅,광고,349,52.29407,,20,20,20,60,30,OK
2025-12-29,마케팅,브랜드,336,73.37334,,20,20,20,60,30,INTENT_EMPTY_RESULT
2026-01-05,마케팅,브랜드,336,79.43777,,20,20,20,60,30,INTENT_EMPTY_RESULT
2026-01-12,마케팅,브랜드,336,80.32217,,20,20,20,60,30,INTENT_EMPTY_RESULT
2026-01-19,마케팅,브랜드,336,89.00821,,20,20,20,60,30,INTENT_EMPTY_RESULT
2026-01-26,마케팅,브랜드,336,89.86102,,20,20,20,60,30,INTENT_EMPTY_RESULT
2026-02-02,마케팅,브랜드,336,78.33228,,20,20,20,60,30,INTENT_EMPTY_RESULT
2026-02-09,마케팅,브랜드,336,69.96209,,20,20,20,60,30,INTENT_EMPTY_RESULT
2026-02-16,마케팅,브랜드,336,67.94061,,20,20,20,60,30,INTENT_EMPTY_RESULT
2026-02-23,마케팅,브랜드,336,76.0897,,20,20,20,60,30,INTENT_EMPTY_RESULT
2026-03-02,마케팅,브랜드,336,84.68098,,20,20,20,60,30,INTENT_EMPTY_RESULT
2026-03-09,마케팅,브랜드,336,100.0,,20,20,20,60,30,INTENT_EMPTY_RESULT
2026-03-16,마케팅,브랜드,336,93.17751,,20,20,20,60,30,INTENT_EMPTY_RESULT
2026-03-23,마케팅,브랜드,336,83.3228,,20,20,20,60,30,INTENT_EMPTY_RESULT
2026-03-30,마케팅,브랜드,336,85.43903,,20,20,20,60,30,INTENT_EMPTY_RESULT
2026-04-06,마케팅,브랜드,336,83.63866,,20,20,20,60,30,INTENT_EMPTY_RESULT
2026-04-13,마케팅,브랜드,336,85.37586,,20,20,20,60,30,INTENT_EMPTY_RESULT
2026-04-20,마케팅,브랜드,336,75.80543,,20,20,20,60,30,INTENT_EMPTY_RESULT
2026-04-27,마케팅,브랜드,336,71.79406,,20,20,20,60,30,INTENT_EMPTY_RESULT
2026-05-04,마케팅,브랜드,336,80.82754,,20,20,20,60,30,INTENT_EMPTY_RESULT
2026-05-11,마케팅,브랜드,336,84.33354,,20,20,20,60,30,INTENT_EMPTY_RESULT
2026-05-18,마케팅,브랜드,336,76.94251,,20,20,20,60,30,INTENT_EMPTY_RESULT
2026-05-25,마케팅,브랜드,336,72.3626,,20,20,20,60,30,INTENT_EMPTY_RESULT
2026-06-01,마케팅,브랜드,336,66.61402,,20,20,20,60,30,INTENT_EMPTY_RESULT
2026-06-08,마케팅,브랜드,336,65.41377,,20,20,20,60,30,INTENT_EMPTY_RESULT
2026-06-15,마케팅,브랜드,336,62.00252,,20,20,20,60,30,INTENT_EMPTY_RESULT
2026-06-22,마케팅,브랜드,336,56.69614,,20,20,20,60,30,INTENT_EMPTY_RESULT
2026-06-29,마케팅,브랜드,336,57.73847,,20,20,20,60,30,INTENT_EMPTY_RESULT
2026-07-06,마케팅,브랜드,336,62.47631,,20,20,20,60,30,INTENT_EMPTY_RESULT
2026-07-13,마케팅,브랜드,336,64.18193,,20,20,20,60,30,INTENT_EMPTY_RESULT
2026-07-20,마케팅,브랜드,336,49.21036,,20,20,20,60,30,INTENT_EMPTY_RESULT
2025-12-29,마케팅,SNS,238,100.0,,20,20,20,60,30,OK
2026-01-05,마케팅,SNS,238,86.91636,,20,20,20,60,30,OK
2026-01-12,마케팅,SNS,238,75.44894,,20,20,20,60,30,OK
2026-01-19,마케팅,SNS,238,70.93381,,20,20,20,60,30,OK
2026-01-26,마케팅,SNS,238,82.14468,41.66666,20,20,20,60,30,OK
2026-02-02,마케팅,SNS,238,82.42688,,20,20,20,60,30,OK
2026-02-09,마케팅,SNS,238,72.34479,,20,20,20,60,30,OK
2026-02-16,마케팅,SNS,238,66.77783,50.0,20,20,20,60,30,OK
2026-02-23,마케팅,SNS,238,72.96049,41.66666,20,20,20,60,30,OK
2026-03-02,마케팅,SNS,238,71.03642,,20,20,20,60,30,OK
2026-03-09,마케팅,SNS,238,72.52437,,20,20,20,60,30,OK
2026-03-16,마케팅,SNS,238,75.78245,,20,20,20,60,30,OK
2026-03-23,마케팅,SNS,238,71.54951,,20,20,20,60,30,OK
2026-03-30,마케팅,SNS,238,76.29553,,20,20,20,60,30,OK
2026-04-06,마케팅,SNS,238,70.93381,,20,20,20,60,30,OK
2026-04-13,마케팅,SNS,238,71.42124,,20,20,20,60,30,OK
2026-04-20,마케팅,SNS,238,68.80451,,20,20,20,60,30,OK
2026-04-27,마케팅,SNS,238,66.0082,,20,20,20,60,30,OK
2026-05-04,마케팅,SNS,238,69.16367,,20,20,20,60,30,OK
2026-05-11,마케팅,SNS,238,72.75525,100.0,20,20,20,60,30,OK
2026-05-18,마케팅,SNS,238,70.34376,91.66666,20,20,20,60,30,OK
2026-05-25,마케팅,SNS,238,64.82811,100.0,20,20,20,60,30,OK
2026-06-01,마케팅,SNS,238,70.62596,83.33333,20,20,20,60,30,OK
2026-06-08,마케팅,SNS,238,73.93535,,20,20,20,60,30,OK
2026-06-15,마케팅,SNS,238,69.39456,,20,20,20,60,30,OK
2026-06-22,마케팅,SNS,238,67.49615,,20,20,20,60,30,OK
2026-06-29,마케팅,SNS,238,66.52129,50.0,20,20,20,60,30,OK
2026-07-06,마케팅,SNS,238,71.03642,,20,20,20,60,30,OK
2026-07-13,마케팅,SNS,238,77.98871,,20,20,20,60,30,OK
2026-07-20,마케팅,SNS,238,52.30887,50.0,20,20,20,60,30,OK
2025-12-29,마케팅,Excel,210,76.72371,,20,20,20,60,30,INTENT_EMPTY_RESULT
2026-01-05,마케팅,Excel,210,97.45721,,20,20,20,60,30,INTENT_EMPTY_RESULT
2026-01-12,마케팅,Excel,210,100.0,,20,20,20,60,30,INTENT_EMPTY_RESULT
2026-01-19,마케팅,Excel,210,96.96821,,20,20,20,60,30,INTENT_EMPTY_RESULT
2026-01-26,마케팅,Excel,210,94.37652,,20,20,20,60,30,INTENT_EMPTY_RESULT
2026-02-02,마케팅,Excel,210,91.19804,,20,20,20,60,30,INTENT_EMPTY_RESULT
2026-02-09,마케팅,Excel,210,86.16136,,20,20,20,60,30,INTENT_EMPTY_RESULT
2026-02-16,마케팅,Excel,210,67.33496,,20,20,20,60,30,INTENT_EMPTY_RESULT
2026-02-23,마케팅,Excel,210,82.15158,,20,20,20,60,30,INTENT_EMPTY_RESULT
2026-03-02,마케팅,Excel,210,80.39119,,20,20,20,60,30,INTENT_EMPTY_RESULT
2026-03-09,마케팅,Excel,210,87.04156,,20,20,20,60,30,INTENT_EMPTY_RESULT
2026-03-16,마케팅,Excel,210,76.62591,,20,20,20,60,30,INTENT_EMPTY_RESULT
2026-03-23,마케팅,Excel,210,81.12469,,20,20,20,60,30,INTENT_EMPTY_RESULT
2026-03-30,마케팅,Excel,210,83.08068,,20,20,20,60,30,INTENT_EMPTY_RESULT
2026-04-06,마케팅,Excel,210,77.31051,,20,20,20,60,30,INTENT_EMPTY_RESULT
2026-04-13,마케팅,Excel,210,76.47921,,20,20,20,60,30,INTENT_EMPTY_RESULT
2026-04-20,마케팅,Excel,210,75.35452,,20,20,20,60,30,INTENT_EMPTY_RESULT
2026-04-27,마케팅,Excel,210,60.97799,,20,20,20,60,30,INTENT_EMPTY_RESULT
2026-05-04,마케팅,Excel,210,59.511,,20,20,20,60,30,INTENT_EMPTY_RESULT
2026-05-11,마케팅,Excel,210,61.85819,,20,20,20,60,30,INTENT_EMPTY_RESULT
2026-05-18,마케팅,Excel,210,62.20048,,20,20,20,60,30,INTENT_EMPTY_RESULT
2026-05-25,마케팅,Excel,210,64.35207,,20,20,20,60,30,INTENT_EMPTY_RESULT
2026-06-01,마케팅,Excel,210,86.16136,,20,20,20,60,30,INTENT_EMPTY_RESULT
2026-06-08,마케팅,Excel,210,96.23471,,20,20,20,60,30,INTENT_EMPTY_RESULT
2026-06-15,마케팅,Excel,210,81.80929,,20,20,20,60,30,INTENT_EMPTY_RESULT
2026-06-22,마케팅,Excel,210,79.4132,,20,20,20,60,30,INTENT_EMPTY_RESULT
2026-06-29,마케팅,Excel,210,68.36185,,20,20,20,60,30,INTENT_EMPTY_RESULT
2026-07-06,마케팅,Excel,210,69.92665,,20,20,20,60,30,INTENT_EMPTY_RESULT
2026-07-13,마케팅,Excel,210,64.98777,,20,20,20,60,30,INTENT_EMPTY_RESULT
2026-07-20,마케팅,Excel,210,53.64303,,20,20,20,60,30,INTENT_EMPTY_RESULT
,마케팅,영업/세일즈,205,,,20,20,20,60,0,BASE_EMPTY_RESULT;INTENT_EMPTY_RESULT
,마케팅,프로젝트관리(PM),193,,,20,20,20,60,0,BASE_EMPTY_RESULT;INTENT_EMPTY_RESULT
,마케팅,인사(HR),167,,,20,20,20,60,0,BASE_EMPTY_RESULT;INTENT_EMPTY_RESULT
2025-12-29,마케팅,PPT,160,64.26935,,20,20,20,60,30,INTENT_EMPTY_RESULT
2026-01-05,마케팅,PPT,160,70.72835,,20,20,20,60,30,INTENT_EMPTY_RESULT
2026-01-12,마케팅,PPT,160,64.38387,,20,20,20,60,30,INTENT_EMPTY_RESULT
2026-01-19,마케팅,PPT,160,60.765,,20,20,20,60,30,INTENT_EMPTY_RESULT
2026-01-26,마케팅,PPT,160,60.51305,,20,20,20,60,30,INTENT_EMPTY_RESULT
2026-02-02,마케팅,PPT,160,61.63536,,20,20,20,60,30,INTENT_EMPTY_RESULT
2026-02-09,마케팅,PPT,160,53.38983,,20,20,20,60,30,INTENT_EMPTY_RESULT
2026-02-16,마케팅,PPT,160,43.81584,,20,20,20,60,30,INTENT_EMPTY_RESULT
2026-02-23,마케팅,PPT,160,58.29134,,20,20,20,60,30,INTENT_EMPTY_RESULT
2026-03-02,마케팅,PPT,160,75.69857,,20,20,20,60,30,INTENT_EMPTY_RESULT
2026-03-09,마케팅,PPT,160,95.48786,,20,20,20,60,30,INTENT_EMPTY_RESULT
2026-03-16,마케팅,PPT,160,99.45029,,20,20,20,60,30,INTENT_EMPTY_RESULT
2026-03-23,마케팅,PPT,160,96.47274,,20,20,20,60,30,INTENT_EMPTY_RESULT
2026-03-30,마케팅,PPT,160,97.43472,,20,20,20,60,30,INTENT_EMPTY_RESULT
2026-04-06,마케팅,PPT,160,98.44251,,20,20,20,60,30,INTENT_EMPTY_RESULT
2026-04-13,마케팅,PPT,160,90.19697,,20,20,20,60,30,INTENT_EMPTY_RESULT
2026-04-20,마케팅,PPT,160,78.88227,,20,20,20,60,30,INTENT_EMPTY_RESULT
2026-04-27,마케팅,PPT,160,75.2863,,20,20,20,60,30,INTENT_EMPTY_RESULT
2026-05-04,마케팅,PPT,160,85.82226,,20,20,20,60,30,INTENT_EMPTY_RESULT
2026-05-11,마케팅,PPT,160,100.0,,20,20,20,60,30,INTENT_EMPTY_RESULT
2026-05-18,마케팅,PPT,160,93.19743,,20,20,20,60,30,INTENT_EMPTY_RESULT
2026-05-25,마케팅,PPT,160,87.95235,,20,20,20,60,30,INTENT_EMPTY_RESULT
2026-06-01,마케팅,PPT,160,83.78378,,20,20,20,60,30,INTENT_EMPTY_RESULT
2026-06-08,마케팅,PPT,160,83.18827,,20,20,20,60,30,INTENT_EMPTY_RESULT
2026-06-15,마케팅,PPT,160,66.88043,,20,20,20,60,30,INTENT_EMPTY_RESULT
2026-06-22,마케팅,PPT,160,53.71049,,20,20,20,60,30,INTENT_EMPTY_RESULT
2026-06-29,마케팅,PPT,160,53.50435,,20,20,20,60,30,INTENT_EMPTY_RESULT
2026-07-06,마케팅,PPT,160,66.51397,,20,20,20,60,30,INTENT_EMPTY_RESULT
2026-07-13,마케팅,PPT,160,58.31424,,20,20,20,60,30,INTENT_EMPTY_RESULT
2026-07-20,마케팅,PPT,160,38.29592,,20,20,20,60,30,INTENT_EMPTY_RESULT
2025-12-29,마케팅,홍보,151,64.69428,57.66423,20,20,20,60,30,OK
2026-01-05,마케팅,홍보,151,75.73964,96.89781,20,20,20,60,30,OK
2026-01-12,마케팅,홍보,151,74.35897,85.21897,20,20,20,60,30,OK
2026-01-19,마케팅,홍보,151,72.58382,81.20437,20,20,20,60,30,OK
2026-01-26,마케팅,홍보,151,74.45759,85.21897,20,20,20,60,30,OK
2026-02-02,마케팅,홍보,151,76.13412,81.75182,20,20,20,60,30,OK
2026-02-09,마케팅,홍보,151,67.25838,64.05109,20,20,20,60,30,OK
2026-02-16,마케팅,홍보,151,54.73372,45.07299,20,20,20,60,30,OK
2026-02-23,마케팅,홍보,151,72.68244,66.78832,20,20,20,60,30,OK
2026-03-02,마케팅,홍보,151,77.81065,62.04379,20,20,20,60,30,OK
2026-03-09,마케팅,홍보,151,84.714,74.27007,20,20,20,60,30,OK
2026-03-16,마케팅,홍보,151,100.0,78.64963,20,20,20,60,30,OK
2026-03-23,마케팅,홍보,151,90.8284,72.26277,20,20,20,60,30,OK
2026-03-30,마케팅,홍보,151,80.96646,80.10948,20,20,20,60,30,OK
2026-04-06,마케팅,홍보,151,86.29191,75.72992,20,20,20,60,30,OK
2026-04-13,마케팅,홍보,151,83.53057,72.9927,20,20,20,60,30,OK
2026-04-20,마케팅,홍보,151,79.38856,71.53284,20,20,20,60,30,OK
2026-04-27,마케팅,홍보,151,66.56804,66.42335,20,20,20,60,30,OK
2026-05-04,마케팅,홍보,151,61.53846,63.50364,20,20,20,60,30,OK
2026-05-11,마케팅,홍보,151,77.90927,71.53284,20,20,20,60,30,OK
2026-05-18,마케팅,홍보,151,69.52662,76.09489,20,20,20,60,30,OK
2026-05-25,마케팅,홍보,151,73.57001,62.40875,20,20,20,60,30,OK
2026-06-01,마케팅,홍보,151,61.34122,57.11678,20,20,20,60,30,OK
2026-06-08,마케팅,홍보,151,62.13017,75.36496,20,20,20,60,30,OK
2026-06-15,마케팅,홍보,151,57.79092,89.9635,20,20,20,60,30,OK
2026-06-22,마케팅,홍보,151,58.38264,88.50364,20,20,20,60,30,OK
2026-06-29,마케팅,홍보,151,59.36883,97.26277,20,20,20,60,30,OK
2026-07-06,마케팅,홍보,151,55.52268,100.0,20,20,20,60,30,OK
2026-07-13,마케팅,홍보,151,49.60552,84.67153,20,20,20,60,30,OK
2026-07-20,마케팅,홍보,151,45.46351,91.42335,20,20,20,60,30,OK
2025-12-29,마케팅,영상,129,80.60091,,20,20,20,60,30,OK
2026-01-05,마케팅,영상,129,92.16198,60.0,20,20,20,60,30,OK
2026-01-12,마케팅,영상,129,100.0,48.0,20,20,20,60,30,OK
2026-01-19,마케팅,영상,129,87.39386,58.0,20,20,20,60,30,OK
2026-01-26,마케팅,영상,129,84.91182,56.0,20,20,20,60,30,OK
2026-02-02,마케팅,영상,129,95.62377,100.0,20,20,20,60,30,OK
2026-02-09,마케팅,영상,129,96.99542,64.0,20,20,20,60,30,OK
2026-02-16,마케팅,영상,129,78.77204,22.0,20,20,20,60,30,OK
2026-02-23,마케팅,영상,129,82.56041,42.0,20,20,20,60,30,OK
2026-03-02,마케팅,영상,129,81.38471,42.0,20,20,20,60,30,OK
2026-03-09,마케팅,영상,129,90.79033,28.0,20,20,20,60,30,OK
2026-03-16,마케팅,영상,129,84.8465,30.0,20,20,20,60,30,OK
2026-03-23,마케팅,영상,129,77.98824,24.0,20,20,20,60,30,OK
2026-03-30,마케팅,영상,129,76.15937,46.0,20,20,20,60,30,OK
2026-04-06,마케팅,영상,129,77.53102,14.0,20,20,20,60,30,OK
2026-04-13,마케팅,영상,129,78.31482,26.0,20,20,20,60,30,OK
2026-04-20,마케팅,영상,129,78.70672,,20,20,20,60,30,OK
2026-04-27,마케팅,영상,129,68.97452,10.0,20,20,20,60,30,OK
2026-05-04,마케팅,영상,129,65.83932,,20,20,20,60,30,OK
2026-05-11,마케팅,영상,129,71.84846,20.0,20,20,20,60,30,OK
2026-05-18,마케팅,영상,129,65.3821,10.0,20,20,20,60,30,OK
2026-05-25,마케팅,영상,129,62.83474,10.0,20,20,20,60,30,OK
2026-06-01,마케팅,영상,129,63.74918,,20,20,20,60,30,OK
2026-06-08,마케팅,영상,129,70.99934,,20,20,20,60,30,OK
2026-06-15,마케팅,영상,129,67.86414,,20,20,20,60,30,OK
2026-06-22,마케팅,영상,129,60.41802,28.0,20,20,20,60,30,OK
2026-06-29,마케팅,영상,129,64.85956,60.0,20,20,20,60,30,OK
2026-07-06,마케팅,영상,129,64.9902,32.0,20,20,20,60,30,OK
2026-07-13,마케팅,영상,129,57.87067,50.0,20,20,20,60,30,OK
2026-07-20,마케팅,영상,129,44.74199,26.0,20,20,20,60,30,OK
2025-12-29,마케팅,디자인,118,61.96518,57.29166,20,20,20,60,30,OK
2026-01-05,마케팅,디자인,118,72.82384,72.56944,20,20,20,60,30,OK
2026-01-12,마케팅,디자인,118,74.56476,94.44444,20,20,20,60,30,OK
2026-01-19,마케팅,디자인,118,73.35497,80.55555,20,20,20,60,30,OK
2026-01-26,마케팅,디자인,118,69.96164,77.43055,20,20,20,60,30,OK
2026-02-02,마케팅,디자인,118,71.76158,79.51388,20,20,20,60,30,OK
2026-02-09,마케팅,디자인,118,66.33225,92.36111,20,20,20,60,30,OK
2026-02-16,마케팅,디자인,118,48.00826,56.94444,20,20,20,60,30,OK
2026-02-23,마케팅,디자인,118,71.28946,91.66666,20,20,20,60,30,OK
2026-03-02,마케팅,디자인,118,79.84656,100.0,20,20,20,60,30,OK
2026-03-09,마케팅,디자인,118,100.0,98.26388,20,20,20,60,30,OK
2026-03-16,마케팅,디자인,118,84.83328,84.02777,20,20,20,60,30,OK
2026-03-23,마케팅,디자인,118,79.25641,62.84722,20,20,20,60,30,OK
2026-03-30,마케팅,디자인,118,75.80407,68.05555,20,20,20,60,30,OK
2026-04-06,마케팅,디자인,118,79.1974,61.80555,20,20,20,60,30,OK
2026-04-13,마케팅,디자인,118,70.6403,69.79166,20,20,20,60,30,OK
2026-04-20,마케팅,디자인,118,65.29949,54.16666,20,20,20,60,30,OK
2026-04-27,마케팅,디자인,118,62.17173,44.79166,20,20,20,60,30,OK
2026-05-04,마케팅,디자인,118,62.93892,53.47222,20,20,20,60,30,OK
2026-05-11,마케팅,디자인,118,68.92888,61.11111,20,20,20,60,30,OK
2026-05-18,마케팅,디자인,118,68.30923,49.30555,20,20,20,60,30,OK
2026-05-25,마케팅,디자인,118,64.0897,41.66666,20,20,20,60,30,OK
2026-06-01,마케팅,디자인,118,62.85039,41.31944,20,20,20,60,30,OK
2026-06-08,마케팅,디자인,118,67.54204,54.51388,20,20,20,60,30,OK
2026-06-15,마케팅,디자인,118,63.17497,55.55555,20,20,20,60,30,OK
2026-06-22,마케팅,디자인,118,56.03422,47.91666,20,20,20,60,30,OK
2026-06-29,마케팅,디자인,118,57.12599,45.48611,20,20,20,60,30,OK
2026-07-06,마케팅,디자인,118,67.51254,43.05555,20,20,20,60,30,OK
2026-07-13,마케팅,디자인,118,53.37857,32.63888,20,20,20,60,30,OK
2026-07-20,마케팅,디자인,118,45.47064,36.11111,20,20,20,60,30,OK
2025-12-29,마케팅,CRM,91,69.23371,6.12244,20,20,20,60,30,OK
2026-01-05,마케팅,CRM,91,100.0,27.55102,20,20,20,60,30,OK
2026-01-12,마케팅,CRM,91,91.80076,54.08163,20,20,20,60,30,OK
2026-01-19,마케팅,CRM,91,88.85057,31.63265,20,20,20,60,30,OK
2026-01-26,마케팅,CRM,91,88.69731,17.34693,20,20,20,60,30,OK
2026-02-02,마케팅,CRM,91,96.47509,33.67346,20,20,20,60,30,OK
2026-02-09,마케팅,CRM,91,84.98084,54.08163,20,20,20,60,30,OK
2026-02-16,마케팅,CRM,91,51.99233,27.55102,20,20,20,60,30,OK
2026-02-23,마케팅,CRM,91,92.7203,63.2653,20,20,20,60,30,OK
2026-03-02,마케팅,CRM,91,77.16475,16.32653,20,20,20,60,30,OK
2026-03-09,마케팅,CRM,91,96.59003,51.0204,20,20,20,60,30,OK
2026-03-16,마케팅,CRM,91,92.26053,74.48979,20,20,20,60,30,OK
2026-03-23,마케팅,CRM,91,91.87739,91.83673,20,20,20,60,30,OK
2026-03-30,마케팅,CRM,91,89.04214,98.97959,20,20,20,60,30,OK
2026-04-06,마케팅,CRM,91,92.9885,100.0,20,20,20,60,30,OK
2026-04-13,마케팅,CRM,91,92.26053,71.42857,20,20,20,60,30,OK
2026-04-20,마케팅,CRM,91,93.37164,60.20408,20,20,20,60,30,OK
2026-04-27,마케팅,CRM,91,74.17624,65.30612,20,20,20,60,30,OK
2026-05-04,마케팅,CRM,91,74.36781,65.30612,20,20,20,60,30,OK
2026-05-11,마케팅,CRM,91,83.2567,60.20408,20,20,20,60,30,OK
2026-05-18,마케팅,CRM,91,83.5249,54.08163,20,20,20,60,30,OK
2026-05-25,마케팅,CRM,91,82.22222,52.04081,20,20,20,60,30,OK
2026-06-01,마케팅,CRM,91,74.78927,85.71428,20,20,20,60,30,OK
2026-06-08,마케팅,CRM,91,85.47892,82.65306,20,20,20,60,30,OK
2026-06-15,마케팅,CRM,91,78.19923,53.06122,20,20,20,60,30,OK
2026-06-22,마케팅,CRM,91,72.22222,71.42857,20,20,20,60,30,OK
2026-06-29,마케팅,CRM,91,74.40613,57.14285,20,20,20,60,30,OK
2026-07-06,마케팅,CRM,91,76.85823,71.42857,20,20,20,60,30,OK
2026-07-13,마케팅,CRM,91,63.60153,45.91836,20,20,20,60,30,OK
2026-07-20,마케팅,CRM,91,65.21072,51.0204,20,20,20,60,30,OK
,마케팅,구글애널리틱스(GA),43,,,20,20,20,60,0,BASE_EMPTY_RESULT;INTENT_EMPTY_RESULT
2025-12-29,마케팅,ERP,38,70.0192,14.02714,20,20,20,60,30,OK
2026-01-05,마케팅,ERP,38,100.0,28.95927,20,20,20,60,30,OK
2026-01-12,마케팅,ERP,38,93.37266,35.29411,20,20,20,60,30,OK
2026-01-19,마케팅,ERP,38,96.54226,43.8914,20,20,20,60,30,OK
2026-01-26,마케팅,ERP,38,90.23051,63.34841,20,20,20,60,30,OK
2026-02-02,마케팅,ERP,38,88.11745,79.638,20,20,20,60,30,OK
2026-02-09,마케팅,ERP,38,76.86608,100.0,20,20,20,60,30,OK
2026-02-16,마케팅,ERP,38,48.86114,38.46153,20,20,20,60,30,OK
2026-02-23,마케팅,ERP,38,84.87925,68.32579,20,20,20,60,30,OK
2026-03-02,마케팅,ERP,38,84.23435,54.75113,20,20,20,60,30,OK
2026-03-09,마케팅,ERP,38,88.22722,42.53393,20,20,20,60,30,OK
2026-03-16,마케팅,ERP,38,84.81064,29.41176,20,20,20,60,30,OK
2026-03-23,마케팅,ERP,38,87.59604,19.00452,20,20,20,60,30,OK
2026-03-30,마케팅,ERP,38,83.89132,9.95475,20,20,20,60,30,OK
2026-04-06,마케팅,ERP,38,83.71295,17.64705,20,20,20,60,30,OK
2026-04-13,마케팅,ERP,38,81.7371,25.79185,20,20,20,60,30,OK
2026-04-20,마케팅,ERP,38,75.41163,19.9095,20,20,20,60,30,OK
2026-04-27,마케팅,ERP,38,68.3315,10.85972,20,20,20,60,30,OK
2026-05-04,마케팅,ERP,38,65.05214,8.59728,20,20,20,60,30,OK
2026-05-11,마케팅,ERP,38,72.68111,10.85972,20,20,20,60,30,OK
2026-05-18,마케팅,ERP,38,71.00713,16.28959,20,20,20,60,30,OK
2026-05-25,마케팅,ERP,38,69.22338,2.26244,20,20,20,60,30,OK
2026-06-01,마케팅,ERP,38,61.29253,,20,20,20,60,30,OK
2026-06-08,마케팅,ERP,38,69.85455,2.26244,20,20,20,60,30,OK
2026-06-15,마케팅,ERP,38,71.78924,8.59728,20,20,20,60,30,OK
2026-06-22,마케팅,ERP,38,69.82711,,20,20,20,60,30,OK
2026-06-29,마케팅,ERP,38,73.17508,2.26244,20,20,20,60,30,OK
2026-07-06,마케팅,ERP,38,69.53896,7.23981,20,20,20,60,30,OK
2026-07-13,마케팅,ERP,38,61.08671,11.31221,20,20,20,60,30,OK
2026-07-20,마케팅,ERP,38,58.24643,10.40723,20,20,20,60,30,OK
2025-12-29,마케팅,SQL,33,62.58175,,20,20,20,60,30,INTENT_EMPTY_RESULT
2026-01-05,마케팅,SQL,33,81.06712,,20,20,20,60,30,INTENT_EMPTY_RESULT
2026-01-12,마케팅,SQL,33,75.49053,,20,20,20,60,30,INTENT_EMPTY_RESULT
2026-01-19,마케팅,SQL,33,74.01032,,20,20,20,60,30,INTENT_EMPTY_RESULT
2026-01-26,마케팅,SQL,33,73.94148,,20,20,20,60,30,INTENT_EMPTY_RESULT
2026-02-02,마케팅,SQL,33,94.52667,,20,20,20,60,30,INTENT_EMPTY_RESULT
2026-02-09,마케팅,SQL,33,77.7969,,20,20,20,60,30,INTENT_EMPTY_RESULT
2026-02-16,마케팅,SQL,33,59.72461,,20,20,20,60,30,INTENT_EMPTY_RESULT
2026-02-23,마케팅,SQL,33,87.53872,,20,20,20,60,30,INTENT_EMPTY_RESULT
2026-03-02,마케팅,SQL,33,100.0,,20,20,20,60,30,INTENT_EMPTY_RESULT
2026-03-09,마케팅,SQL,33,79.55249,,20,20,20,60,30,INTENT_EMPTY_RESULT
2026-03-16,마케팅,SQL,33,82.99483,,20,20,20,60,30,INTENT_EMPTY_RESULT
2026-03-23,마케팅,SQL,33,70.67125,,20,20,20,60,30,INTENT_EMPTY_RESULT
2026-03-30,마케팅,SQL,33,60.48192,,20,20,20,60,30,INTENT_EMPTY_RESULT
2026-04-06,마케팅,SQL,33,63.27022,,20,20,20,60,30,INTENT_EMPTY_RESULT
2026-04-13,마케팅,SQL,33,63.51118,,20,20,20,60,30,INTENT_EMPTY_RESULT
2026-04-20,마케팅,SQL,33,63.75215,,20,20,20,60,30,INTENT_EMPTY_RESULT
2026-04-27,마케팅,SQL,33,63.44234,,20,20,20,60,30,INTENT_EMPTY_RESULT
2026-05-04,마케팅,SQL,33,49.53528,,20,20,20,60,30,INTENT_EMPTY_RESULT
2026-05-11,마케팅,SQL,33,57.38382,,20,20,20,60,30,INTENT_EMPTY_RESULT
2026-05-18,마케팅,SQL,33,54.45783,,20,20,20,60,30,INTENT_EMPTY_RESULT
2026-05-25,마케팅,SQL,33,62.99483,,20,20,20,60,30,INTENT_EMPTY_RESULT
2026-06-01,마케팅,SQL,33,48.46815,,20,20,20,60,30,INTENT_EMPTY_RESULT
2026-06-08,마케팅,SQL,33,55.83476,,20,20,20,60,30,INTENT_EMPTY_RESULT
2026-06-15,마케팅,SQL,33,53.01204,,20,20,20,60,30,INTENT_EMPTY_RESULT
2026-06-22,마케팅,SQL,33,54.21686,,20,20,20,60,30,INTENT_EMPTY_RESULT
2026-06-29,마케팅,SQL,33,55.5938,,20,20,20,60,30,INTENT_EMPTY_RESULT
2026-07-06,마케팅,SQL,33,56.31669,,20,20,20,60,30,INTENT_EMPTY_RESULT
2026-07-13,마케팅,SQL,33,49.81067,,20,20,20,60,30,INTENT_EMPTY_RESULT
2026-07-20,마케팅,SQL,33,57.48709,,20,20,20,60,30,INTENT_EMPTY_RESULT
2025-12-29,마케팅,세일즈,31,66.31944,,20,20,20,60,30,OK
2026-01-05,마케팅,세일즈,31,81.94444,,20,20,20,60,30,OK
2026-01-12,마케팅,세일즈,31,100.0,,20,20,20,60,30,OK
2026-01-19,마케팅,세일즈,31,82.8125,,20,20,20,60,30,OK
2026-01-26,마케팅,세일즈,31,82.63888,,20,20,20,60,30,OK
2026-02-02,마케팅,세일즈,31,84.54861,,20,20,20,60,30,OK
2026-02-09,마케팅,세일즈,31,73.78472,,20,20,20,60,30,OK
2026-02-16,마케팅,세일즈,31,60.41666,,20,20,20,60,30,OK
2026-02-23,마케팅,세일즈,31,78.81944,,20,20,20,60,30,OK
2026-03-02,마케팅,세일즈,31,80.20833,,20,20,20,60,30,OK
2026-03-09,마케팅,세일즈,31,88.36805,,20,20,20,60,30,OK
2026-03-16,마케팅,세일즈,31,82.46527,,20,20,20,60,30,OK
2026-03-23,마케팅,세일즈,31,82.11805,,20,20,20,60,30,OK
2026-03-30,마케팅,세일즈,31,84.375,,20,20,20,60,30,OK
2026-04-06,마케팅,세일즈,31,76.90972,,20,20,20,60,30,OK
2026-04-13,마케팅,세일즈,31,82.8125,,20,20,20,60,30,OK
2026-04-20,마케팅,세일즈,31,83.33333,,20,20,20,60,30,OK
2026-04-27,마케팅,세일즈,31,61.63194,100.0,20,20,20,60,30,OK
2026-05-04,마케팅,세일즈,31,58.15972,,20,20,20,60,30,OK
2026-05-11,마케팅,세일즈,31,67.36111,,20,20,20,60,30,OK
2026-05-18,마케팅,세일즈,31,61.11111,,20,20,20,60,30,OK
2026-05-25,마케팅,세일즈,31,57.98611,,20,20,20,60,30,OK
2026-06-01,마케팅,세일즈,31,57.8125,,20,20,20,60,30,OK
2026-06-08,마케팅,세일즈,31,57.11805,,20,20,20,60,30,OK
2026-06-15,마케팅,세일즈,31,60.76388,,20,20,20,60,30,OK
2026-06-22,마케팅,세일즈,31,62.84722,,20,20,20,60,30,OK
2026-06-29,마케팅,세일즈,31,58.68055,,20,20,20,60,30,OK
2026-07-06,마케팅,세일즈,31,71.35416,,20,20,20,60,30,OK
2026-07-13,마케팅,세일즈,31,60.06944,,20,20,20,60,30,OK
2026-07-20,마케팅,세일즈,31,59.54861,,20,20,20,60,30,OK
2025-12-29,마케팅,컴퓨터활용능력,30,88.04736,,20,20,20,60,30,INTENT_EMPTY_RESULT
2026-01-05,마케팅,컴퓨터활용능력,30,100.0,,20,20,20,60,30,INTENT_EMPTY_RESULT
2026-01-12,마케팅,컴퓨터활용능력,30,84.49488,,20,20,20,60,30,INTENT_EMPTY_RESULT
2026-01-19,마케팅,컴퓨터활용능력,30,79.47452,,20,20,20,60,30,INTENT_EMPTY_RESULT
2026-01-26,마케팅,컴퓨터활용능력,30,75.61366,,20,20,20,60,30,INTENT_EMPTY_RESULT
2026-02-02,마케팅,컴퓨터활용능력,30,82.76797,,20,20,20,60,30,INTENT_EMPTY_RESULT
2026-02-09,마케팅,컴퓨터활용능력,30,70.2726,,20,20,20,60,30,INTENT_EMPTY_RESULT
2026-02-16,마케팅,컴퓨터활용능력,30,56.6424,,20,20,20,60,30,INTENT_EMPTY_RESULT
2026-02-23,마케팅,컴퓨터활용능력,30,68.36067,,20,20,20,60,30,INTENT_EMPTY_RESULT
2026-03-02,마케팅,컴퓨터활용능력,30,73.52904,,20,20,20,60,30,INTENT_EMPTY_RESULT
2026-03-09,마케팅,컴퓨터활용능력,30,70.69199,,20,20,20,60,30,INTENT_EMPTY_RESULT
2026-03-16,마케팅,컴퓨터활용능력,30,66.49808,,20,20,20,60,30,INTENT_EMPTY_RESULT
2026-03-23,마케팅,컴퓨터활용능력,30,58.03626,,20,20,20,60,30,INTENT_EMPTY_RESULT
2026-03-30,마케팅,컴퓨터활용능력,30,54.92784,,20,20,20,60,30,INTENT_EMPTY_RESULT
2026-04-06,마케팅,컴퓨터활용능력,30,53.20093,,20,20,20,60,30,INTENT_EMPTY_RESULT
2026-04-13,마케팅,컴퓨터활용능력,30,52.2388,,20,20,20,60,30,INTENT_EMPTY_RESULT
2026-04-20,마케팅,컴퓨터활용능력,30,48.62464,,20,20,20,60,30,INTENT_EMPTY_RESULT
2026-04-27,마케팅,컴퓨터활용능력,30,37.44911,,20,20,20,60,30,INTENT_EMPTY_RESULT
2026-05-04,마케팅,컴퓨터활용능력,30,35.37683,,20,20,20,60,30,INTENT_EMPTY_RESULT
2026-05-11,마케팅,컴퓨터활용능력,30,40.23683,,20,20,20,60,30,INTENT_EMPTY_RESULT
2026-05-18,마케팅,컴퓨터활용능력,30,40.47119,,20,20,20,60,30,INTENT_EMPTY_RESULT
2026-05-25,마케팅,컴퓨터활용능력,30,43.49327,,20,20,20,60,30,INTENT_EMPTY_RESULT
2026-06-01,마케팅,컴퓨터활용능력,30,41.23596,,20,20,20,60,30,INTENT_EMPTY_RESULT
2026-06-08,마케팅,컴퓨터활용능력,30,49.30307,,20,20,20,60,30,INTENT_EMPTY_RESULT
2026-06-15,마케팅,컴퓨터활용능력,30,54.15073,,20,20,20,60,30,INTENT_EMPTY_RESULT
2026-06-22,마케팅,컴퓨터활용능력,30,65.58529,,20,20,20,60,30,INTENT_EMPTY_RESULT
2026-06-29,마케팅,컴퓨터활용능력,30,82.75564,,20,20,20,60,30,INTENT_EMPTY_RESULT
2026-07-06,마케팅,컴퓨터활용능력,30,85.65437,,20,20,20,60,30,INTENT_EMPTY_RESULT
2026-07-13,마케팅,컴퓨터활용능력,30,80.39965,,20,20,20,60,30,INTENT_EMPTY_RESULT
2026-07-20,마케팅,컴퓨터활용능력,30,75.42864,,20,20,20,60,30,INTENT_EMPTY_RESULT
2025-12-29,마케팅,상품기획,28,40.0,,20,20,20,60,30,OK
2026-01-05,마케팅,상품기획,28,100.0,33.33333,20,20,20,60,30,OK
2026-01-12,마케팅,상품기획,28,96.0,,20,20,20,60,30,OK
2026-01-19,마케팅,상품기획,28,26.66666,15.15151,20,20,20,60,30,OK
2026-01-26,마케팅,상품기획,28,56.0,100.0,20,20,20,60,30,OK
2026-02-02,마케팅,상품기획,28,57.33333,75.75757,20,20,20,60,30,OK
2026-02-09,마케팅,상품기획,28,32.0,87.87878,20,20,20,60,30,OK
2026-02-16,마케팅,상품기획,28,48.0,33.33333,20,20,20,60,30,OK
2026-02-23,마케팅,상품기획,28,53.33333,66.66666,20,20,20,60,30,OK
2026-03-02,마케팅,상품기획,28,76.0,90.90909,20,20,20,60,30,OK
2026-03-09,마케팅,상품기획,28,45.33333,100.0,20,20,20,60,30,OK
2026-03-16,마케팅,상품기획,28,46.66666,81.81818,20,20,20,60,30,OK
2026-03-23,마케팅,상품기획,28,42.66666,36.36363,20,20,20,60,30,OK
2026-03-30,마케팅,상품기획,28,32.0,,20,20,20,60,30,OK
2026-04-06,마케팅,상품기획,28,57.33333,30.30303,20,20,20,60,30,OK
2026-04-13,마케팅,상품기획,28,22.66666,,20,20,20,60,30,OK
2026-04-20,마케팅,상품기획,28,44.0,,20,20,20,60,30,OK
2026-04-27,마케팅,상품기획,28,14.66666,,20,20,20,60,30,OK
2026-05-04,마케팅,상품기획,28,17.33333,,20,20,20,60,30,OK
2026-05-11,마케팅,상품기획,28,25.33333,,20,20,20,60,30,OK
2026-05-18,마케팅,상품기획,28,24.0,15.15151,20,20,20,60,30,OK
2026-05-25,마케팅,상품기획,28,14.66666,15.15151,20,20,20,60,30,OK
2026-06-01,마케팅,상품기획,28,6.66666,,20,20,20,60,30,OK
2026-06-08,마케팅,상품기획,28,49.33333,,20,20,20,60,30,OK
2026-06-15,마케팅,상품기획,28,25.33333,,20,20,20,60,30,OK
2026-06-22,마케팅,상품기획,28,24.0,,20,20,20,60,30,OK
2026-06-29,마케팅,상품기획,28,26.66666,,20,20,20,60,30,OK
2026-07-06,마케팅,상품기획,28,26.66666,,20,20,20,60,30,OK
2026-07-13,마케팅,상품기획,28,26.66666,15.15151,20,20,20,60,30,OK
2026-07-20,마케팅,상품기획,28,9.33333,,20,20,20,60,30,OK
2025-12-29,마케팅,판매,25,79.28286,,20,20,20,60,30,INTENT_EMPTY_RESULT
2026-01-05,마케팅,판매,25,83.06772,,20,20,20,60,30,INTENT_EMPTY_RESULT
2026-01-12,마케팅,판매,25,87.45019,,20,20,20,60,30,INTENT_EMPTY_RESULT
2026-01-19,마케팅,판매,25,86.05577,,20,20,20,60,30,INTENT_EMPTY_RESULT
2026-01-26,마케팅,판매,25,81.07569,,20,20,20,60,30,INTENT_EMPTY_RESULT
2026-02-02,마케팅,판매,25,89.64143,,20,20,20,60,30,INTENT_EMPTY_RESULT
2026-02-09,마케팅,판매,25,86.45418,,20,20,20,60,30,INTENT_EMPTY_RESULT
2026-02-16,마케팅,판매,25,75.89641,,20,20,20,60,30,INTENT_EMPTY_RESULT
2026-02-23,마케팅,판매,25,79.48207,,20,20,20,60,30,INTENT_EMPTY_RESULT
2026-03-02,마케팅,판매,25,76.89243,,20,20,20,60,30,INTENT_EMPTY_RESULT
2026-03-09,마케팅,판매,25,82.86852,,20,20,20,60,30,INTENT_EMPTY_RESULT
2026-03-16,마케팅,판매,25,80.67729,,20,20,20,60,30,INTENT_EMPTY_RESULT
2026-03-23,마케팅,판매,25,89.24302,,20,20,20,60,30,INTENT_EMPTY_RESULT
2026-03-30,마케팅,판매,25,95.81673,,20,20,20,60,30,INTENT_EMPTY_RESULT
2026-04-06,마케팅,판매,25,85.45816,,20,20,20,60,30,INTENT_EMPTY_RESULT
2026-04-13,마케팅,판매,25,93.8247,,20,20,20,60,30,INTENT_EMPTY_RESULT
2026-04-20,마케팅,판매,25,89.84063,,20,20,20,60,30,INTENT_EMPTY_RESULT
2026-04-27,마케팅,판매,25,82.07171,,20,20,20,60,30,INTENT_EMPTY_RESULT
2026-05-04,마케팅,판매,25,82.07171,,20,20,20,60,30,INTENT_EMPTY_RESULT
2026-05-11,마케팅,판매,25,83.66533,,20,20,20,60,30,INTENT_EMPTY_RESULT
2026-05-18,마케팅,판매,25,100.0,,20,20,20,60,30,INTENT_EMPTY_RESULT
2026-05-25,마케팅,판매,25,85.05976,,20,20,20,60,30,INTENT_EMPTY_RESULT
2026-06-01,마케팅,판매,25,77.29083,,20,20,20,60,30,INTENT_EMPTY_RESULT
2026-06-08,마케팅,판매,25,76.09561,,20,20,20,60,30,INTENT_EMPTY_RESULT
2026-06-15,마케팅,판매,25,59.36254,,20,20,20,60,30,INTENT_EMPTY_RESULT
2026-06-22,마케팅,판매,25,56.3745,,20,20,20,60,30,INTENT_EMPTY_RESULT
2026-06-29,마케팅,판매,25,51.39442,,20,20,20,60,30,INTENT_EMPTY_RESULT
2026-07-06,마케팅,판매,25,64.54183,,20,20,20,60,30,INTENT_EMPTY_RESULT
2026-07-13,마케팅,판매,25,45.41832,,20,20,20,60,30,INTENT_EMPTY_RESULT
2026-07-20,마케팅,판매,25,46.21513,,20,20,20,60,30,INTENT_EMPTY_RESULT
2025-12-29,개발,Python,531,51.42857,,20,20,20,60,30,INTENT_EMPTY_RESULT
2026-01-05,개발,Python,531,66.97388,,20,20,20,60,30,INTENT_EMPTY_RESULT
2026-01-12,개발,Python,531,64.60829,,20,20,20,60,30,INTENT_EMPTY_RESULT
2026-01-19,개발,Python,531,64.97695,,20,20,20,60,30,INTENT_EMPTY_RESULT
2026-01-26,개발,Python,531,67.25038,,20,20,20,60,30,INTENT_EMPTY_RESULT
2026-02-02,개발,Python,531,65.16129,,20,20,20,60,30,INTENT_EMPTY_RESULT
2026-02-09,개발,Python,531,62.18125,,20,20,20,60,30,INTENT_EMPTY_RESULT
2026-02-16,개발,Python,531,46.08294,,20,20,20,60,30,INTENT_EMPTY_RESULT
2026-02-23,개발,Python,531,65.0384,,20,20,20,60,30,INTENT_EMPTY_RESULT
2026-03-02,개발,Python,531,82.05837,,20,20,20,60,30,INTENT_EMPTY_RESULT
2026-03-09,개발,Python,531,100.0,,20,20,20,60,30,INTENT_EMPTY_RESULT
2026-03-16,개발,Python,531,89.64669,,20,20,20,60,30,INTENT_EMPTY_RESULT
2026-03-23,개발,Python,531,78.80184,,20,20,20,60,30,INTENT_EMPTY_RESULT
2026-03-30,개발,Python,531,77.97235,,20,20,20,60,30,INTENT_EMPTY_RESULT
2026-04-06,개발,Python,531,78.1874,,20,20,20,60,30,INTENT_EMPTY_RESULT
2026-04-13,개발,Python,531,74.71582,,20,20,20,60,30,INTENT_EMPTY_RESULT
2026-04-20,개발,Python,531,69.67741,,20,20,20,60,30,INTENT_EMPTY_RESULT
2026-04-27,개발,Python,531,59.29339,,20,20,20,60,30,INTENT_EMPTY_RESULT
2026-05-04,개발,Python,531,62.54992,,20,20,20,60,30,INTENT_EMPTY_RESULT
2026-05-11,개발,Python,531,66.91244,,20,20,20,60,30,INTENT_EMPTY_RESULT
2026-05-18,개발,Python,531,64.51612,,20,20,20,60,30,INTENT_EMPTY_RESULT
2026-05-25,개발,Python,531,61.10599,,20,20,20,60,30,INTENT_EMPTY_RESULT
2026-06-01,개발,Python,531,56.77419,,20,20,20,60,30,INTENT_EMPTY_RESULT
2026-06-08,개발,Python,531,65.92933,,20,20,20,60,30,INTENT_EMPTY_RESULT
2026-06-15,개발,Python,531,64.14746,,20,20,20,60,30,INTENT_EMPTY_RESULT
2026-06-22,개발,Python,531,60.9831,,20,20,20,60,30,INTENT_EMPTY_RESULT
2026-06-29,개발,Python,531,64.36251,,20,20,20,60,30,INTENT_EMPTY_RESULT
2026-07-06,개발,Python,531,70.3533,,20,20,20,60,30,INTENT_EMPTY_RESULT
2026-07-13,개발,Python,531,61.44393,,20,20,20,60,30,INTENT_EMPTY_RESULT
2026-07-20,개발,Python,531,49.86175,,20,20,20,60,30,INTENT_EMPTY_RESULT
,개발,프로젝트관리(PM),441,,,20,20,20,60,0,BASE_EMPTY_RESULT;INTENT_EMPTY_RESULT
2025-12-29,개발,SQL,343,62.58175,,20,20,20,60,30,INTENT_EMPTY_RESULT
2026-01-05,개발,SQL,343,81.06712,,20,20,20,60,30,INTENT_EMPTY_RESULT
2026-01-12,개발,SQL,343,75.49053,,20,20,20,60,30,INTENT_EMPTY_RESULT
2026-01-19,개발,SQL,343,74.01032,,20,20,20,60,30,INTENT_EMPTY_RESULT
2026-01-26,개발,SQL,343,73.94148,,20,20,20,60,30,INTENT_EMPTY_RESULT
2026-02-02,개발,SQL,343,94.52667,,20,20,20,60,30,INTENT_EMPTY_RESULT
2026-02-09,개발,SQL,343,77.7969,,20,20,20,60,30,INTENT_EMPTY_RESULT
2026-02-16,개발,SQL,343,59.72461,,20,20,20,60,30,INTENT_EMPTY_RESULT
2026-02-23,개발,SQL,343,87.53872,,20,20,20,60,30,INTENT_EMPTY_RESULT
2026-03-02,개발,SQL,343,100.0,,20,20,20,60,30,INTENT_EMPTY_RESULT
2026-03-09,개발,SQL,343,79.55249,,20,20,20,60,30,INTENT_EMPTY_RESULT
2026-03-16,개발,SQL,343,82.99483,,20,20,20,60,30,INTENT_EMPTY_RESULT
2026-03-23,개발,SQL,343,70.67125,,20,20,20,60,30,INTENT_EMPTY_RESULT
2026-03-30,개발,SQL,343,60.48192,,20,20,20,60,30,INTENT_EMPTY_RESULT
2026-04-06,개발,SQL,343,63.27022,,20,20,20,60,30,INTENT_EMPTY_RESULT
2026-04-13,개발,SQL,343,63.51118,,20,20,20,60,30,INTENT_EMPTY_RESULT
2026-04-20,개발,SQL,343,63.75215,,20,20,20,60,30,INTENT_EMPTY_RESULT
2026-04-27,개발,SQL,343,63.44234,,20,20,20,60,30,INTENT_EMPTY_RESULT
2026-05-04,개발,SQL,343,49.53528,,20,20,20,60,30,INTENT_EMPTY_RESULT
2026-05-11,개발,SQL,343,57.38382,,20,20,20,60,30,INTENT_EMPTY_RESULT
2026-05-18,개발,SQL,343,54.45783,,20,20,20,60,30,INTENT_EMPTY_RESULT
2026-05-25,개발,SQL,343,62.99483,,20,20,20,60,30,INTENT_EMPTY_RESULT
2026-06-01,개발,SQL,343,48.46815,,20,20,20,60,30,INTENT_EMPTY_RESULT
2026-06-08,개발,SQL,343,55.83476,,20,20,20,60,30,INTENT_EMPTY_RESULT
2026-06-15,개발,SQL,343,53.01204,,20,20,20,60,30,INTENT_EMPTY_RESULT
2026-06-22,개발,SQL,343,54.21686,,20,20,20,60,30,INTENT_EMPTY_RESULT
2026-06-29,개발,SQL,343,55.5938,,20,20,20,60,30,INTENT_EMPTY_RESULT
2026-07-06,개발,SQL,343,56.31669,,20,20,20,60,30,INTENT_EMPTY_RESULT
2026-07-13,개발,SQL,343,49.81067,,20,20,20,60,30,INTENT_EMPTY_RESULT
2026-07-20,개발,SQL,343,57.48709,,20,20,20,60,30,INTENT_EMPTY_RESULT
2025-12-29,개발,JAVA,298,87.91423,,20,20,20,60,30,OK
2026-01-05,개발,JAVA,298,96.97855,100.0,20,20,20,60,30,OK
2026-01-12,개발,JAVA,298,96.58869,,20,20,20,60,30,OK
2026-01-19,개발,JAVA,298,100.0,,20,20,20,60,30,OK
2026-01-26,개발,JAVA,298,96.97855,,20,20,20,60,30,OK
2026-02-02,개발,JAVA,298,93.76218,,20,20,20,60,30,OK
2026-02-09,개발,JAVA,298,88.79142,,20,20,20,60,30,OK
2026-02-16,개발,JAVA,298,79.82456,,20,20,20,60,30,OK
2026-02-23,개발,JAVA,298,85.38011,,20,20,20,60,30,OK
2026-03-02,개발,JAVA,298,90.25341,,20,20,20,60,30,OK
2026-03-09,개발,JAVA,298,90.35087,,20,20,20,60,30,OK
2026-03-16,개발,JAVA,298,79.72709,,20,20,20,60,30,OK
2026-03-23,개발,JAVA,298,76.80311,,20,20,20,60,30,OK
2026-03-30,개발,JAVA,298,75.24366,,20,20,20,60,30,OK
2026-04-06,개발,JAVA,298,75.73099,,20,20,20,60,30,OK
2026-04-13,개발,JAVA,298,68.12865,,20,20,20,60,30,OK
2026-04-20,개발,JAVA,298,73.09941,,20,20,20,60,30,OK
2026-04-27,개발,JAVA,298,72.31968,,20,20,20,60,30,OK
2026-05-04,개발,JAVA,298,78.46003,,20,20,20,60,30,OK
2026-05-11,개발,JAVA,298,73.19688,,20,20,20,60,30,OK
2026-05-18,개발,JAVA,298,72.02729,,20,20,20,60,30,OK
2026-05-25,개발,JAVA,298,67.93372,,20,20,20,60,30,OK
2026-06-01,개발,JAVA,298,70.5653,,20,20,20,60,30,OK
2026-06-08,개발,JAVA,298,71.92982,,20,20,20,60,30,OK
2026-06-15,개발,JAVA,298,65.78947,,20,20,20,60,30,OK
2026-06-22,개발,JAVA,298,68.61598,,20,20,20,60,30,OK
2026-06-29,개발,JAVA,298,74.17153,,20,20,20,60,30,OK
2026-07-06,개발,JAVA,298,75.04873,,20,20,20,60,30,OK
2026-07-13,개발,JAVA,298,72.70955,,20,20,20,60,30,OK
2026-07-20,개발,JAVA,298,50.97465,,20,20,20,60,30,OK
2025-12-29,개발,ERP,286,70.0192,14.02714,20,20,20,60,30,OK
2026-01-05,개발,ERP,286,100.0,28.95927,20,20,20,60,30,OK
2026-01-12,개발,ERP,286,93.37266,35.29411,20,20,20,60,30,OK
2026-01-19,개발,ERP,286,96.54226,43.8914,20,20,20,60,30,OK
2026-01-26,개발,ERP,286,90.23051,63.34841,20,20,20,60,30,OK
2026-02-02,개발,ERP,286,88.11745,79.638,20,20,20,60,30,OK
2026-02-09,개발,ERP,286,76.86608,100.0,20,20,20,60,30,OK
2026-02-16,개발,ERP,286,48.86114,38.46153,20,20,20,60,30,OK
2026-02-23,개발,ERP,286,84.87925,68.32579,20,20,20,60,30,OK
2026-03-02,개발,ERP,286,84.23435,54.75113,20,20,20,60,30,OK
2026-03-09,개발,ERP,286,88.22722,42.53393,20,20,20,60,30,OK
2026-03-16,개발,ERP,286,84.81064,29.41176,20,20,20,60,30,OK
2026-03-23,개발,ERP,286,87.59604,19.00452,20,20,20,60,30,OK
2026-03-30,개발,ERP,286,83.89132,9.95475,20,20,20,60,30,OK
2026-04-06,개발,ERP,286,83.71295,17.64705,20,20,20,60,30,OK
2026-04-13,개발,ERP,286,81.7371,25.79185,20,20,20,60,30,OK
2026-04-20,개발,ERP,286,75.41163,19.9095,20,20,20,60,30,OK
2026-04-27,개발,ERP,286,68.3315,10.85972,20,20,20,60,30,OK
2026-05-04,개발,ERP,286,65.05214,8.59728,20,20,20,60,30,OK
2026-05-11,개발,ERP,286,72.68111,10.85972,20,20,20,60,30,OK
2026-05-18,개발,ERP,286,71.00713,16.28959,20,20,20,60,30,OK
2026-05-25,개발,ERP,286,69.22338,2.26244,20,20,20,60,30,OK
2026-06-01,개발,ERP,286,61.29253,,20,20,20,60,30,OK
2026-06-08,개발,ERP,286,69.85455,2.26244,20,20,20,60,30,OK
2026-06-15,개발,ERP,286,71.78924,8.59728,20,20,20,60,30,OK
2026-06-22,개발,ERP,286,69.82711,,20,20,20,60,30,OK
2026-06-29,개발,ERP,286,73.17508,2.26244,20,20,20,60,30,OK
2026-07-06,개발,ERP,286,69.53896,7.23981,20,20,20,60,30,OK
2026-07-13,개발,ERP,286,61.08671,11.31221,20,20,20,60,30,OK
2026-07-20,개발,ERP,286,58.24643,10.40723,20,20,20,60,30,OK
2025-12-29,개발,백엔드,266,73.33333,18.51851,20,20,20,60,30,OK
2026-01-05,개발,백엔드,266,97.33333,22.22222,20,20,20,60,30,OK
2026-01-12,개발,백엔드,266,93.33333,,20,20,20,60,30,OK
2026-01-19,개발,백엔드,266,99.73333,,20,20,20,60,30,OK
2026-01-26,개발,백엔드,266,77.06666,,20,20,20,60,30,OK
2026-02-02,개발,백엔드,266,82.4,29.62962,20,20,20,60,30,OK
2026-02-09,개발,백엔드,266,75.2,18.51851,20,20,20,60,30,OK
2026-02-16,개발,백엔드,266,60.26666,,20,20,20,60,30,OK
2026-02-23,개발,백엔드,266,77.86666,37.03703,20,20,20,60,30,OK
2026-03-02,개발,백엔드,266,87.73333,40.74074,20,20,20,60,30,OK
2026-03-09,개발,백엔드,266,100.0,18.51851,20,20,20,60,30,OK
2026-03-16,개발,백엔드,266,81.59999,40.74074,20,20,20,60,30,OK
2026-03-23,개발,백엔드,266,86.66666,,20,20,20,60,30,OK
2026-03-30,개발,백엔드,266,72.0,,20,20,20,60,30,OK
2026-04-06,개발,백엔드,266,76.8,,20,20,20,60,30,OK
2026-04-13,개발,백엔드,266,84.53333,,20,20,20,60,30,OK
2026-04-20,개발,백엔드,266,73.86666,,20,20,20,60,30,OK
2026-04-27,개발,백엔드,266,66.66666,,20,20,20,60,30,OK
2026-05-04,개발,백엔드,266,57.86666,29.62962,20,20,20,60,30,OK
2026-05-11,개발,백엔드,266,69.06666,,20,20,20,60,30,OK
2026-05-18,개발,백엔드,266,62.66666,,20,20,20,60,30,OK
2026-05-25,개발,백엔드,266,66.66666,,20,20,20,60,30,OK
2026-06-01,개발,백엔드,266,53.6,,20,20,20,60,30,OK
2026-06-08,개발,백엔드,266,66.66666,40.74074,20,20,20,60,30,OK
2026-06-15,개발,백엔드,266,58.4,,20,20,20,60,30,OK
2026-06-22,개발,백엔드,266,60.26666,,20,20,20,60,30,OK
2026-06-29,개발,백엔드,266,57.33333,37.03703,20,20,20,60,30,OK
2026-07-06,개발,백엔드,266,60.8,100.0,20,20,20,60,30,OK
2026-07-13,개발,백엔드,266,61.86666,18.51851,20,20,20,60,30,OK
2026-07-20,개발,백엔드,266,54.13333,,20,20,20,60,30,OK
2025-12-29,개발,AWS,204,41.15529,7.04225,20,20,20,60,30,OK
2026-01-05,개발,AWS,204,46.603,100.0,20,20,20,60,30,OK
2026-01-12,개발,AWS,204,47.01001,77.46478,20,20,20,60,30,OK
2026-01-19,개발,AWS,204,42.06324,66.19718,20,20,20,60,30,OK
2026-01-26,개발,AWS,204,44.67752,98.59154,20,20,20,60,30,OK
2026-02-02,개발,AWS,204,51.268,47.88732,20,20,20,60,30,OK
2026-02-09,개발,AWS,204,46.63431,35.21126,20,20,20,60,30,OK
2026-02-16,개발,AWS,204,32.13838,23.94366,20,20,20,60,30,OK
2026-02-23,개발,AWS,204,45.27238,83.09859,20,20,20,60,30,OK
2026-03-02,개발,AWS,204,55.30682,45.07042,20,20,20,60,30,OK
2026-03-09,개발,AWS,204,47.24483,22.53521,20,20,20,60,30,OK
2026-03-16,개발,AWS,204,51.75328,69.01408,20,20,20,60,30,OK
2026-03-23,개발,AWS,204,47.46399,57.74647,20,20,20,60,30,OK
2026-03-30,개발,AWS,204,54.41452,70.42253,20,20,20,60,30,OK
2026-04-06,개발,AWS,204,47.46399,25.35211,20,20,20,60,30,OK
2026-04-13,개발,AWS,204,57.52974,15.49295,20,20,20,60,30,OK
2026-04-20,개발,AWS,204,57.67063,53.52112,20,20,20,60,30,OK
2026-04-27,개발,AWS,204,59.92485,22.53521,20,20,20,60,30,OK
2026-05-04,개발,AWS,204,57.34189,7.04225,20,20,20,60,30,OK
2026-05-11,개발,AWS,204,58.95428,64.78873,20,20,20,60,30,OK
2026-05-18,개발,AWS,204,100.0,67.60563,20,20,20,60,30,OK
2026-05-25,개발,AWS,204,51.14276,16.9014,20,20,20,60,30,OK
2026-06-01,개발,AWS,204,43.84783,16.9014,20,20,20,60,30,OK
2026-06-08,개발,AWS,204,45.39762,60.56338,20,20,20,60,30,OK
2026-06-15,개발,AWS,204,46.93174,64.78873,20,20,20,60,30,OK
2026-06-22,개발,AWS,204,43.48778,52.11267,20,20,20,60,30,OK
2026-06-29,개발,AWS,204,49.78083,64.78873,20,20,20,60,30,OK
2026-07-06,개발,AWS,204,45.47589,8.4507,20,20,20,60,30,OK
2026-07-13,개발,AWS,204,41.76581,36.61971,20,20,20,60,30,OK
2026-07-20,개발,AWS,204,37.72698,42.25352,20,20,20,60,30,OK
2025-12-29,개발,클라우드,197,69.58574,39.21568,20,20,20,60,30,OK
2026-01-05,개발,클라우드,197,74.12061,29.41176,20,20,20,60,30,OK
2026-01-12,개발,클라우드,197,75.03158,37.2549,20,20,20,60,30,OK
2026-01-19,개발,클라우드,197,74.08737,15.68627,20,20,20,60,30,OK
2026-01-26,개발,클라우드,197,72.51811,25.49019,20,20,20,60,30,OK
2026-02-02,개발,클라우드,197,76.97985,100.0,20,20,20,60,30,OK
2026-02-09,개발,클라우드,197,70.5632,47.05882,20,20,20,60,30,OK
2026-02-16,개발,클라우드,197,71.17494,11.7647,20,20,20,60,30,OK
2026-02-23,개발,클라우드,197,76.4479,52.94117,20,20,20,60,30,OK
2026-03-02,개발,클라우드,197,85.09209,64.70588,20,20,20,60,30,OK
2026-03-09,개발,클라우드,197,89.14821,52.94117,20,20,20,60,30,OK
2026-03-16,개발,클라우드,197,90.94354,50.98039,20,20,20,60,30,OK
2026-03-23,개발,클라우드,197,85.14528,66.66666,20,20,20,60,30,OK
2026-03-30,개발,클라우드,197,83.09728,23.52941,20,20,20,60,30,OK
2026-04-06,개발,클라우드,197,85.88336,19.60784,20,20,20,60,30,OK
2026-04-13,개발,클라우드,197,94.0222,43.13725,20,20,20,60,30,OK
2026-04-20,개발,클라우드,197,91.45554,39.21568,20,20,20,60,30,OK
2026-04-27,개발,클라우드,197,89.30115,47.05882,20,20,20,60,30,OK
2026-05-04,개발,클라우드,197,88.02446,9.80392,20,20,20,60,30,OK
2026-05-11,개발,클라우드,197,93.76953,27.45098,20,20,20,60,30,OK
2026-05-18,개발,클라우드,197,89.44078,11.7647,20,20,20,60,30,OK
2026-05-25,개발,클라우드,197,94.66719,21.56862,20,20,20,60,30,OK
2026-06-01,개발,클라우드,197,97.55302,23.52941,20,20,20,60,30,OK
2026-06-08,개발,클라우드,197,100.0,35.29411,20,20,20,60,30,OK
2026-06-15,개발,클라우드,197,86.22913,29.41176,20,20,20,60,30,OK
2026-06-22,개발,클라우드,197,81.64106,,20,20,20,60,30,OK
2026-06-29,개발,클라우드,197,98.81641,11.7647,20,20,20,60,30,OK
2026-07-06,개발,클라우드,197,90.61772,43.13725,20,20,20,60,30,OK
2026-07-13,개발,클라우드,197,80.40428,15.68627,20,20,20,60,30,OK
2026-07-20,개발,클라우드,197,69.89826,21.56862,20,20,20,60,30,OK
2025-12-29,개발,LLM,150,35.05154,,20,20,20,60,30,OK
2026-01-05,개발,LLM,150,49.78335,,20,20,20,60,30,OK
2026-01-12,개발,LLM,150,100.0,,20,20,20,60,30,OK
2026-01-19,개발,LLM,150,55.93904,,20,20,20,60,30,OK
2026-01-26,개발,LLM,150,52.83131,,20,20,20,60,30,OK
2026-02-02,개발,LLM,150,55.72986,,20,20,20,60,30,OK
2026-02-09,개발,LLM,150,50.69475,,20,20,20,60,30,OK
2026-02-16,개발,LLM,150,34.46884,71.42857,20,20,20,60,30,OK
2026-02-23,개발,LLM,150,47.61691,71.42857,20,20,20,60,30,OK
2026-03-02,개발,LLM,150,51.50156,100.0,20,20,20,60,30,OK
2026-03-09,개발,LLM,150,60.60062,71.42857,20,20,20,60,30,OK
2026-03-16,개발,LLM,150,56.40221,,20,20,20,60,30,OK
2026-03-23,개발,LLM,150,66.83101,,20,20,20,60,30,OK
2026-03-30,개발,LLM,150,71.8213,71.42857,20,20,20,60,30,OK
2026-04-06,개발,LLM,150,58.29971,,20,20,20,60,30,OK
2026-04-13,개발,LLM,150,58.86747,,20,20,20,60,30,OK
2026-04-20,개발,LLM,150,56.73091,,20,20,20,60,30,OK
2026-04-27,개발,LLM,150,47.4675,,20,20,20,60,30,OK
2026-05-04,개발,LLM,150,42.92544,,20,20,20,60,30,OK
2026-05-11,개발,LLM,150,55.37128,,20,20,20,60,30,OK
2026-05-18,개발,LLM,150,52.3532,,20,20,20,60,30,OK
2026-05-25,개발,LLM,150,52.96578,,20,20,20,60,30,OK
2026-06-01,개발,LLM,150,50.66487,,20,20,20,60,30,OK
2026-06-08,개발,LLM,150,53.60824,,20,20,20,60,30,OK
2026-06-15,개발,LLM,150,50.76946,,20,20,20,60,30,OK
2026-06-22,개발,LLM,150,45.46541,,20,20,20,60,30,OK
2026-06-29,개발,LLM,150,47.8709,,20,20,20,60,30,OK
2026-07-06,개발,LLM,150,48.02031,,20,20,20,60,30,OK
2026-07-13,개발,LLM,150,43.88166,,20,20,20,60,30,OK
2026-07-20,개발,LLM,150,37.02375,,20,20,20,60,30,OK
2025-12-29,개발,프론트엔드,128,65.25821,6.94444,20,20,20,60,30,OK
2026-01-05,개발,프론트엔드,128,72.30046,30.55555,20,20,20,60,30,OK
2026-01-12,개발,프론트엔드,128,82.15962,80.55555,20,20,20,60,30,OK
2026-01-19,개발,프론트엔드,128,80.51643,55.55555,20,20,20,60,30,OK
2026-01-26,개발,프론트엔드,128,68.5446,65.27777,20,20,20,60,30,OK
2026-02-02,개발,프론트엔드,128,81.22065,69.44444,20,20,20,60,30,OK
2026-02-09,개발,프론트엔드,128,65.02347,79.16666,20,20,20,60,30,OK
2026-02-16,개발,프론트엔드,128,61.2676,25.0,20,20,20,60,30,OK
2026-02-23,개발,프론트엔드,128,78.63849,65.27777,20,20,20,60,30,OK
2026-03-02,개발,프론트엔드,128,100.0,38.88888,20,20,20,60,30,OK
2026-03-09,개발,프론트엔드,128,95.30516,100.0,20,20,20,60,30,OK
2026-03-16,개발,프론트엔드,128,90.84507,45.83333,20,20,20,60,30,OK
2026-03-23,개발,프론트엔드,128,83.33333,43.05555,20,20,20,60,30,OK
2026-03-30,개발,프론트엔드,128,69.95305,58.33333,20,20,20,60,30,OK
2026-04-06,개발,프론트엔드,128,73.94366,37.5,20,20,20,60,30,OK
2026-04-13,개발,프론트엔드,128,78.40375,25.0,20,20,20,60,30,OK
2026-04-20,개발,프론트엔드,128,63.61502,75.0,20,20,20,60,30,OK
2026-04-27,개발,프론트엔드,128,58.4507,33.33333,20,20,20,60,30,OK
2026-05-04,개발,프론트엔드,128,59.62441,,20,20,20,60,30,OK
2026-05-11,개발,프론트엔드,128,80.75117,44.44444,20,20,20,60,30,OK
2026-05-18,개발,프론트엔드,128,61.50234,43.05555,20,20,20,60,30,OK
2026-05-25,개발,프론트엔드,128,68.30985,36.11111,20,20,20,60,30,OK
2026-06-01,개발,프론트엔드,128,52.58215,43.05555,20,20,20,60,30,OK
2026-06-08,개발,프론트엔드,128,58.4507,30.55555,20,20,20,60,30,OK
2026-06-15,개발,프론트엔드,128,53.99061,54.16666,20,20,20,60,30,OK
2026-06-22,개발,프론트엔드,128,50.46948,16.66666,20,20,20,60,30,OK
2026-06-29,개발,프론트엔드,128,52.58215,18.05555,20,20,20,60,30,OK
2026-07-06,개발,프론트엔드,128,45.30516,61.11111,20,20,20,60,30,OK
2026-07-13,개발,프론트엔드,128,47.88732,6.94444,20,20,20,60,30,OK
2026-07-20,개발,프론트엔드,128,41.31455,9.72222,20,20,20,60,30,OK
2025-12-29,개발,정보처리기사,124,56.31122,84.26966,20,20,20,60,30,OK
2026-01-05,개발,정보처리기사,124,74.42683,95.50561,20,20,20,60,30,OK
2026-01-12,개발,정보처리기사,124,100.0,100.0,20,20,20,60,30,OK
2026-01-19,개발,정보처리기사,124,54.74175,62.92134,20,20,20,60,30,OK
2026-01-26,개발,정보처리기사,124,51.04375,68.53932,20,20,20,60,30,OK
2026-02-02,개발,정보처리기사,124,58.12176,95.50561,20,20,20,60,30,OK
2026-02-09,개발,정보처리기사,124,44.25809,74.1573,20,20,20,60,30,OK
2026-02-16,개발,정보처리기사,124,33.97445,30.33707,20,20,20,60,30,OK
2026-02-23,개발,정보처리기사,124,48.68441,60.67415,20,20,20,60,30,OK
2026-03-02,개발,정보처리기사,124,50.20772,64.04494,20,20,20,60,30,OK
2026-03-09,개발,정보처리기사,124,49.83843,24.7191,20,20,20,60,30,OK
2026-03-16,개발,정보처리기사,124,46.19685,51.68539,20,20,20,60,30,OK
2026-03-23,개발,정보처리기사,124,60.60932,35.95505,20,20,20,60,30,OK
2026-03-30,개발,정보처리기사,124,38.48284,20.22471,20,20,20,60,30,OK
2026-04-06,개발,정보처리기사,124,41.89875,48.3146,20,20,20,60,30,OK
2026-04-13,개발,정보처리기사,124,66.63589,49.4382,20,20,20,60,30,OK
2026-04-20,개발,정보처리기사,124,72.57013,61.79775,20,20,20,60,30,OK
2026-04-27,개발,정보처리기사,124,31.85618,19.10112,20,20,20,60,30,OK
2026-05-04,개발,정보처리기사,124,35.27722,14.60674,20,20,20,60,30,OK
2026-05-11,개발,정보처리기사,124,37.01082,48.3146,20,20,20,60,30,OK
2026-05-18,개발,정보처리기사,124,38.4059,5.61797,20,20,20,60,30,OK
2026-05-25,개발,정보처리기사,124,38.15971,8.98876,20,20,20,60,30,OK
2026-06-01,개발,정보처리기사,124,31.12786,5.61797,20,20,20,60,30,OK
2026-06-08,개발,정보처리기사,124,51.18223,42.69662,20,20,20,60,30,OK
2026-06-15,개발,정보처리기사,124,40.18054,20.22471,20,20,20,60,30,OK
2026-06-22,개발,정보처리기사,124,49.9564,23.5955,20,20,20,60,30,OK
2026-06-29,개발,정보처리기사,124,35.93373,5.61797,20,20,20,60,30,OK
2026-07-06,개발,정보처리기사,124,37.1493,31.46067,20,20,20,60,30,OK
2026-07-13,개발,정보처리기사,124,56.31122,60.67415,20,20,20,60,30,OK
2026-07-20,개발,정보처리기사,124,64.38426,52.80898,20,20,20,60,30,OK
,개발,머신러닝/딥러닝,99,,,20,20,20,60,0,BASE_EMPTY_RESULT;INTENT_EMPTY_RESULT
,개발,인사(HR),96,,,20,20,20,60,0,BASE_EMPTY_RESULT;INTENT_EMPTY_RESULT
2025-12-29,개발,Excel,86,76.72371,,20,20,20,60,30,INTENT_EMPTY_RESULT
2026-01-05,개발,Excel,86,97.45721,,20,20,20,60,30,INTENT_EMPTY_RESULT
2026-01-12,개발,Excel,86,100.0,,20,20,20,60,30,INTENT_EMPTY_RESULT
2026-01-19,개발,Excel,86,96.96821,,20,20,20,60,30,INTENT_EMPTY_RESULT
2026-01-26,개발,Excel,86,94.37652,,20,20,20,60,30,INTENT_EMPTY_RESULT
2026-02-02,개발,Excel,86,91.19804,,20,20,20,60,30,INTENT_EMPTY_RESULT
2026-02-09,개발,Excel,86,86.16136,,20,20,20,60,30,INTENT_EMPTY_RESULT
2026-02-16,개발,Excel,86,67.33496,,20,20,20,60,30,INTENT_EMPTY_RESULT
2026-02-23,개발,Excel,86,82.15158,,20,20,20,60,30,INTENT_EMPTY_RESULT
2026-03-02,개발,Excel,86,80.39119,,20,20,20,60,30,INTENT_EMPTY_RESULT
2026-03-09,개발,Excel,86,87.04156,,20,20,20,60,30,INTENT_EMPTY_RESULT
2026-03-16,개발,Excel,86,76.62591,,20,20,20,60,30,INTENT_EMPTY_RESULT
2026-03-23,개발,Excel,86,81.12469,,20,20,20,60,30,INTENT_EMPTY_RESULT
2026-03-30,개발,Excel,86,83.08068,,20,20,20,60,30,INTENT_EMPTY_RESULT
2026-04-06,개발,Excel,86,77.31051,,20,20,20,60,30,INTENT_EMPTY_RESULT
2026-04-13,개발,Excel,86,76.47921,,20,20,20,60,30,INTENT_EMPTY_RESULT
2026-04-20,개발,Excel,86,75.35452,,20,20,20,60,30,INTENT_EMPTY_RESULT
2026-04-27,개발,Excel,86,60.97799,,20,20,20,60,30,INTENT_EMPTY_RESULT
2026-05-04,개발,Excel,86,59.511,,20,20,20,60,30,INTENT_EMPTY_RESULT
2026-05-11,개발,Excel,86,61.85819,,20,20,20,60,30,INTENT_EMPTY_RESULT
2026-05-18,개발,Excel,86,62.20048,,20,20,20,60,30,INTENT_EMPTY_RESULT
2026-05-25,개발,Excel,86,64.35207,,20,20,20,60,30,INTENT_EMPTY_RESULT
2026-06-01,개발,Excel,86,86.16136,,20,20,20,60,30,INTENT_EMPTY_RESULT
2026-06-08,개발,Excel,86,96.23471,,20,20,20,60,30,INTENT_EMPTY_RESULT
2026-06-15,개발,Excel,86,81.80929,,20,20,20,60,30,INTENT_EMPTY_RESULT
2026-06-22,개발,Excel,86,79.4132,,20,20,20,60,30,INTENT_EMPTY_RESULT
2026-06-29,개발,Excel,86,68.36185,,20,20,20,60,30,INTENT_EMPTY_RESULT
2026-07-06,개발,Excel,86,69.92665,,20,20,20,60,30,INTENT_EMPTY_RESULT
2026-07-13,개발,Excel,86,64.98777,,20,20,20,60,30,INTENT_EMPTY_RESULT
2026-07-20,개발,Excel,86,53.64303,,20,20,20,60,30,INTENT_EMPTY_RESULT
,개발,영업/세일즈,84,,,20,20,20,60,0,BASE_EMPTY_RESULT;INTENT_EMPTY_RESULT
2025-12-29,개발,엔지니어,74,55.13338,,20,20,20,60,30,OK
2026-01-05,개발,엔지니어,74,64.79385,,20,20,20,60,30,OK
2026-01-12,개발,엔지니어,74,63.41956,,20,20,20,60,30,OK
2026-01-19,개발,엔지니어,74,62.61115,,20,20,20,60,30,OK
2026-01-26,개발,엔지니어,74,61.924,21.73913,20,20,20,60,30,OK
2026-02-02,개발,엔지니어,74,71.22069,21.73913,20,20,20,60,30,OK
2026-02-09,개발,엔지니어,74,62.24737,,20,20,20,60,30,OK
2026-02-16,개발,엔지니어,74,50.2021,,20,20,20,60,30,OK
2026-02-23,개발,엔지니어,74,62.16653,,20,20,20,60,30,OK
2026-03-02,개발,엔지니어,74,100.0,100.0,20,20,20,60,30,OK
2026-03-09,개발,엔지니어,74,77.80921,26.08695,20,20,20,60,30,OK
2026-03-16,개발,엔지니어,74,83.79143,,20,20,20,60,30,OK
2026-03-23,개발,엔지니어,74,69.36135,,20,20,20,60,30,OK
2026-03-30,개발,엔지니어,74,59.05416,21.73913,20,20,20,60,30,OK
2026-04-06,개발,엔지니어,74,69.60388,,20,20,20,60,30,OK
2026-04-13,개발,엔지니어,74,68.75505,,20,20,20,60,30,OK
2026-04-20,개발,엔지니어,74,61.1156,,20,20,20,60,30,OK
2026-04-27,개발,엔지니어,74,51.65723,,20,20,20,60,30,OK
2026-05-04,개발,엔지니어,74,49.51495,,20,20,20,60,30,OK
2026-05-11,개발,엔지니어,74,63.41956,,20,20,20,60,30,OK
2026-05-18,개발,엔지니어,74,57.76071,,20,20,20,60,30,OK
2026-05-25,개발,엔지니어,74,51.73807,,20,20,20,60,30,OK
2026-06-01,개발,엔지니어,74,48.94907,,20,20,20,60,30,OK
2026-06-08,개발,엔지니어,74,51.94017,,20,20,20,60,30,OK
2026-06-15,개발,엔지니어,74,50.76798,,20,20,20,60,30,OK
2026-06-22,개발,엔지니어,74,50.24252,,20,20,20,60,30,OK
2026-06-29,개발,엔지니어,74,45.75586,,20,20,20,60,30,OK
2026-07-06,개발,엔지니어,74,48.86822,,20,20,20,60,30,OK
2026-07-13,개발,엔지니어,74,45.39207,,20,20,20,60,30,OK
2026-07-20,개발,엔지니어,74,34.47857,,20,20,20,60,30,OK
2025-12-29,개발,디자인,64,61.96518,57.29166,20,20,20,60,30,OK
2026-01-05,개발,디자인,64,72.82384,72.56944,20,20,20,60,30,OK
2026-01-12,개발,디자인,64,74.56476,94.44444,20,20,20,60,30,OK
2026-01-19,개발,디자인,64,73.35497,80.55555,20,20,20,60,30,OK
2026-01-26,개발,디자인,64,69.96164,77.43055,20,20,20,60,30,OK
2026-02-02,개발,디자인,64,71.76158,79.51388,20,20,20,60,30,OK
2026-02-09,개발,디자인,64,66.33225,92.36111,20,20,20,60,30,OK
2026-02-16,개발,디자인,64,48.00826,56.94444,20,20,20,60,30,OK
2026-02-23,개발,디자인,64,71.28946,91.66666,20,20,20,60,30,OK
2026-03-02,개발,디자인,64,79.84656,100.0,20,20,20,60,30,OK
2026-03-09,개발,디자인,64,100.0,98.26388,20,20,20,60,30,OK
2026-03-16,개발,디자인,64,84.83328,84.02777,20,20,20,60,30,OK
2026-03-23,개발,디자인,64,79.25641,62.84722,20,20,20,60,30,OK
2026-03-30,개발,디자인,64,75.80407,68.05555,20,20,20,60,30,OK
2026-04-06,개발,디자인,64,79.1974,61.80555,20,20,20,60,30,OK
2026-04-13,개발,디자인,64,70.6403,69.79166,20,20,20,60,30,OK
2026-04-20,개발,디자인,64,65.29949,54.16666,20,20,20,60,30,OK
2026-04-27,개발,디자인,64,62.17173,44.79166,20,20,20,60,30,OK
2026-05-04,개발,디자인,64,62.93892,53.47222,20,20,20,60,30,OK
2026-05-11,개발,디자인,64,68.92888,61.11111,20,20,20,60,30,OK
2026-05-18,개발,디자인,64,68.30923,49.30555,20,20,20,60,30,OK
2026-05-25,개발,디자인,64,64.0897,41.66666,20,20,20,60,30,OK
2026-06-01,개발,디자인,64,62.85039,41.31944,20,20,20,60,30,OK
2026-06-08,개발,디자인,64,67.54204,54.51388,20,20,20,60,30,OK
2026-06-15,개발,디자인,64,63.17497,55.55555,20,20,20,60,30,OK
2026-06-22,개발,디자인,64,56.03422,47.91666,20,20,20,60,30,OK
2026-06-29,개발,디자인,64,57.12599,45.48611,20,20,20,60,30,OK
2026-07-06,개발,디자인,64,67.51254,43.05555,20,20,20,60,30,OK
2026-07-13,개발,디자인,64,53.37857,32.63888,20,20,20,60,30,OK
2026-07-20,개발,디자인,64,45.47064,36.11111,20,20,20,60,30,OK
2025-12-29,개발,영상,46,80.60091,,20,20,20,60,30,OK
2026-01-05,개발,영상,46,92.16198,60.0,20,20,20,60,30,OK
2026-01-12,개발,영상,46,100.0,48.0,20,20,20,60,30,OK
2026-01-19,개발,영상,46,87.39386,58.0,20,20,20,60,30,OK
2026-01-26,개발,영상,46,84.91182,56.0,20,20,20,60,30,OK
2026-02-02,개발,영상,46,95.62377,100.0,20,20,20,60,30,OK
2026-02-09,개발,영상,46,96.99542,64.0,20,20,20,60,30,OK
2026-02-16,개발,영상,46,78.77204,22.0,20,20,20,60,30,OK
2026-02-23,개발,영상,46,82.56041,42.0,20,20,20,60,30,OK
2026-03-02,개발,영상,46,81.38471,42.0,20,20,20,60,30,OK
2026-03-09,개발,영상,46,90.79033,28.0,20,20,20,60,30,OK
2026-03-16,개발,영상,46,84.8465,30.0,20,20,20,60,30,OK
2026-03-23,개발,영상,46,77.98824,24.0,20,20,20,60,30,OK
2026-03-30,개발,영상,46,76.15937,46.0,20,20,20,60,30,OK
2026-04-06,개발,영상,46,77.53102,14.0,20,20,20,60,30,OK
2026-04-13,개발,영상,46,78.31482,26.0,20,20,20,60,30,OK
2026-04-20,개발,영상,46,78.70672,,20,20,20,60,30,OK
2026-04-27,개발,영상,46,68.97452,10.0,20,20,20,60,30,OK
2026-05-04,개발,영상,46,65.83932,,20,20,20,60,30,OK
2026-05-11,개발,영상,46,71.84846,20.0,20,20,20,60,30,OK
2026-05-18,개발,영상,46,65.3821,10.0,20,20,20,60,30,OK
2026-05-25,개발,영상,46,62.83474,10.0,20,20,20,60,30,OK
2026-06-01,개발,영상,46,63.74918,,20,20,20,60,30,OK
2026-06-08,개발,영상,46,70.99934,,20,20,20,60,30,OK
2026-06-15,개발,영상,46,67.86414,,20,20,20,60,30,OK
2026-06-22,개발,영상,46,60.41802,28.0,20,20,20,60,30,OK
2026-06-29,개발,영상,46,64.85956,60.0,20,20,20,60,30,OK
2026-07-06,개발,영상,46,64.9902,32.0,20,20,20,60,30,OK
2026-07-13,개발,영상,46,57.87067,50.0,20,20,20,60,30,OK
2026-07-20,개발,영상,46,44.74199,26.0,20,20,20,60,30,OK
2025-12-29,개발,PPT,45,64.26935,,20,20,20,60,30,INTENT_EMPTY_RESULT
2026-01-05,개발,PPT,45,70.72835,,20,20,20,60,30,INTENT_EMPTY_RESULT
2026-01-12,개발,PPT,45,64.38387,,20,20,20,60,30,INTENT_EMPTY_RESULT
2026-01-19,개발,PPT,45,60.765,,20,20,20,60,30,INTENT_EMPTY_RESULT
2026-01-26,개발,PPT,45,60.51305,,20,20,20,60,30,INTENT_EMPTY_RESULT
2026-02-02,개발,PPT,45,61.63536,,20,20,20,60,30,INTENT_EMPTY_RESULT
2026-02-09,개발,PPT,45,53.38983,,20,20,20,60,30,INTENT_EMPTY_RESULT
2026-02-16,개발,PPT,45,43.81584,,20,20,20,60,30,INTENT_EMPTY_RESULT
2026-02-23,개발,PPT,45,58.29134,,20,20,20,60,30,INTENT_EMPTY_RESULT
2026-03-02,개발,PPT,45,75.69857,,20,20,20,60,30,INTENT_EMPTY_RESULT
2026-03-09,개발,PPT,45,95.48786,,20,20,20,60,30,INTENT_EMPTY_RESULT
2026-03-16,개발,PPT,45,99.45029,,20,20,20,60,30,INTENT_EMPTY_RESULT
2026-03-23,개발,PPT,45,96.47274,,20,20,20,60,30,INTENT_EMPTY_RESULT
2026-03-30,개발,PPT,45,97.43472,,20,20,20,60,30,INTENT_EMPTY_RESULT
2026-04-06,개발,PPT,45,98.44251,,20,20,20,60,30,INTENT_EMPTY_RESULT
2026-04-13,개발,PPT,45,90.19697,,20,20,20,60,30,INTENT_EMPTY_RESULT
2026-04-20,개발,PPT,45,78.88227,,20,20,20,60,30,INTENT_EMPTY_RESULT
2026-04-27,개발,PPT,45,75.2863,,20,20,20,60,30,INTENT_EMPTY_RESULT
2026-05-04,개발,PPT,45,85.82226,,20,20,20,60,30,INTENT_EMPTY_RESULT
2026-05-11,개발,PPT,45,100.0,,20,20,20,60,30,INTENT_EMPTY_RESULT
2026-05-18,개발,PPT,45,93.19743,,20,20,20,60,30,INTENT_EMPTY_RESULT
2026-05-25,개발,PPT,45,87.95235,,20,20,20,60,30,INTENT_EMPTY_RESULT
2026-06-01,개발,PPT,45,83.78378,,20,20,20,60,30,INTENT_EMPTY_RESULT
2026-06-08,개발,PPT,45,83.18827,,20,20,20,60,30,INTENT_EMPTY_RESULT
2026-06-15,개발,PPT,45,66.88043,,20,20,20,60,30,INTENT_EMPTY_RESULT
2026-06-22,개발,PPT,45,53.71049,,20,20,20,60,30,INTENT_EMPTY_RESULT
2026-06-29,개발,PPT,45,53.50435,,20,20,20,60,30,INTENT_EMPTY_RESULT
2026-07-06,개발,PPT,45,66.51397,,20,20,20,60,30,INTENT_EMPTY_RESULT
2026-07-13,개발,PPT,45,58.31424,,20,20,20,60,30,INTENT_EMPTY_RESULT
2026-07-20,개발,PPT,45,38.29592,,20,20,20,60,30,INTENT_EMPTY_RESULT
,개발,ml,40,,,20,20,20,60,0,BASE_EMPTY_RESULT;INTENT_EMPTY_RESULT;AMBIGUOUS_CONTEXT_APPLIED
