job_id,job_role,pca_x,pca_y,pca_z,umap_x,umap_y
54433761,인사/노무,-0.8924637,1.0697682,0.15173662,14.975519,4.854394
54320096,인사/노무,-0.77959687,1.9685162,-0.2447491,14.967895,4.585218
54394399,인사/노무,-0.7431701,0.56163806,0.514576,14.841562,6.108157
54444259,인사/노무,0.52807003,-0.22604126,0.14751571,9.855984,8.968295
54319236,인사/노무,-1.124602,0.6833691,-0.022839818,14.982443,5.1997404
54377746,인사/노무,2.8667312,0.025044184,0.22175197,5.5024185,9.249104
54447052,인사/노무,-0.9044732,0.31982332,0.7045421,15.6769495,6.395382
54403261,인사/노무,2.9924023,-0.10579938,0.48754644,5.305685,8.98187
54445789,인사/노무,2.6089187,0.040108707,0.095544256,5.7800903,9.232458
54324344,인사/노무,-0.7629627,0.18052338,0.1853879,14.2057905,6.290453
54365174,인사/노무,1.533604,-0.13358289,0.5375976,7.562958,8.587239
54364237,인사/노무,-0.23055165,1.1433632,-0.19979905,14.860279,4.5516176
54407648,인사/노무,0.36641017,0.0024818284,0.1332624,10.551628,8.576416
53958995,인사/노무,-0.5774388,-0.31603703,-0.052471656,13.245411,9.445419
54278146,인사/노무,-0.9424298,0.10652277,-0.36549237,17.17681,4.746867
54278846,인사/노무,1.6720366,-0.015444944,-0.09355781,7.6735735,9.400438
54441283,인사/노무,0.2970275,-0.6601763,-0.30060706,11.783395,10.211855
54409699,인사/노무,-0.40289503,-0.39655992,0.079094805,14.177226,8.880309
54453031,인사/노무,-0.9706267,0.548866,0.02609486,15.485997,4.9375043
54452978,인사/노무,-0.91349685,-0.9316234,0.7110561,15.627194,8.067428
54421473,인사/노무,0.13694406,-0.29300687,0.1028203,11.339719,9.447116
54416519,인사/노무,-0.23925525,-0.113506585,0.30025756,12.283228,7.8734255
54431809,인사/노무,-0.65851223,0.48459083,0.15702772,13.238407,5.800469
54452784,인사/노무,0.73579353,-0.6929484,-0.2994603,10.623491,10.004377
54430833,인사/노무,0.10382674,-0.26066634,-0.018615656,11.41313,8.540732
54452520,인사/노무,-0.6375081,0.556946,-0.025550894,13.406315,2.8105214
54452240,인사/노무,-0.6075057,0.59932745,0.33527,15.115924,5.535264
54452037,인사/노무,-0.8796321,0.95789754,0.0694724,13.922117,3.4900393
54451779,인사/노무,-0.35735363,-0.5910169,0.51424587,15.293185,8.304338
54451540,인사/노무,-1.0197245,-0.38191715,1.0255522,15.773391,7.817629
54451253,인사/노무,-0.6137086,-0.3821416,1.3645341,15.814619,7.9678545
54358044,인사/노무,-0.87517834,0.3256802,0.27204522,15.171569,6.449162
54451130,인사/노무,-0.27205306,0.18472534,0.4445022,12.179989,7.5441365
54312158,인사/노무,0.0058820224,0.44809192,0.13947912,12.765821,2.5221596
54428907,인사/노무,-0.5449434,-0.70280933,1.2989637,15.878564,8.054608
54391942,인사/노무,-1.0365219,0.6591834,0.17828543,16.589857,5.116229
54419703,인사/노무,-1.1559621,0.9980566,0.060275234,15.629622,4.94244
54350643,인사/노무,-0.37060592,0.22897914,-0.53403044,12.044549,5.4597926
54448595,인사/노무,2.2078419,0.2215677,0.08485616,6.641984,9.282376
54448421,인사/노무,0.22368094,-0.04656674,-0.104571946,11.139877,9.618712
54448369,인사/노무,-0.58558905,-0.1442695,0.18457295,12.918715,8.217675
54347390,인사/노무,1.2897815,0.2877029,0.1871382,8.291501,8.712632
54447464,인사/노무,1.2511196,0.36012092,0.11476973,8.225138,8.809575
54447461,인사/노무,1.2946504,0.36579034,0.17768596,8.208249,8.873883
54447372,인사/노무,1.3611765,0.47649363,0.04135946,8.137863,8.764233
54447361,인사/노무,-0.8293744,-0.06904004,0.25312805,14.314264,6.63233
54446965,인사/노무,-0.7951663,0.42941046,-0.14135513,13.556555,2.9396708
54446812,인사/노무,-0.4365981,-0.43167117,0.052377403,13.646574,8.605148
54371151,인사/노무,-0.7338152,-0.22107601,0.44398358,15.331233,7.2977448
54446101,인사/노무,3.2679102,0.12505482,0.09628749,5.1226807,9.15461
54445452,인사/노무,1.3038392,0.10475794,-0.07033666,8.59713,9.248813
54445166,인사/노무,-0.7372017,0.5531785,0.5843725,15.410771,5.592999
54445132,인사/노무,-0.82330185,0.024915537,0.28696796,14.627228,6.7026224
54445108,인사/노무,-0.51819205,-0.34367463,0.39352366,15.062504,8.2198715
54445069,인사/노무,-0.81662357,0.2995352,0.0737947,15.453714,5.4617457
54389725,인사/노무,-0.7975053,0.15977177,0.09993924,14.093201,6.348427
54375398,인사/노무,-0.9981412,0.46889547,0.19286416,13.571178,3.2101793
54346164,인사/노무,-0.4471519,-0.19061542,0.026895162,12.418322,8.643095
54444247,인사/노무,-0.20259532,-0.26767433,-0.0826936,12.421204,8.27768
54444190,인사/노무,-0.79019994,0.8911407,0.1905266,15.560307,5.1493754
54444143,인사/노무,-0.53142005,-0.09007601,0.27364826,15.005309,7.0736165
54389609,인사/노무,-0.8499014,0.13934025,0.04854413,14.059158,6.3542094
54443975,인사/노무,-0.34165353,-0.81823844,0.7144514,15.373942,7.89041
54443597,인사/노무,0.08690186,-0.3350525,0.022381904,10.983427,8.27694
54443544,인사/노무,-0.5437337,-0.21669368,0.43012866,15.054963,8.215136
54443441,인사/노무,-0.96640027,0.018722583,-0.2554473,12.397421,5.4728913
54331225,인사/노무,-0.6370097,0.036232404,0.4250398,14.344598,6.371396
54443346,인사/노무,1.5707799,-0.0025503193,0.18022911,7.984758,8.925212
54409469,인사/노무,-0.8883384,0.23590675,-0.019759273,12.504802,4.9757743
54202489,인사/노무,0.26955006,-0.2609926,0.083669424,10.522909,8.869008
54442349,인사/노무,-0.14673091,0.12916692,0.6411704,12.309158,7.344229
54252990,인사/노무,-0.20453931,0.3020691,-0.19188698,12.8772135,4.3764706
54442120,인사/노무,-0.81169945,-0.39615962,-0.007852041,13.464382,8.462575
54442107,인사/노무,-0.79250425,-0.7664981,0.39914978,15.482422,8.228604
54442105,인사/노무,-1.0271055,0.13181452,0.23457284,15.517172,5.4730477
54442086,인사/노무,-1.222304,-0.49281386,0.53655565,15.205203,8.249252
54374045,인사/노무,-0.81793576,0.1655053,0.646751,15.27603,6.7809706
54319796,인사/노무,-0.60303473,0.3512841,-0.5567933,16.998566,4.7936535
53633999,인사/노무,-0.39587376,0.6220517,-0.36986443,15.338212,4.358053
54417292,인사/노무,1.8889021,0.41062295,0.32707804,7.498962,9.125477
54439223,인사/노무,-0.778525,-0.11956079,0.53284585,15.417593,7.473846
54374122,인사/노무,-0.9238478,0.06079038,0.5140119,15.881634,6.6180587
54373101,인사/노무,-0.07270408,0.025180679,-1.1308179,17.772396,4.345229
54373384,인사/노무,-0.6748917,0.023749229,0.68069553,15.18097,7.7008667
54441158,인사/노무,-0.9195245,0.931557,-0.27436495,14.426429,3.7527797
54441048,인사/노무,-0.8601916,0.010842553,0.07101409,15.917293,6.279052
54398583,인사/노무,-0.528808,-0.3857032,0.54045475,15.09431,8.227333
54440758,인사/노무,-0.21147451,-0.9127938,-0.0014144236,12.659248,9.3682785
54440500,인사/노무,-0.1978533,-0.5072229,-0.20701458,12.883436,9.911101
54440431,인사/노무,-0.5580007,-0.7959003,-0.3880937,13.665386,9.856844
54427527,인사/노무,-0.74688536,0.48047757,0.5740218,15.263982,5.9967413
54360826,인사/노무,0.02501583,0.13354953,0.6310551,12.636617,7.2032504
54429181,인사/노무,2.5935934,-0.18009083,-0.15113434,5.8432307,9.17775
54416283,인사/노무,-0.7043493,-0.5811396,-0.39962035,12.833793,9.448486
54439647,인사/노무,-0.9402185,-0.23593323,0.42633986,14.88141,7.0574517
54439440,인사/노무,-0.73216915,-0.25891984,0.041200407,14.732913,7.2230077
54295540,인사/노무,-0.8421774,1.1135697,-0.13753016,16.388496,5.024108
54438904,인사/노무,-0.67732745,-0.13886456,-0.12523764,13.498466,7.9389653
54438901,인사/노무,-0.45629945,-0.38245702,0.15109406,14.85511,8.423223
54438899,인사/노무,-0.17540146,0.2279035,-0.008804517,13.125385,7.86586
54438363,인사/노무,-0.7785858,-0.0529603,-0.10250721,14.171536,7.755086
54438309,인사/노무,-0.556156,-0.204255,0.2689226,14.280663,6.537852
54438197,인사/노무,-0.18974605,0.74492335,-0.15019095,15.158043,4.1296372
54306200,인사/노무,-0.1786521,-0.36301628,0.12242979,11.790161,8.964168
54434714,인사/노무,-0.6540824,0.110357694,0.45807105,15.17564,6.8903875
54434594,인사/노무,-0.71414316,-0.2639634,0.64167917,15.298812,7.921606
54398308,인사/노무,-0.5383692,0.21354462,0.4726388,14.835175,6.6029897
54434315,인사/노무,-0.92592925,0.4984729,0.60419214,15.908443,5.8863473
54433721,인사/노무,-0.8973372,-0.41165873,-0.18907368,13.528166,9.116288
54433652,인사/노무,1.4304011,0.2951018,0.10630238,7.6077933,8.977573
54433621,인사/노무,-0.7683596,0.827233,0.36200994,15.45933,5.2064433
54110337,인사/노무,-0.533313,-0.024861265,0.62932265,15.072699,8.143714
54350687,인사/노무,-0.5680705,0.025142405,0.38198692,15.012987,6.789055
54306956,인사/노무,-0.88061374,-0.46916288,-0.09160362,14.102538,7.1325655
54395862,인사/노무,-0.68961984,-0.16828445,0.10022154,14.411639,6.998371
54046423,인사/노무,1.4986944,0.7135683,0.2223212,8.210198,8.797728
54432867,인사/노무,-0.032675385,0.3282188,-0.20176733,12.752385,2.5168138
54333653,인사/노무,-0.3729752,-0.022774985,0.9445386,12.4274645,7.381663
54432634,인사/노무,0.58828855,-0.08447701,0.21516694,10.362593,8.70881
54432334,인사/노무,-0.06623591,-0.091651365,-0.28957942,11.731989,8.592756
54432218,인사/노무,-0.3923071,-0.91025716,-0.4072643,13.366313,10.164749
54432113,인사/노무,-0.7796466,-0.44131857,0.37017235,15.209343,8.242538
54174239,인사/노무,-0.5846988,0.09665008,0.42196298,12.961006,8.036149
54431546,인사/노무,-0.7897161,-0.5312845,0.25120634,14.638328,8.738557
53832536,인사/노무,-0.85104704,0.823565,0.46950546,15.598861,5.2809067
54430644,인사/노무,-0.828858,0.30459282,-0.60741204,17.545282,4.56267
54430451,인사/노무,0.5502859,0.06493061,0.07104969,10.030371,8.703663
54430135,인사/노무,-0.82403,-0.3292405,0.17911805,12.483577,8.510491
54417115,인사/노무,-0.42032045,-0.7759791,-0.3890014,13.479375,9.924916
54430035,인사/노무,-0.7574757,0.07398223,0.32442996,15.014697,6.871761
54429914,인사/노무,-0.32983533,-0.31706858,-0.14447397,13.753719,7.195792
54429633,인사/노무,-0.6920568,-0.42493692,0.20619282,13.7525215,8.759408
54429631,인사/노무,-1.0079521,0.9068766,0.37095043,15.725486,5.231022
54429594,인사/노무,-0.35322505,-0.6772096,0.22627641,12.1341715,9.24818
54429477,인사/노무,1.53324,0.006248015,0.12003381,7.9021354,8.995321
54429095,인사/노무,0.8380702,-0.041614726,-0.49519393,9.41172,9.06854
54429094,인사/노무,0.22054927,-0.28636056,-0.009745514,10.830628,8.843879
54364128,인사/노무,-0.5089702,0.29986036,0.15640733,12.346322,6.946947
54428901,인사/노무,-0.55406284,-0.8650612,1.0172461,15.846493,8.04872
54428760,인사/노무,-0.95407224,0.44829518,0.6498865,15.73931,6.467305
54428505,인사/노무,-0.660658,-0.4630962,-0.14411828,13.768728,9.422803
54428343,인사/노무,-0.62796,0.052634843,-0.3903226,17.467304,4.6010113
54319519,인사/노무,-0.93479466,0.5110715,0.08409995,15.634689,5.351681
54427731,인사/노무,-0.2999006,-0.12895638,0.29991135,11.31708,8.1362705
54427678,인사/노무,-0.86095196,-0.06547147,0.062179066,14.006588,6.423107
54427641,인사/노무,-0.84311825,-0.58927536,0.5859918,15.444704,7.358482
54417500,인사/노무,-0.74679947,-0.20658419,0.067043856,14.017713,7.331401
54225865,인사/노무,-0.24299957,-0.20935133,-0.19425769,12.397569,10.043685
54354026,인사/노무,-0.5240853,0.62077886,0.78113306,15.548012,5.8766093
54013460,인사/노무,-1.0196813,0.4526264,0.34646356,15.047368,5.7854443
54395705,인사/노무,-0.83353245,0.868119,0.30986345,15.924617,5.273206
54422646,인사/노무,1.0469824,-0.23060118,-0.04549451,9.062889,9.117644
54422156,인사/노무,-1.1054095,0.7136187,0.17011274,16.276999,5.2910748
54421997,인사/노무,-0.487211,-0.09447447,0.039905615,13.321034,7.772498
54421536,인사/노무,-0.40509474,-0.17770909,-0.13237265,12.951235,8.327826
54421191,인사/노무,-0.6246363,0.1925171,0.4045469,13.428883,6.1459203
54394932,인사/노무,-0.83070594,0.095952086,-0.08171448,13.352158,2.8489287
54407684,인사/노무,-0.47016487,0.1756653,-0.20890483,12.159108,5.2104516
54389294,인사/노무,-0.5571891,0.24766448,0.30495733,14.778845,6.4887676
54385430,인사/노무,-0.6034156,0.19552208,0.45258033,14.981075,6.6222453
54419421,인사/노무,0.21030754,0.47699088,-0.20272125,15.04058,4.1470323
54419412,인사/노무,2.3131235,-0.043004423,0.21113545,6.0247545,9.482474
54288834,인사/노무,1.8459624,0.7807338,-0.012073433,7.2775965,9.179211
54376653,인사/노무,-0.6693739,0.2701556,0.36929247,13.379214,7.475731
54418736,인사/노무,-0.73948705,0.42631826,0.5668593,15.1985655,6.010313
54418596,인사/노무,-0.4250338,-0.3393239,0.05074612,12.445209,8.84334
54418160,인사/노무,-0.22300896,-0.66973895,-0.40517738,12.92281,10.081441
54417913,인사/노무,-0.63371,-0.27444828,-0.11897495,13.317311,8.232773
54417801,인사/노무,1.2576857,0.6395757,-0.16718575,7.738388,8.488417
54417630,인사/노무,-0.7662363,0.07496471,0.16939905,13.056619,8.177903
54416500,인사/노무,-0.67741615,-0.85629165,0.19170891,15.1239,8.705263
54416499,인사/노무,-0.87140745,-0.1744265,0.6856923,15.4544735,7.2843223
54409628,인사/노무,2.6545396,-0.014931202,-0.12678334,5.7796607,9.306988
54336720,인사/노무,-0.9788176,0.41916755,0.2873618,16.87448,5.1488504
54416250,인사/노무,-0.61502296,-0.59021914,-0.10672782,13.867284,9.625296
54415678,인사/노무,-0.3894198,-0.15996082,0.07761987,13.664382,7.030492
54407700,인사/노무,3.1245613,0.03950756,0.18489008,5.149933,9.160013
54414927,인사/노무,1.0624297,-0.235392,-0.02195168,8.950147,9.391811
54337086,인사/노무,-0.8859891,-0.11717369,-0.00872416,13.25715,8.346737
54414882,인사/노무,0.08389144,0.30270308,0.1618351,12.227032,7.0135174
54389572,인사/노무,-0.8083829,-0.20184413,0.5543349,15.442059,7.2769995
54414322,인사/노무,-0.15759225,0.10639572,0.7701319,14.731247,6.644463
54336641,인사/노무,-0.6430892,0.006401835,-0.31588864,12.72273,6.844493
54321737,인사/노무,0.7928682,1.8958033,-0.23427337,14.815023,4.31552
54409965,인사/노무,-0.7170498,-0.30691937,0.18820505,15.207629,7.5177755
54409180,인사/노무,-0.3310452,0.37765613,-0.3297248,12.993171,2.5128605
54408824,인사/노무,-0.006403459,0.5198021,-0.036654856,12.558434,6.0251555
54408614,인사/노무,0.5194417,0.27951363,-0.033540342,10.566721,8.061602
54408281,인사/노무,-0.37880975,0.32225704,-0.3711682,17.417955,4.5340643
54408020,인사/노무,0.48443916,-0.3705999,-0.30974743,10.776966,9.738123
54258785,인사/노무,-0.69570637,0.16429508,0.9994963,15.645408,6.7466307
54407600,인사/노무,-0.7028182,0.08221955,0.44925246,15.109848,6.8295755
54384780,인사/노무,-0.4314092,-0.6071098,-0.01118936,12.983142,9.501115
54407350,인사/노무,0.9911839,0.95575273,-0.13776669,8.885589,8.58817
54406815,인사/노무,-0.17775914,0.9356526,0.10687014,14.672982,3.9598546
54406638,인사/노무,-0.61703247,0.65064895,0.034847032,13.444648,3.1732326
54406449,인사/노무,-0.8360102,-0.20891367,0.5470454,15.412291,7.370039
54406191,인사/노무,-1.0548124,0.41437462,0.21155854,15.475455,5.148855
54384237,인사/노무,-0.12691621,-0.52592945,-0.1887615,12.819,9.808935
54406083,인사/노무,-0.83605677,0.08584267,-0.25113517,14.008549,8.170717
54359396,인사/노무,-0.7811583,-0.6159882,-0.1606802,12.83558,9.293672
54406073,인사/노무,-0.43072808,0.27410847,-0.21075207,14.032723,8.124637
54405547,인사/노무,-0.34702933,-0.08336925,0.14065921,12.412098,7.772208
54332054,인사/노무,2.1545558,0.08313765,0.26776856,6.4322095,9.459564
54353292,인사/노무,-0.06575344,0.10475257,0.41713154,12.530492,7.2761507
54404071,인사/노무,-0.95850813,0.5167236,-0.037725154,16.834572,5.173803
54404025,인사/노무,-0.8064747,0.03427007,0.0238695,13.54869,7.934797
54404015,인사/노무,2.4000542,-0.1320336,-0.5157783,7.2735996,10.314092
54393853,인사/노무,-1.0531054,0.24214149,0.09759383,15.409809,5.352572
54397791,인사/노무,-0.8937796,0.9804191,0.23360045,15.675618,5.183806
54397408,인사/노무,-0.8450775,-0.4573978,0.036884792,12.495245,5.4937053
54397267,인사/노무,-0.0003614732,0.12572078,0.09402827,12.194342,7.5093746
54397237,인사/노무,0.6377711,-0.15370566,0.9045378,11.025171,7.673781
54396051,인사/노무,-0.80628705,-0.6911212,-0.18940568,12.986248,9.452004
54395913,인사/노무,-0.7583722,-0.18415947,0.098985635,14.573759,6.9577203
54395571,인사/노무,-0.65172225,-0.51984763,0.10266358,14.68128,8.832527
54395430,인사/노무,1.020974,0.3149187,-0.56328225,12.3518305,2.5819185
54395041,인사/노무,-1.0572613,-0.29794472,0.35099074,15.58139,7.4910607
54394780,인사/노무,-0.60517645,-0.20188726,0.05961396,12.809038,8.487193
54394229,인사/노무,-0.8451143,0.7003346,0.23679993,15.77606,5.5926433
54394075,인사/노무,-0.990502,0.23683043,1.0045176,15.802793,6.907931
54314879,인사/노무,-0.40202698,-0.77853686,-0.42207953,13.431092,10.079441
54392706,인사/노무,-0.9422626,0.94898295,-0.2868194,14.486391,3.7584257
54392169,인사/노무,-0.14841244,0.08823393,0.26569843,11.909871,7.444384
54392124,인사/노무,2.107028,0.21326241,0.124851085,7.355659,8.699931
54391617,인사/노무,-0.13535173,0.20451586,-0.17763232,12.793802,2.5037484
54391548,인사/노무,-0.7176102,0.5618228,0.24069093,15.382257,5.5251927
54391408,인사/노무,-0.77346855,0.20854297,-0.029437255,13.425828,2.9894824
54390926,인사/노무,-0.7113932,-0.7775731,-0.3953528,13.552421,9.741773
54380670,인사/노무,0.014185054,0.10289449,0.65691656,11.0875845,7.61827
54352331,인사/노무,-0.11106172,0.14498128,0.7138352,12.670099,7.281211
54387040,인사/노무,-0.88964826,0.288977,0.1065229,16.975105,5.010261
54384254,인사/노무,-0.7517254,-0.25040358,-0.0053662816,13.395276,8.287708
54205060,인사/노무,1.4818727,-0.3978681,-0.16948865,8.174716,9.507527
54346836,인사/노무,0.12721422,0.12842254,0.17779163,12.043173,7.640469
54202709,인사/노무,-0.7846185,0.03516485,0.58893776,14.949383,6.971588
54383571,인사/노무,-0.24171554,-0.21029967,0.04082875,12.225208,8.25424
54320379,인사/노무,-0.5794319,0.63439083,-0.4854164,17.509436,4.4426007
54293211,인사/노무,-0.9563654,0.41104648,0.037862584,16.945742,4.9351583
54382075,인사/노무,-0.61437994,-0.06514441,0.21397777,12.795598,8.505667
54382058,인사/노무,-0.504882,-0.4172544,0.05563315,13.219425,8.679283
54382001,인사/노무,-0.84994084,-0.09647028,0.2891034,13.610078,7.9426064
54381689,인사/노무,-0.8348436,-0.07158921,0.32882527,14.566432,6.7093
54381616,인사/노무,-0.42789924,0.12997869,0.4655261,14.797642,7.5574203
54381576,인사/노무,-0.25900313,-0.1176464,-0.004185384,12.139756,8.251747
54381531,인사/노무,-0.49272966,0.4830375,0.42615902,13.564785,3.9983585
54380965,인사/노무,0.4536533,-0.58310187,-0.36711088,10.825528,9.905816
54380726,인사/노무,-0.64465344,-0.36804333,0.6870611,15.206545,7.70364
54380425,인사/노무,-0.8764446,-0.5003332,-0.0072658616,13.661464,8.961829
54379875,인사/노무,-0.60901326,-0.13489567,-0.0871435,13.730096,7.2327237
54379803,인사/노무,-0.80410355,-0.1383607,0.50463164,14.868494,7.3471537
54379707,인사/노무,-0.77346444,0.27736637,-0.10640057,13.359776,2.912579
54379654,인사/노무,-0.75989836,0.0756712,0.13905297,12.741637,8.46575
54320069,인사/노무,-0.8964928,0.1995475,0.0020153609,16.916523,5.165286
54378765,인사/노무,-0.6460764,-0.293205,0.62580425,14.988241,7.925242
54378237,인사/노무,-0.81210023,0.12841406,-0.40605915,13.239743,2.8785813
54377618,인사/노무,0.20856288,-0.7947734,-0.49288878,12.009552,9.572471
54377064,인사/노무,-0.06994291,-0.34331036,0.41849262,11.506477,8.633367
54340791,인사/노무,-0.40142676,-0.041527037,-0.08183718,12.45996,8.146038
54376225,인사/노무,-1.0906421,0.105858296,0.24060054,15.455846,5.4528513
54376191,인사/노무,-0.97711307,-0.46809655,0.28520292,15.107329,8.340378
54375292,인사/노무,-0.85790706,0.46792164,0.10227763,16.474398,4.995023
54375173,인사/노무,-0.9701813,0.39430666,-0.76420623,13.677688,2.7650716
54374559,인사/노무,-0.7555336,-0.7271426,-0.10233941,13.690617,9.59543
54360717,인사/노무,-0.31348884,-0.23835237,-0.097280666,13.74134,7.180051
54360588,인사/노무,1.0614209,-0.12276291,-0.24423161,8.858103,9.137462
54350393,인사/노무,-0.33029565,0.16097836,0.055146866,12.7970915,2.842074
54308647,인사/노무,-0.8324178,0.16396408,0.67919594,15.027606,6.3422127
54372063,인사/노무,-0.55836934,-0.33075985,0.6520747,15.36162,8.250714
54359918,인사/노무,-0.2891306,-0.51392245,-0.088631764,12.377118,9.019522
54361901,인사/노무,-1.0661362,0.14350821,-0.20213056,17.154968,4.7985096
54350656,인사/노무,-0.5496324,-0.055142235,0.641402,14.595263,7.9968295
54373125,인사/노무,0.31093472,0.008491111,-0.45505413,12.410937,2.4934978
54373110,인사/노무,-0.82078516,-0.6349291,-0.097616784,14.41243,8.936843
54373104,인사/노무,-0.6723698,-0.36815596,0.706237,14.38178,7.1127477
54371897,인사/노무,-0.7357275,0.042492986,0.848183,15.354559,7.1139374
54371883,인사/노무,-0.8150727,0.02866675,0.8848982,15.557249,7.0808945
54312207,인사/노무,1.4431921,-0.24237525,-0.16697198,8.107874,9.474959
54367051,인사/노무,-0.462434,-0.57559514,0.10930088,14.833479,8.687864
54329004,인사/노무,-0.6418015,0.26664037,0.38352007,13.147979,2.7706413
54366756,인사/노무,-0.8352873,-0.075103395,0.41158938,15.44257,7.3457994
54365243,인사/노무,-0.84295124,-0.35430446,0.065361015,15.190334,7.8200397
54365032,인사/노무,-0.565314,-0.17662406,0.082903214,13.860494,7.0175395
54364863,인사/노무,-0.99206287,0.1658071,0.22861582,15.478886,5.44603
54335507,인사/노무,-0.737431,0.33745813,0.06816459,13.389794,3.1685205
54361899,인사/노무,-0.97260696,0.43744442,-0.09490755,13.367138,2.946408
54361819,인사/노무,-0.24317649,0.12692346,0.5930086,12.433222,7.379424
53972021,인사/노무,-0.8024842,-0.49569395,0.69624704,15.442924,8.323625
54361670,인사/노무,1.2393565,-0.06251977,0.02339552,8.610246,9.270354
54361635,인사/노무,-0.5002036,0.16894846,0.6592869,14.878188,6.4550524
54360579,인사/노무,-0.66947824,-0.026080843,0.15712267,14.022651,6.5524297
54360173,인사/노무,1.2757413,-0.4272952,0.35536107,8.155599,9.115203
54359916,인사/노무,-0.12199838,0.4771013,-1.3050101,17.78472,4.326166
54359822,인사/노무,-0.25806466,-0.56126225,-0.24537107,13.067164,10.035707
54348717,인사/노무,-0.9574555,0.19803661,-0.08570511,13.503155,2.9260108
54359066,인사/노무,-0.50525945,0.28126356,-0.3291782,12.115919,5.4512057
54358745,인사/노무,-1.1622417,0.6095771,-0.13711214,16.827238,4.888645
54357834,인사/노무,-0.5643919,-0.9078543,-0.12928627,14.422267,9.400766
54322198,인사/노무,-0.9683001,0.5175089,-0.07996158,16.885546,4.9026337
54318667,인사/노무,-0.75468755,0.62514865,0.85334647,15.612745,5.9402905
54338133,인사/노무,-0.76413095,-0.36577567,-0.051065512,14.210729,7.1919217
54353536,인사/노무,-0.7815667,0.3163513,0.4169314,15.661228,6.478281
54323612,인사/노무,1.8165613,0.7916683,-0.08415943,7.177133,9.322363
54351798,인사/노무,0.15806922,-0.3654631,0.079356186,11.192811,8.817604
54351605,인사/노무,-0.7761968,0.47249383,0.21938889,15.321481,5.463309
54351459,인사/노무,-1.0387704,0.5090425,-0.72193784,16.59065,4.7635255
54350627,인사/노무,0.30217034,-0.13218495,0.3849329,11.010769,8.065003
54350255,인사/노무,-0.28110263,-0.011079214,0.24556392,12.655047,6.6594853
54349545,인사/노무,0.87133825,-0.19191559,0.4388737,9.224516,8.852451
54347668,인사/노무,3.0372524,0.19151874,0.11546275,5.549655,9.485977
54319961,인사/노무,-1.0607431,-0.08633536,-0.64192134,12.35302,5.4263988
54322466,인사/노무,0.48490694,-0.17581758,0.054742873,10.578363,8.512366
54337982,인사/노무,2.7368019,0.22322989,0.14394386,5.564589,9.225368
54288500,인사/노무,-1.1307683,0.35685816,-0.085698396,16.842623,5.200515
54304753,인사/노무,-0.5816534,0.0232381,-0.32288036,12.229671,5.189453
54345451,인사/노무,-0.46388426,-0.14395237,0.024417298,13.186307,7.8956423
54326664,인사/노무,0.66536516,-0.25160128,0.1273012,9.882127,8.9649
54339179,인사/노무,0.44116658,0.053009592,0.26293644,10.438873,8.615687
54290373,인사/노무,-0.7707021,-0.2597942,0.58126944,15.40942,7.396569
54338875,인사/노무,-0.8501395,-0.31048095,-0.39874333,13.245738,2.6178765
54338592,인사/노무,-0.77687025,-0.12709868,0.30855864,14.884002,6.9930744
54338444,인사/노무,-0.32757965,0.21239041,-0.10349485,12.649633,7.6691694
54338295,인사/노무,-0.8628795,0.008459018,0.27503175,14.872073,7.2650614
54337941,인사/노무,-0.7744834,0.23651524,0.26586455,13.450924,3.1102023
54336561,인사/노무,-0.10043754,0.2805896,0.17265482,11.947948,6.6373515
54271441,인사/노무,-0.76419884,0.5619131,0.40151906,15.7067585,5.4745593
54335734,인사/노무,0.62690043,-0.36183256,-0.14237086,10.6822605,9.948051
54335345,인사/노무,-0.6510779,0.061991043,0.4099384,14.729099,6.6934123
54334936,인사/노무,-0.8269154,0.99219114,-0.2384086,16.257414,4.9643025
54333573,인사/노무,-1.0310453,0.5116353,-0.21089725,15.521924,4.7754135
54333327,인사/노무,0.23308279,0.06094458,0.5003835,11.5056305,7.6836505
54331834,인사/노무,-0.7634783,-0.28662145,-0.03979497,14.17629,7.1805654
54331367,인사/노무,0.045721892,-0.23847698,0.34309986,12.5819435,6.8647037
54328544,인사/노무,0.8631603,-0.57671916,-0.3744871,10.252555,9.924908
54283665,인사/노무,0.030100433,-0.10221939,0.067231454,11.713367,8.126066
54325531,인사/노무,0.63867635,-0.38766265,-0.145214,10.373546,9.781859
54325408,인사/노무,-0.8030227,-0.34364876,0.56240225,14.965493,8.524896
54314117,인사/노무,1.7909017,-0.27788416,-0.15630835,7.570022,9.456379
54323748,인사/노무,0.65012103,-0.22755995,-0.036902916,9.843732,9.049521
54029596,인사/노무,1.9398386,0.10835774,0.22131395,7.1884007,9.244953
54321226,인사/노무,-0.9561314,0.5318291,-0.34384567,16.596022,4.996062
54321181,인사/노무,-0.62308276,0.67812926,-0.12654091,14.551033,3.8153262
54320537,인사/노무,-0.8267541,0.3740447,0.61392313,15.477696,5.940847
54319731,인사/노무,-0.9026536,0.76470464,-0.07248095,16.332317,5.155907
54150362,인사/노무,-0.538114,0.21038906,0.21325195,14.021272,6.312215
54318660,인사/노무,-0.05199398,0.07737374,0.45581847,11.969662,7.458127
54318431,인사/노무,-0.72875214,-0.48531023,0.38719544,15.180331,7.8073087
54314811,인사/노무,1.6227252,-0.023751436,0.44572857,8.01896,8.893055
54314016,인사/노무,-0.9010684,0.44865778,-0.21264827,15.414405,4.7705946
54313092,인사/노무,-0.66955805,-0.9747393,-0.5518767,13.70904,9.907911
54312998,인사/노무,-0.84173167,0.17526346,0.009639128,13.211805,3.0288217
54312510,인사/노무,-0.70570654,0.04982269,0.45115978,15.2125635,6.9245667
54311691,인사/노무,-0.76566875,0.52215654,0.3187207,13.090772,2.597415
54310404,인사/노무,0.8362968,-0.3197545,-0.2236742,9.419398,9.252229
53982182,인사/노무,-0.82265633,-0.070385225,-0.42314827,12.403237,5.357343
54309085,인사/노무,-0.4718082,-0.48632488,-0.13959353,12.831442,9.270659
54202521,인사/노무,0.9371342,-0.2858845,-0.22007257,9.433696,9.135243
54290788,인사/노무,0.64232445,-0.33239803,-0.1751932,10.183477,9.398666
54001305,인사/노무,-0.8186109,0.32965198,0.46518713,15.629061,5.8319893
54306114,인사/노무,1.9039823,-0.08162836,-0.025596589,7.2356987,9.137223
54245580,인사/노무,-0.76527196,-0.15167171,0.32856634,15.056849,6.984099
54304391,인사/노무,-1.1344856,0.25121155,-0.19206417,13.158368,4.6285586
54304058,인사/노무,-0.5388386,-0.55023426,-0.5816599,13.538906,9.021301
53940114,인사/노무,-0.6845384,0.28646302,0.75015825,15.3668995,6.4438367
54295776,인사/노무,-0.8936841,0.17577614,0.06792589,15.454621,5.2497635
54295629,인사/노무,-0.9188703,-0.11847098,0.08222661,13.493458,8.1057
54245128,인사/노무,0.11689873,-0.3331679,0.024543362,10.837045,8.360396
54294506,인사/노무,3.1360393,0.14987107,0.2589321,5.0374575,9.200952
54293787,인사/노무,0.39683864,-0.56292266,-0.24010926,10.785807,9.902567
54283956,인사/노무,-0.7235008,0.26060843,0.09134834,15.5016165,5.182204
54194797,인사/노무,1.4057927,-0.028732922,0.17483258,8.186976,8.823827
54279389,인사/노무,0.03329123,-0.33608922,-0.06088493,11.736725,8.974783
53919901,인사/노무,-0.7652799,1.1810273,0.020961832,14.978772,4.7381287
54225382,인사/노무,-0.9411466,0.8711115,0.2029011,14.367458,4.749176
54259072,인사/노무,1.4978905,-0.123534344,0.12927331,8.358523,9.428026
54273428,인사/노무,0.1068728,0.13122308,-0.15286584,11.151469,9.155274
54272114,인사/노무,-0.8058026,0.13599445,-0.24678013,12.613775,4.7789755
54269982,인사/노무,-0.86100495,-0.002609487,-0.40229523,12.361691,5.088775
54268433,인사/노무,2.4538488,-0.06032752,0.093145676,6.1452236,9.355848
54266358,인사/노무,0.96543896,0.17092468,-0.091306865,8.801935,9.050229
54243959,인사/노무,-0.60662216,0.04706772,0.4312913,13.084989,7.7675686
54260531,인사/노무,-0.7531051,0.34553733,0.30147645,13.222644,2.789714
54259989,인사/노무,1.846774,0.0669725,0.093553916,7.449046,8.690928
54259474,인사/노무,-0.7890537,0.21604672,0.55113953,15.080346,6.1691027
54230212,인사/노무,-1.1092365,0.80569726,-0.21083935,16.472599,4.827493
54248470,인사/노무,2.6312122,0.0031198866,0.1381505,5.7305045,9.315721
54246857,인사/노무,-0.613075,0.12009527,0.42950657,15.021063,7.026744
54246790,인사/노무,-0.7713617,0.37310657,0.19196692,13.272919,3.0208976
54244848,인사/노무,0.09100101,0.22546944,0.13196205,11.842105,6.3149047
54223540,인사/노무,-0.55602443,0.35102844,0.0760977,13.145902,2.8481731
54242661,인사/노무,0.047980573,-0.58851784,-0.11832532,11.882646,9.132812
54241281,인사/노무,-0.2511337,0.6321014,-0.11084311,17.538797,4.259938
54240512,인사/노무,0.6365116,-0.2995781,-0.18150386,9.67061,9.213127
54188036,인사/노무,-0.35640734,0.31324774,0.5434266,12.694276,7.280371
54217146,인사/노무,-0.4038955,-0.777437,1.2257401,15.809825,7.8602085
54225567,인사/노무,-0.7915879,0.019118655,0.15104268,14.329323,6.6557646
54230977,인사/노무,-0.20572746,0.95850223,0.1802888,15.218436,4.1323056
54229658,인사/노무,-0.69399303,-0.15157883,0.57369834,15.259348,7.094413
54229512,인사/노무,-0.611799,0.74918485,0.0099302465,13.63924,3.3877082
54228866,인사/노무,-0.9020515,0.25037917,0.0546119,16.909658,5.1211643
54228189,인사/노무,0.17456916,-0.3134971,-0.43197083,10.771282,9.527069
54224223,인사/노무,0.70191115,-0.38497105,-0.23675121,9.529529,9.272804
54205241,인사/노무,-0.92769307,0.5647225,0.045929935,15.5445,5.275393
54203797,인사/노무,-0.8621474,-0.26696724,0.57356167,15.188753,8.17483
54219031,인사/노무,2.6270897,0.06813615,0.2595087,5.729495,9.256753
54219015,인사/노무,1.6281326,-0.15132307,0.24499495,8.01835,9.212897
54217647,인사/노무,-0.26217207,-0.32209045,0.040181115,11.949689,8.414551
54205340,인사/노무,-0.58087546,-0.31117824,0.08988598,14.031004,6.9411497
54203351,인사/노무,-0.868,0.20616734,-0.46623462,17.259504,4.707621
54202544,인사/노무,-0.7447636,0.0382093,0.088763095,14.199631,6.723498
54173336,인사/노무,1.9960319,0.010420942,0.18687415,6.6089087,9.404033
54201139,인사/노무,-0.64036584,0.21095541,0.44950318,14.193536,6.1869903
54200575,인사/노무,-0.3128929,0.16341029,0.35185513,14.01168,6.3015723
54124547,인사/노무,-0.67273873,0.016896915,0.8414373,14.884474,7.8217616
54191487,인사/노무,-0.34025207,-0.6014475,-0.37648663,13.184925,9.691475
54191333,인사/노무,-0.7281554,0.09333897,-0.28197822,12.702634,6.086744
54187836,인사/노무,-0.11430272,-0.35177165,-0.072132766,11.782933,8.743142
54185808,인사/노무,-0.4313272,-0.17293198,0.20328589,13.420278,6.741544
54178837,인사/노무,3.3417869,0.29108754,0.43826267,4.913621,9.113379
54177571,인사/노무,-0.5151722,0.058371555,-0.21024841,13.096707,2.623535
54177184,인사/노무,-0.23759739,0.14503446,0.20430467,12.280178,7.369019
54160592,인사/노무,0.27623892,-0.19450197,0.2817246,10.764865,8.363745
54161728,인사/노무,-0.41945496,-0.88958347,-0.5128285,13.589698,10.074091
54161516,인사/노무,2.1409204,0.020359524,0.2980066,7.014965,9.263669
54171749,인사/노무,-0.7864033,0.5368737,0.44634387,15.634183,5.7855167
54170443,인사/노무,-0.47480595,0.1364071,0.2742525,12.868177,7.9611754
54158744,인사/노무,-0.78146094,-0.28875247,0.28701836,14.923853,7.403223
54158497,인사/노무,-0.6218731,0.18492053,0.5860059,15.00266,6.507108
54150829,인사/노무,-0.6026505,-0.48469937,0.51141834,11.910891,8.272673
54148485,인사/노무,-0.8592987,0.1280427,0.70875776,15.162628,7.2943716
54123915,인사/노무,0.15330434,-0.022916922,0.06594984,11.1629715,9.330892
54121931,인사/노무,-0.9383854,-0.02814044,-0.6749699,17.585726,4.6283827
54121304,인사/노무,-1.0123892,0.06577027,0.29907143,14.879328,6.726416
54121088,인사/노무,-1.0673101,0.61366755,0.12690444,16.849867,4.932813
54118548,인사/노무,-0.5127282,-0.6983047,-0.12032352,13.702324,9.786068
54118363,인사/노무,-0.44876245,0.2521695,-0.22293095,12.191624,5.12285
54108946,인사/노무,-0.5216051,-0.03867873,0.33473125,15.067023,6.9007254
54106070,인사/노무,0.51663524,-0.3183741,-0.127504,10.063134,9.0749445
54104449,인사/노무,-0.69180834,0.36333814,1.0393125,15.509483,6.3386784
54090505,인사/노무,-0.66857404,-0.17231965,0.48625094,15.317992,7.2238517
54087519,인사/노무,-0.066569336,-0.8037796,0.58338034,11.345015,9.474847
54054673,인사/노무,-0.72794515,-0.066184,0.4213345,14.45999,6.851943
53936246,인사/노무,-0.7577494,-0.080207534,1.2929909,15.848955,7.328825
54004430,인사/노무,-0.8383355,0.3166357,0.80660284,15.685836,6.5777354
53969945,인사/노무,-0.5681016,0.05311245,-0.084390365,12.1781025,5.236722
53918993,인사/노무,0.47620595,0.3962759,-0.45693913,17.705809,4.1846437
54430795,인사/노무,-1.1869944,0.59427685,-0.65862525,13.275434,4.62904
54452771,인사/노무,-0.8791951,-0.64708406,0.19203281,15.17132,8.491345
54452221,인사/노무,0.3649084,-0.18577291,0.15236105,10.754917,8.360871
54062026,인사/노무,-0.47349477,-0.5011931,-0.57580084,12.375526,10.092635
54142823,인사/노무,-0.38971466,-0.38457626,-0.03504497,12.315635,8.989757
54445549,인사/노무,-0.5610537,0.0784219,0.0944645,13.82778,6.7524986
54445365,인사/노무,-1.0600265,-0.7249149,0.42662653,15.331904,8.573241
54371908,인사/노무,-1.0625465,-0.64741683,0.47768453,15.280231,7.8261085
54445175,인사/노무,-0.5484828,-0.4011569,-0.030651806,12.535803,9.152455
54445141,인사/노무,-0.83874863,-0.38135976,0.20178881,14.292744,7.260883
54444981,인사/노무,-0.85684204,0.03923578,-0.1734123,13.15806,6.285396
54380165,인사/노무,0.23751572,-0.28660396,-0.04198881,10.904736,8.845871
54169801,인사/노무,0.48406962,-0.17508702,-0.36153704,10.544191,9.450809
54402377,인사/노무,-1.4127349,0.6602314,-0.28145975,16.449694,5.3920655
54441586,인사/노무,2.589932,0.18398696,0.065879636,5.705903,9.061466
54421333,인사/노무,0.31526956,-0.63422775,-0.49090955,10.746806,9.603001
54377693,인사/노무,-0.8220898,-0.10764985,-0.17093942,13.670777,2.7847235
54340197,인사/노무,-0.5437499,-0.79634005,0.052215703,15.041429,8.695681
54404899,인사/노무,-0.34090307,-0.34212458,-0.029500162,12.387621,8.845136
54409745,인사/노무,-1.0309038,0.3073736,0.36291915,15.596133,5.5257053
54434768,인사/노무,-0.8199448,-0.5679453,0.5293736,14.965866,8.43615
54434236,인사/노무,-0.77536,-0.36262995,0.07368461,14.116206,7.0131865
54433218,인사/노무,-0.63099265,0.03487242,-0.30238482,13.159842,2.5893433
54432078,인사/노무,3.2519784,0.097053386,0.33077732,4.965844,9.1892605
54430642,인사/노무,-0.7800999,-0.33850053,0.17970084,14.24676,7.1942
54416177,인사/노무,0.19924198,-0.27481323,0.3132808,10.687113,8.436267
54429452,인사/노무,-0.86083007,-0.5245307,0.6357079,15.4399,8.3075
54427041,인사/노무,-1.255711,0.16992505,-0.57576966,15.519862,4.6934137
54376942,인사/노무,1.6256647,-0.357421,0.45994696,8.33441,9.311518
54211557,인사/노무,-1.081191,0.23392497,-0.18547095,15.046446,5.681336
54179481,인사/노무,-0.37276107,-0.047337882,1.1462967,15.790007,7.219748
54422554,인사/노무,2.5472126,-0.009607283,0.3729237,5.5483723,9.102337
54380390,인사/노무,-1.1336882,-0.40248019,0.30070686,15.0001,8.695576
54420512,인사/노무,1.2437702,-0.4012629,0.22412258,8.015464,9.198166
54324908,인사/노무,-0.13255331,-0.06925371,0.20642366,11.719473,7.6751304
54419596,인사/노무,-0.033552382,-0.539393,-0.19709155,11.874395,9.034397
54419277,인사/노무,0.27103063,-0.6874786,-0.3445234,11.124511,9.996275
54177448,인사/노무,-0.65347147,-0.1080231,0.542925,15.131266,6.9451866
54417530,인사/노무,-0.11124295,-0.38250846,-0.085135855,12.088416,8.878667
54414796,인사/노무,2.9715433,0.11255944,0.1030561,5.357713,9.264702
53909299,인사/노무,2.113381,-0.03965247,0.19552222,6.5789514,9.41755
54414494,인사/노무,-0.9064585,-1.1220092,0.29859093,15.330592,8.763902
54409900,인사/노무,-0.62559414,-0.2915519,0.6155042,14.476291,7.0539002
54350177,인사/노무,-0.6810193,-0.3124498,0.49377427,15.503481,6.9030356
54407924,인사/노무,1.1095598,-0.005680492,-0.18605469,8.799683,9.636695
54407367,인사/노무,-0.3876656,0.27654898,-0.4195811,12.063886,5.5049386
54405199,인사/노무,-1.0017207,0.24793895,0.0007989385,13.376669,3.1326
54402304,인사/노무,-0.40362218,-0.45597285,-0.14921807,12.438392,9.011351
54364046,인사/노무,-0.20289598,0.6221542,-0.91840047,17.69383,4.332795
54397172,인사/노무,-0.7783982,0.033590935,-0.5241755,14.009972,7.9947886
54396643,인사/노무,1.3375182,-0.1592565,0.16715898,8.206922,8.947221
54396495,인사/노무,-0.22354202,-0.47836336,-0.41089824,12.984261,10.002413
54041526,인사/노무,-0.87774754,-0.32914495,-0.08595371,14.213145,7.174489
54395162,인사/노무,-0.5970166,-0.4544335,0.5878148,11.912335,8.319676
54311251,인사/노무,-0.843546,0.3039094,-1.0314226,17.662607,4.509289
54393636,인사/노무,0.998822,-0.34310192,-0.80623144,7.4387927,10.409714
54389762,인사/노무,-0.45374316,-0.19228218,-0.04053803,12.892449,8.496807
54389744,인사/노무,0.08792775,-0.054634508,0.28477204,10.934242,8.397252
54389086,인사/노무,-0.7685029,-0.09095187,0.21919729,12.927191,8.457934
54378056,인사/노무,-1.0139825,0.22413616,-0.017704798,15.470171,4.7912755
54376349,인사/노무,-0.97240984,0.6297394,-0.111683145,15.486165,4.726335
54374129,인사/노무,-0.7977681,-0.60119605,-0.57796234,12.72728,10.684958
54374117,인사/노무,-1.1424325,-0.7626985,0.22394694,15.273381,8.486114
54373265,인사/노무,-0.9245759,-0.84303564,-0.16558152,14.710999,9.116635
54373144,인사/노무,0.2606356,-0.6798347,0.6193722,11.354129,9.431071
54366225,인사/노무,-0.986337,0.24406178,-0.09418456,13.468019,5.9082456
54365695,인사/노무,-0.8743626,-0.27979165,0.07178857,14.474096,8.2372465
54335526,인사/노무,-0.5095823,-0.597584,-0.009379079,14.534166,8.7163
54359342,인사/노무,-0.70324504,0.14068098,0.07875078,13.821127,7.020124
54358271,인사/노무,1.6220838,0.1248083,0.15677074,7.6333156,9.360282
54357487,인사/노무,-0.9491155,0.030434255,0.12677774,17.337605,4.709162
54324780,인사/노무,-0.742162,0.43436113,-0.34405977,15.464578,4.700258
54351788,인사/노무,1.1645585,-0.21872158,0.7556182,8.170257,9.008819
54347550,인사/노무,-0.6547702,-0.22593518,0.0783599,14.030409,7.054351
52952664,인사/노무,-0.7505653,-0.044912025,-0.72206616,12.768528,10.743438
54340055,인사/노무,1.6408024,-0.1207917,0.025581798,7.829497,9.400593
54339615,인사/노무,-0.40798774,0.011672568,0.33632344,11.951771,7.4642134
54338405,인사/노무,-0.7805106,-0.8488867,0.9813393,15.876322,8.090913
54337403,인사/노무,-0.20123295,0.13292906,0.41974157,13.04191,2.5562968
54267898,인사/노무,-0.40589073,-0.37957102,0.13658522,14.763591,8.866374
54336696,인사/노무,-0.7839709,-0.7883583,0.13101588,15.361538,8.790634
54335690,인사/노무,-0.7679984,-0.7509838,-0.23059222,13.63374,9.613678
54335622,인사/노무,1.5445504,-0.12638202,0.016102064,7.6688185,9.042765
54331899,인사/노무,-0.24034603,-0.03857224,-0.24586958,13.386646,8.079094
54314651,인사/노무,0.72047025,-0.6441366,0.046543434,10.492355,9.995955
54323745,인사/노무,0.9728836,-0.29618683,-0.052262284,9.391878,9.243752
54322821,인사/노무,1.1677049,-0.20529193,0.077673905,8.935194,9.499314
54321723,인사/노무,-0.81870407,-0.48990014,0.30470216,12.858124,9.120641
54320406,인사/노무,-0.34319654,-0.24831693,0.09868886,12.857136,7.749233
54320371,인사/노무,-0.61211574,-0.2705091,0.14033832,13.463574,7.3362045
54270755,인사/노무,-0.8180721,0.3586367,0.02681096,13.457653,3.1287959
54287882,인사/노무,-0.3361569,-0.5107175,0.13962072,11.243294,8.218218
54296283,인사/노무,-0.79711336,0.5328657,0.55989057,14.814847,5.8687177
54292608,인사/노무,-0.24677187,-1.1145848,0.509421,11.443261,9.444755
54283888,인사/노무,2.0806165,0.038302727,-0.48391467,6.778243,9.228603
54254054,인사/노무,0.7178299,-0.3299892,-0.15894319,9.54422,9.066727
54271764,인사/노무,-0.18303196,0.2289134,-0.5004381,12.04372,5.480171
54271261,인사/노무,-0.64125115,0.31434396,-0.29549074,13.531101,2.7760227
54258546,인사/노무,-0.9389948,-0.072078146,0.3506425,15.399648,7.862214
54207117,인사/노무,0.5782688,-0.26321387,-0.019481776,9.903097,8.971016
54246471,인사/노무,1.224858,0.84535277,0.026141375,8.171761,8.741423
54242427,인사/노무,1.7056805,-0.15450414,0.039884903,7.807841,9.44348
54059937,인사/노무,0.13789944,-0.4317078,-0.060083803,12.208347,9.0019865
54230207,인사/노무,-0.59380656,-0.6992799,-0.16800717,12.838136,9.439678
54180628,인사/노무,-0.3277976,-0.32409397,-0.054029156,12.530519,8.672067
54180687,인사/노무,-0.45494604,-0.29560915,0.043915816,12.395811,8.779769
54180743,인사/노무,-0.36893985,-0.26080868,0.0012836967,13.377183,7.2169127
54158915,인사/노무,-0.6748656,0.73582524,-0.1250419,13.130028,5.839479
54202857,인사/노무,1.6236321,-0.12202211,-0.08995683,7.6566067,9.282511
54176813,인사/노무,-0.45033565,-0.30175656,0.12529325,13.735694,7.0918684
54014891,인사/노무,-0.75722784,0.059705086,-0.02585392,12.385035,5.4536867
54038529,인사/노무,-0.9921623,0.8726336,-0.22187197,14.40049,3.6952865
54037182,인사/노무,-0.88124436,-0.78792614,-0.34556398,13.801428,9.515859
53985719,인사/노무,-0.8859122,0.4275415,-0.101903506,13.132936,4.6576333
54404998,인사/노무,1.0875113,0.03942851,0.30751663,8.7434225,9.19018
54426964,인사/노무,-0.8573515,0.9129507,0.37347558,13.029615,4.4588237
54338900,인사/노무,-0.99138784,0.91362196,-0.0060553844,14.990326,4.75095
54406831,인사/노무,-0.37733975,1.0813981,0.2061374,14.848562,4.551318
54415319,인사/노무,1.3712684,0.21184953,0.17654516,8.141776,8.81948
54385739,인사/노무,-0.6588529,0.6036578,0.07851408,15.81841,5.848911
54385723,인사/노무,-0.5795114,-0.24726948,-0.19624722,13.043773,9.119722
54385679,인사/노무,-0.6924455,0.57733816,0.14849836,15.814948,5.9679327
54376883,인사/노무,2.7313209,0.33822697,0.17598067,5.5598617,9.372649
54452698,인사/노무,-0.111077935,-0.40703452,-0.03324545,11.895765,8.837368
54452506,인사/노무,3.2771678,0.30224606,0.3447295,4.948006,9.10496
54395172,인사/노무,-0.14946038,-0.73490286,-0.45213935,13.394293,10.105203
54395100,인사/노무,-0.70385575,-0.76307625,-0.22785652,13.636629,10.020539
54452068,인사/노무,-0.75107604,0.7745296,-0.1507734,16.371023,5.0399494
54451516,인사/노무,-0.17132789,0.12828459,0.4569487,12.284986,7.375559
54353124,인사/노무,2.4360125,0.052730944,0.18086955,5.9219904,9.437367
54451375,인사/노무,1.1653485,0.30585188,-0.4481608,8.673687,9.37326
54451366,인사/노무,-0.80439717,0.48325178,0.22688788,13.405704,3.1638966
54391654,인사/노무,1.9134147,-0.005562325,0.16507336,7.772298,9.325693
54450929,인사/노무,0.8225418,-0.26814407,-0.09498535,9.3290825,8.966853
54379022,인사/노무,-0.4890205,0.377849,-0.29581964,12.137739,5.1806226
54326171,인사/노무,1.3520899,-0.11562033,-0.04225149,8.1892395,8.998219
54450601,인사/노무,-0.67331636,0.5704732,0.01799817,13.610864,3.2049623
54450543,인사/노무,-0.65514,-0.1269672,0.053322177,13.12852,8.172592
54434513,인사/노무,-0.6609594,0.568552,0.14866218,15.271547,5.0977244
54450167,인사/노무,-0.00041126084,-0.3455771,-0.20499545,11.464527,8.685897
54449921,인사/노무,-0.89447176,0.43502107,0.057307217,16.333292,5.283226
54351290,인사/노무,-0.7075532,0.123010665,0.2918155,14.728244,6.500056
54349360,인사/노무,1.7056748,-0.073731385,0.3532464,7.2660584,9.150352
54447662,인사/노무,-0.6925549,-0.20422547,0.10809307,12.815435,8.535122
54447556,인사/노무,0.44839287,-0.062091652,0.20467253,10.430421,8.661369
54447529,인사/노무,-0.5358229,-0.21081854,-0.19224335,13.231211,9.006735
54447378,인사/노무,-0.5430891,0.1655293,-0.1371481,12.251121,5.396599
54446673,인사/노무,-0.7408037,-0.6783733,0.117080115,14.140263,9.255067
54446640,인사/노무,-0.6169436,-0.5455427,-0.41674677,12.596754,9.142838
54416086,인사/노무,-1.0034314,-0.283317,0.100921944,13.465901,8.451738
54446389,인사/노무,0.4222847,0.1851663,-0.21080492,12.444422,2.5295558
54428610,인사/노무,-0.6127762,-0.0036896712,-0.028324727,13.021584,7.10807
54446127,인사/노무,-0.5542974,-0.4600578,-0.17352788,13.106633,8.580273
54445835,인사/노무,-0.3252119,-0.31167707,-0.35218883,12.238635,8.635535
54430807,인사/노무,0.22056323,-0.192981,0.03228769,10.895247,8.266572
54445074,인사/노무,-0.39277995,-0.12959728,0.050116234,13.596163,7.0476966
54445033,인사/노무,1.0944588,0.06013944,0.1413527,8.449655,8.852615
54445017,인사/노무,-0.29174426,-0.20619492,0.12026042,11.237253,8.157038
54444720,인사/노무,3.0786195,0.31733915,0.176993,5.476366,9.221038
54444291,인사/노무,-0.47598413,-0.09884366,-0.2533725,12.443741,10.500032
54430460,인사/노무,-0.5386842,0.18331349,0.3662294,14.440873,6.851891
54243389,인사/노무,-0.2499608,-0.71283704,-0.47315782,12.930371,9.821277
54443946,인사/노무,-0.70647985,0.3003612,0.48684478,14.919063,6.336382
54443917,인사/노무,-0.7722784,-0.8522891,-0.3641389,13.727574,9.737584
54443900,인사/노무,2.913833,0.19724743,0.16766572,5.266394,9.25832
54443840,인사/노무,1.5711963,0.03506946,-0.025673237,7.8819323,8.9231825
54443648,인사/노무,-0.39330572,-0.46934423,-0.23595206,13.253259,9.702069
54443034,인사/노무,-0.25674486,0.3712135,0.28477398,12.145861,7.1304173
54154727,인사/노무,0.2981843,-0.04052134,0.13389511,11.226914,8.804441
54442849,인사/노무,-0.7551044,0.37368432,0.10220818,12.460836,5.0001273
54442767,인사/노무,-0.41292143,0.32208785,-0.07274612,12.544917,6.124543
54131017,인사/노무,1.6786369,-0.17167455,0.086026736,7.7934513,9.365075
54442513,인사/노무,-0.28518867,-0.8440544,-0.5242633,13.337386,10.13601
54442381,인사/노무,0.6200487,-0.27770156,-0.20917244,9.879336,9.243498
54442299,인사/노무,0.41713348,-0.6750335,-0.42890576,10.543594,9.80409
54427592,인사/노무,-0.41667438,-0.24355224,-0.06611442,13.5219145,7.094454
54429725,인사/노무,-0.29491726,-0.835149,-0.33125776,13.064226,10.021618
54055115,인사/노무,-0.5442664,-0.7323462,0.2069776,14.815429,8.843557
54427271,인사/노무,-0.97962,-0.3361079,0.57475555,15.5318,7.67679
54402391,인사/노무,-0.8026309,0.07358654,-0.253872,12.356322,5.4775715
54406603,인사/노무,-0.29929075,-0.3693231,-0.3412228,12.615793,9.014374
54425446,인사/노무,-0.35290366,0.034017656,0.025999734,13.186507,7.1991477
54441348,인사/노무,-0.8004035,-0.12987772,-0.26723903,13.56305,2.9926512
54440972,인사/노무,-0.45699593,-0.08476338,0.12803113,12.965712,8.428973
54440968,인사/노무,-0.6578442,-0.12523662,0.13632031,13.046254,8.426383
54440559,인사/노무,1.2795879,-0.35919747,-0.26357195,8.903461,9.450634
54440437,인사/노무,-0.8708154,-0.21660733,-0.057467267,13.532661,8.6943655
54440435,인사/노무,-0.77368283,-0.32727754,-0.08920385,13.524612,8.648019
54415357,인사/노무,-0.3017509,0.23197871,-0.17728391,12.069152,5.3657565
54439387,인사/노무,-0.8528692,0.059635647,0.13624491,14.163285,6.362632
54428540,인사/노무,0.9785917,-0.23691702,-0.14771214,9.3425455,9.27524
54265721,인사/노무,-0.4894116,-0.4642208,0.2283138,12.40552,9.014129
54438783,인사/노무,-0.3942669,-0.14252488,0.13763598,12.690243,8.032117
54438655,인사/노무,0.4398049,-0.24031892,-0.13986713,10.348529,9.36207
54438495,인사/노무,-0.6309372,-0.20947105,0.06923726,13.156446,8.013447
54438173,인사/노무,-0.73651505,0.12828083,0.15982386,13.0765915,8.178272
54437970,인사/노무,-0.39278665,-0.18729712,-0.03982083,12.982386,8.202968
54421578,인사/노무,-0.18590578,0.71388376,-0.7772003,17.672474,4.2582097
54422880,인사/노무,0.035066277,-0.2436779,-0.09905774,12.16226,8.4174595
54426200,인사/노무,0.46759933,0.11438141,0.3546123,11.093573,7.6567354
54417034,인사/노무,-0.3103837,-0.2930125,0.4773046,14.824431,8.228782
54419139,인사/노무,-0.36195895,0.33788204,0.20219691,12.799305,2.915413
54434937,인사/노무,0.3378051,-0.2968065,0.014055223,11.2415285,9.3888235
54191198,인사/노무,1.118997,-0.057704642,-0.003285382,8.696535,9.182164
54434475,인사/노무,-0.21652022,-0.32198513,-0.19749932,12.886813,8.38908
54433986,인사/노무,-0.18892477,-0.04075123,-0.020408526,12.383427,8.040766
54433904,인사/노무,-0.549433,-0.29252222,-0.16224211,12.979277,6.512867
54044470,인사/노무,-0.08408237,0.21331993,-0.39300993,12.939489,2.6001964
54394704,인사/노무,-0.4996755,0.056199934,0.27029663,12.952402,7.7823305
54433105,인사/노무,-0.8601882,0.33538413,-0.024176864,17.03773,4.943132
54352065,인사/노무,-0.71806574,-0.053459473,-0.74123055,12.315848,5.479405
54419726,인사/노무,-0.88605434,0.39573544,-0.16810735,13.485525,2.929708
54432257,인사/노무,0.90119773,-0.13045835,-0.009725445,9.315917,8.929315
54431930,인사/노무,-0.6521608,0.22467054,-0.41743642,13.394377,2.7421615
54334608,인사/노무,-0.49870118,0.24874878,-0.17228574,12.763642,6.7100654
54431816,인사/노무,-0.29659063,0.1197276,0.36285993,12.457284,7.6425476
54431740,인사/노무,3.2069979,-0.042573344,0.5722411,5.208231,9.098838
54194585,인사/노무,1.7981815,0.025690584,0.033795692,7.39486,9.177891
54431405,인사/노무,-0.45041022,-0.19552979,-0.03157994,12.7011175,8.436441
54431390,인사/노무,-0.99288946,0.29527518,0.24132113,15.129676,5.687922
54431225,인사/노무,-0.7337722,-0.40228617,0.034979183,12.972635,8.542438
54074089,인사/노무,0.6247417,0.91221815,0.16448005,14.857557,4.2775183
54304932,인사/노무,0.36382997,0.52327484,0.17281252,12.578656,2.6363757
54430421,인사/노무,-0.5410041,-0.48223066,-0.19283497,12.59642,9.14769
54430199,인사/노무,3.0513477,0.27256918,0.06538812,5.3933587,9.376652
54379447,인사/노무,2.758839,0.39282647,-0.20143831,5.7395062,9.190801
54429858,인사/노무,0.1604038,0.23893115,0.4410206,12.151415,7.5050583
54408699,인사/노무,-0.61787534,0.52163666,0.08999784,12.763472,4.926397
54000538,인사/노무,-0.40181753,-0.30580357,-0.041777838,12.371831,8.600844
54261142,인사/노무,-0.15389383,-0.02813414,0.28121614,12.018278,7.687278
54428028,인사/노무,-0.7592076,0.62105155,0.03828569,12.906176,4.4662504
54427990,인사/노무,-0.8819473,-0.70290256,0.106198095,15.040844,7.9166207
54427718,인사/노무,-0.89847624,0.19518077,-0.18754709,15.451029,4.7363853
54427417,인사/노무,-0.92581934,-0.07725338,0.48623294,15.007839,7.3116236
54427095,인사/노무,1.9834176,0.16629893,-0.26446038,6.8997407,9.406376
54427004,인사/노무,0.011636409,0.20926288,0.008455337,12.660918,2.768637
54426734,인사/노무,0.44501466,-0.35821038,-0.26174903,10.621716,9.582661
54421597,인사/노무,-0.661855,0.23704539,0.16981402,13.25981,2.7250583
54426571,인사/노무,0.0801401,0.4585924,-0.061349694,12.48758,6.691251
54359222,인사/노무,2.7086067,0.16296402,0.012643869,5.537509,9.170547
54419459,인사/노무,2.8193028,0.12344877,0.2729278,5.7310987,9.487766
54422955,인사/노무,-0.73374826,-0.3543537,-0.063406676,13.028071,8.522134
54362901,인사/노무,-0.74641,0.3445215,0.4395497,13.759566,4.649105
54422303,인사/노무,-0.48911938,0.034424853,0.4585555,14.801987,6.814982
54422268,인사/노무,3.5148852,0.39207023,0.20315835,4.940203,9.129462
54062190,인사/노무,0.5958808,0.1509423,-0.21703087,9.785672,9.056516
54421266,인사/노무,-0.69223005,-0.34265554,0.09702383,12.657558,8.927907
54421259,인사/노무,-0.70404255,-0.96200275,-0.5222842,13.744171,9.871774
54421243,인사/노무,1.2328869,0.014143204,0.12966402,8.433025,8.893027
53916930,인사/노무,-0.74799466,0.5894264,-0.18632737,15.466323,4.6058755
54420857,인사/노무,-0.781209,0.29937392,0.087305,13.366377,2.8510463
54420768,인사/노무,-0.7883254,0.2796525,-0.041225135,13.453605,2.717217
54420427,인사/노무,-0.98816276,-0.06813779,0.06570896,13.489969,2.6790872
54397553,인사/노무,1.0346602,-0.14881091,0.06415296,8.892828,8.925111
54420103,인사/노무,-0.5970571,0.15539107,0.22819126,13.251284,7.543867
54419627,인사/노무,-0.6724549,0.083726086,0.4927116,15.0163765,6.8230367
54419254,인사/노무,1.7793353,-0.19079481,-0.036534633,7.7853117,9.484698
54418638,인사/노무,0.41061363,-0.102399014,0.07706873,9.590149,8.681421
54314661,인사/노무,-0.72897166,-0.18477984,-0.0036265748,12.426794,9.940678
54405393,인사/노무,-0.4459922,0.2574393,0.33043185,13.256851,3.278054
54417956,인사/노무,-0.5169295,-0.7252976,0.8176443,15.847157,8.076673
54417936,인사/노무,-0.3969209,-0.8037781,0.70983154,15.875665,8.082281
54417930,인사/노무,-0.78991073,0.516475,0.5794781,15.600605,5.770242
54260607,인사/노무,0.3310947,-0.2139614,0.060969923,10.864669,8.306884
54417038,인사/노무,0.038895532,-0.111797124,-0.16228124,12.0862255,8.402151
54416997,인사/노무,-0.081085786,-0.13543679,-0.4184018,12.414515,8.320122
54416991,인사/노무,1.1953841,-0.028853908,0.048072528,8.408187,9.31009
54416798,인사/노무,-0.65911055,-0.23508735,-0.23801874,12.714872,8.397007
54416768,인사/노무,-0.56831443,0.050382875,-0.15962602,13.505689,2.8000236
54416394,인사/노무,-0.06445369,0.030050566,-0.18630123,12.875646,4.547773
54415851,인사/노무,1.7868636,-0.018060751,0.045464136,7.22197,9.233025
54415802,인사/노무,-0.041351803,-0.2418103,-0.030868972,11.786298,8.780461
54415747,인사/노무,0.51766825,-0.40198344,-0.22564538,10.640979,9.713997
54415580,인사/노무,1.7031596,-0.18278125,0.20823489,7.8472223,9.302337
54408353,인사/노무,0.15201373,-0.19995196,-0.12649035,11.547469,9.087439
54415266,인사/노무,0.2799805,-0.18610694,0.23806688,10.642006,8.854452
53608784,인사/노무,-0.059456516,-0.45591635,0.041799482,11.75886,8.981493
54391240,인사/노무,0.024042739,-0.017725965,0.3839909,11.082257,8.739927
54411868,인사/노무,-0.012996157,-0.3142204,0.13542935,11.292093,9.402641
54410863,인사/노무,-0.9814198,0.45801187,0.97923607,15.928846,7.003489
54410530,인사/노무,-0.6633437,0.5193866,0.6057738,14.673689,6.23648
54410483,인사/노무,-1.0760361,1.2045207,0.13058148,15.794131,5.011965
54410135,인사/노무,-0.6899999,-0.2211232,0.04759222,12.857105,9.092683
53983846,인사/노무,1.5943724,-0.08965543,-0.09213755,8.018954,9.539381
54409807,인사/노무,-0.32985464,-0.3287909,-0.119220845,12.351138,8.816793
54409781,인사/노무,-0.7390526,0.5344283,0.6025773,15.197748,5.9769964
54409765,인사/노무,-0.92990583,-0.612959,0.050519995,13.951412,9.091601
54409395,인사/노무,-0.5868253,-0.43726826,0.034016114,12.545251,8.986493
54408188,인사/노무,-0.1979843,0.015546457,0.23811719,12.635274,6.7468553
54407407,인사/노무,0.7346321,-0.23280509,-0.14162123,9.474246,9.075151
54314318,인사/노무,-0.47172174,0.62215304,0.362839,15.630346,5.6265593
54282155,인사/노무,-0.8194925,-0.25258642,0.5861604,15.486043,7.3360267
54407144,인사/노무,-1.0046561,0.7621725,0.23435418,15.109126,4.905229
54333777,인사/노무,-0.7196022,0.3429397,0.27652082,13.221863,2.9489155
54406640,인사/노무,1.0753671,0.12985986,0.13310808,8.479291,8.74486
54242514,인사/노무,-0.4449378,-0.5750325,-0.21758114,12.6348915,9.235455
54406472,인사/노무,-0.7260434,-0.10200386,-0.09531,12.97528,6.9489727
54405993,인사/노무,-0.8307413,-0.22469395,-0.046868253,12.942588,8.446445
54374928,인사/노무,2.9407096,0.7982592,-0.042419232,5.326069,9.43821
54405701,인사/노무,-0.101063944,0.66368014,-0.2438623,14.982791,4.1592984
54392918,인사/노무,-0.8446376,0.30809042,-0.06992761,13.167604,5.7575536
54405586,인사/노무,0.027530415,-0.35703477,-0.13766347,11.605686,8.914769
54405495,인사/노무,-0.61507666,0.786874,0.3949753,15.639864,5.6631236
54405340,인사/노무,-0.55689764,0.1728937,0.264505,13.26361,7.5855727
54404779,인사/노무,-0.28604275,0.6336041,0.51818997,13.829413,4.7112193
54404557,인사/노무,-0.5747405,-0.5574007,-0.14395148,12.360985,9.282762
54404094,인사/노무,-0.37857482,-0.11071383,0.056051157,12.669302,8.1577835
54403249,인사/노무,0.8472161,0.63239694,-0.39877003,9.055424,8.531469
54402928,인사/노무,-0.45120153,-0.91173065,-0.6028175,13.554755,10.0896635
54402886,인사/노무,-0.24468759,-0.42305863,0.04488596,11.174339,8.216696
54395654,인사/노무,0.18011917,-1.0342904,-0.6082355,10.681502,10.074988
54367006,인사/노무,-0.6891171,-0.036266673,0.19398329,14.224673,6.8958254
54397877,인사/노무,-0.6815208,-0.012429793,-0.53865296,13.384015,2.66005
54397735,인사/노무,-0.4459148,-0.6433153,-0.3483989,13.497849,10.083025
54397021,인사/노무,-0.7484365,-0.61507463,-0.21968612,13.744034,9.4884405
54322449,인사/노무,0.15699235,-0.23347548,-0.020323653,11.350616,8.919514
54384244,인사/노무,-0.7487373,-0.66881454,-0.22332315,13.803293,9.458
54058436,인사/노무,-0.38834953,-0.33813104,-0.15933438,13.683207,7.2163315
54395329,인사/노무,-0.25343463,0.30204087,0.37706804,14.533775,6.3291054
54395316,인사/노무,-0.32706505,0.47443056,0.058948237,12.848688,2.7262175
54395251,인사/노무,-0.02154951,0.16027617,0.38572505,12.1782675,7.3480797
54258281,인사/노무,-0.8415329,-0.5047292,0.10955871,14.076447,7.042658
54393735,인사/노무,-0.5897856,-0.4118274,-0.16468425,12.998793,9.352139
54348826,인사/노무,-0.7803119,-0.41486546,0.07402897,12.684664,8.956501
54392902,인사/노무,-0.6446465,0.5429917,0.5571464,13.903118,4.7253175
54392838,인사/노무,2.4459167,-0.09057103,0.049939644,5.9939423,9.345861
54235620,인사/노무,-0.6813084,-0.39416468,0.12567319,14.083381,7.1740828
54392484,인사/노무,1.2004842,0.0060854186,0.22274244,8.409909,8.798013
54258029,인사/노무,0.018538246,-0.44086376,-0.14587516,12.05524,8.960327
54391506,인사/노무,-0.7226115,0.05317321,0.52201766,15.235904,6.9546995
54391109,인사/노무,0.4000447,0.43964,-0.28845114,11.866662,5.8643613
54390758,인사/노무,1.8500873,-0.24364272,-0.096976206,7.7822275,9.4987
54390608,인사/노무,-0.092076235,-0.04363455,-0.064966,11.11158,8.080116
54390606,인사/노무,-0.53048354,0.15618151,-0.14493056,12.114561,5.2754726
54390472,인사/노무,-0.39382967,0.075184606,0.3461802,12.810528,7.8398066
54390436,인사/노무,0.6542924,0.13333233,-0.16864318,12.445861,2.5672383
54390389,인사/노무,-0.7056086,0.43432182,0.28738502,14.213302,6.0362806
54390167,인사/노무,-0.7081753,-0.2761034,0.41039622,15.305621,7.2125273
54346426,인사/노무,-0.35106787,0.06750295,-0.19626652,12.1070385,5.2720675
54389952,인사/노무,-0.85524684,-0.7585571,0.45036486,15.336438,8.723454
54389875,인사/노무,-0.26519868,-0.78337693,-0.460953,13.165796,10.16394
54389166,인사/노무,-0.8651213,-0.6234805,-0.17068559,13.020648,9.427463
54385650,인사/노무,-0.84802276,-1.1535329,-0.08123212,15.307334,8.820107
54385547,인사/노무,1.0661979,0.02541686,0.40677065,8.20363,8.789404
54385532,인사/노무,0.34515774,0.048320156,0.30178046,10.547282,8.469179
54385111,인사/노무,0.023526635,-0.35814154,-0.08870969,11.655445,9.014704
54384729,인사/노무,-0.16011529,-0.0034241145,0.34690616,11.085574,8.707183
54256125,인사/노무,-0.6457999,-0.14708713,-0.059706524,12.79875,8.275784
54384436,인사/노무,2.0709512,0.069459796,0.09294749,7.1050963,9.227652
54202822,인사/노무,-0.12814064,0.10655826,0.5293524,12.274718,7.3991675
54383553,인사/노무,1.0664524,-0.12795742,-0.035253465,8.884856,8.939105
54349209,인사/노무,-0.5796985,-0.024148948,0.16494147,13.93618,6.83361
54214157,인사/노무,-0.939844,-0.15748578,0.10649827,13.212975,8.406995
54291406,인사/노무,-0.109162286,0.16534027,0.096640006,12.247812,7.3503375
54382257,인사/노무,-0.7761668,-0.96763015,-0.43946224,13.777084,9.752772
54381549,인사/노무,0.59958106,0.14770262,0.07168698,10.503798,8.428459
54381322,인사/노무,-0.757378,-0.06511304,0.055084437,13.409721,8.393444
54381289,인사/노무,0.44806147,0.9688658,0.1264306,15.017264,4.076204
54380443,인사/노무,-0.6520641,0.2536253,0.21762607,13.288565,3.2128968
54380122,인사/노무,-0.61869097,-0.3222693,-0.24192129,13.236403,8.799588
54323461,인사/노무,-0.8524407,-0.021628303,-0.54049397,12.945846,9.112303
54106805,인사/노무,-0.5735389,0.050364394,0.43616188,14.478688,6.6693387
54379271,인사/노무,-0.75825584,0.48378065,0.4361296,15.221731,6.0037084
54378655,인사/노무,0.65879464,-0.38327014,-0.17360434,9.6373825,9.288491
54378520,인사/노무,1.004397,-0.7948729,1.5640913,11.071733,7.6283045
54378436,인사/노무,-0.58628505,-0.68164366,-0.41713518,13.6417465,9.816463
54378245,인사/노무,1.9391309,0.008744685,0.05204053,7.422118,9.137259
54378149,인사/노무,-0.7003987,0.4380655,0.103928044,12.953136,4.544175
54364735,인사/노무,0.4565386,0.15786836,-0.36811724,12.482322,2.5233722
54377890,인사/노무,1.6281701,0.06646776,-0.014730162,7.7129955,9.231057
54148930,인사/노무,1.9046928,0.23386668,0.09779074,7.424384,9.141886
54377205,인사/노무,-0.7742312,0.7329966,0.21026263,15.676538,5.3950152
54376903,인사/노무,-0.5536946,-0.41355753,-0.072487675,12.519712,8.917419
54376690,인사/노무,-0.123370156,0.048927225,-0.011277292,12.261987,5.6076956
54359153,인사/노무,2.3504362,0.11276699,0.12910357,6.7794385,9.172347
54375380,인사/노무,-0.5156752,-0.19896987,0.07465925,14.037751,6.9720225
54375139,인사/노무,-0.5538674,0.5025336,0.20285153,13.160738,3.1001656
54339110,인사/노무,2.2690933,0.07868793,0.07597802,6.6480265,9.1556015
54374695,인사/노무,-1.1378562,-0.42873406,0.27063197,14.974958,8.74669
54374172,인사/노무,-0.7324243,0.5231301,0.26683748,13.358886,3.771019
54373989,인사/노무,-0.8896968,0.629363,0.11833689,12.964783,4.5202637
54373986,인사/노무,0.57865083,-0.14336194,-0.12973432,10.346279,9.065737
54373831,인사/노무,-0.93700016,0.31373027,0.043374833,13.317773,3.0748634
54323244,인사/노무,-0.12327759,-0.34419158,-0.11841704,12.855449,6.579902
54373323,인사/노무,1.5178174,-0.2451604,-0.09670463,7.9253764,9.022182
54339276,인사/노무,-0.06342264,-0.40299588,0.36300486,11.602316,8.309589
54372019,인사/노무,-0.67414993,-0.1288128,0.11290557,12.97745,8.372232
54364442,인사/노무,0.45972607,0.0022601543,0.07265655,10.655143,8.364838
54370476,인사/노무,-0.6985619,-0.4484871,-0.27937597,13.71476,9.186128
54370453,인사/노무,-0.85151297,0.1654688,0.44455576,14.7696905,6.453023
54366450,인사/노무,-0.43313253,0.38449174,0.48654494,14.517283,6.157146
54366302,인사/노무,-0.3315479,-0.54032356,0.15252222,14.913926,8.596117
54366143,인사/노무,-0.5663118,0.01605585,0.36644647,15.073894,6.755009
54365730,인사/노무,-0.72200453,-0.4156402,-0.15315892,13.501234,8.574334
54364793,인사/노무,-0.7798724,-0.9594903,-0.16103764,14.553697,9.307943
54199254,인사/노무,-0.37143463,0.30764198,-0.049153883,12.413399,6.9117007
54364189,인사/노무,-0.6947828,-0.39457354,0.27770302,15.021044,8.090481
54363746,인사/노무,3.281443,-0.0055496073,-0.23727596,5.0956273,9.196701
54363427,인사/노무,2.1072521,0.10124526,0.17096344,6.7572985,9.211983
54362180,인사/노무,1.5325898,0.07720037,0.37074217,7.8436213,8.902612
54361709,인사/노무,0.11014458,0.6111757,-0.03735835,15.097586,4.0826683
54378102,인사/노무,-0.8131407,-0.08702973,-0.3437573,13.479371,9.018837
54252049,인사/노무,-1.0571139,0.7386028,-0.34732944,16.501307,4.827372
54242521,인사/노무,0.5726323,-0.33515403,-0.39073,10.711706,9.99557
54397043,인사/노무,3.5073862,0.31878006,0.20713642,5.0523467,9.181804
54417184,인사/노무,0.24618232,0.83759403,-0.040120225,14.949148,4.21208
54218966,인사/노무,-0.8292609,1.0613117,0.10456776,15.701831,5.1434145
54431075,인사/노무,3.0758839,0.28176746,0.18589132,5.1269326,9.265764
54449790,인사/노무,0.029590303,0.3030297,-0.2108812,12.743017,2.5224092
54229727,인사/노무,-0.05929781,0.2275997,0.053420857,12.053525,6.9152193
54305331,인사/노무,-0.26380625,0.34353098,0.14187615,12.076079,6.520034
54444406,인사/노무,0.3789334,-0.23417985,-0.14482322,10.211548,9.17912
54443347,인사/노무,1.7498579,0.12279337,0.065426625,7.2269797,9.102191
54427195,인사/노무,-0.7592058,-0.08847832,-0.16892183,12.387743,10.111709
54415386,인사/노무,-0.34608874,-0.56411076,-0.10731942,12.055483,9.252899
54430450,인사/노무,0.7833695,0.086994074,-0.013797861,9.614504,8.924254
54428920,인사/노무,-0.35736054,0.12693079,-0.37207848,12.093486,5.3124995
54333776,인사/노무,-0.71804255,0.030276222,-0.40815368,12.907388,4.554495
54410015,인사/노무,-0.6018047,0.5677317,0.16976117,13.584775,3.4700074
54405004,인사/노무,-0.5353027,-0.10109279,0.0043254383,13.139482,8.34913
54398023,인사/노무,1.6919173,-0.2334187,-0.3616996,7.3767176,10.250583
54395936,인사/노무,-0.6143079,-0.03181682,0.13323313,13.044991,8.121767
54395461,인사/노무,0.9565685,-0.20707355,-0.21439125,9.398831,9.27678
54394871,인사/노무,1.861522,0.015579926,0.057472788,7.346044,8.908228
54351287,인사/노무,-0.2803444,0.5576221,0.13549435,11.969134,6.0612607
54350761,인사/노무,2.6853144,-0.12774569,-0.028728813,5.630781,9.135702
54383005,인사/노무,1.4115684,-0.12132344,-0.2874785,8.374439,9.479453
54374425,인사/노무,0.9880846,-0.24275032,-0.051975507,8.91971,9.194246
54350259,인사/노무,0.37668443,-0.25866714,-1.1780841,10.685047,9.649034
54345643,인사/노무,2.6589062,-0.085795134,-0.2150009,5.6676087,9.397356
54331972,인사/노무,2.6418645,0.17946172,0.16550693,5.8445864,9.547327
54326749,인사/노무,-0.2818105,-0.101622745,-0.15953462,12.467819,8.140997
54323297,인사/노무,2.7495496,0.10575583,0.1272381,5.752196,9.515392
54291798,인사/노무,0.52704287,-0.16047497,-0.12245286,10.835968,9.915767
54295066,인사/노무,2.314621,0.01861045,0.25065103,5.8518815,9.530826
54252691,인사/노무,-0.642504,0.01230209,-0.08146553,12.891709,7.9621973
54238360,인사/노무,0.7597459,-0.16621783,-0.043453906,9.515483,9.174638
54238356,인사/노무,-0.15345149,-0.21662189,-0.0019848587,11.964445,8.613599
54188070,인사/노무,-0.70951146,0.106241934,-0.37079,12.273537,5.112453
54180048,인사/노무,2.023683,0.08576723,-0.3674758,7.315591,10.254942
53997957,인사/노무,-0.7580728,0.5486068,0.051450018,13.255839,6.029881
54451177,인사/노무,2.5255675,0.36490712,0.19582908,6.131853,9.11425
54230826,인사/노무,1.456539,0.4167381,-0.12791425,8.214278,8.703507
54433763,인사/노무,0.9961119,0.6386038,-0.28378052,9.590431,8.664021
54431343,인사/노무,-0.8289569,0.1422937,0.26368144,13.366745,6.159692
54429674,인사/노무,0.47644955,-0.16382861,0.1777328,10.56218,8.42436
54272834,인사/노무,-0.28065166,0.20599996,-0.018670525,12.86595,2.5298443
54403700,인사/노무,0.0023509767,0.8320768,-0.4895206,15.111769,4.121752
54415919,인사/노무,1.1296246,0.25151056,0.3029055,8.432163,8.7860985
54390150,인사/노무,-0.58343935,0.25133547,0.2362415,13.375551,6.192304
54403059,인사/노무,2.073729,0.4178696,-0.08195977,6.6439786,9.173226
54204041,인사/노무,-0.743764,0.15295114,-0.45409682,14.099666,7.513356
54393672,인사/노무,1.4523956,-0.40112606,-0.31080025,8.163161,9.557062
54364814,인사/노무,0.66899294,-0.30111134,-0.17593202,9.612465,9.241281
54384776,인사/노무,2.6440098,0.11068675,0.26387376,5.7642317,9.553857
54384592,인사/노무,-0.22556768,-0.53895044,-0.21506393,12.076315,9.211937
54345324,인사/노무,2.5463088,0.021701397,0.1954758,6.003674,9.40597
54339266,인사/노무,1.5046718,0.15192519,0.10798585,7.564164,8.563919
54323615,인사/노무,-0.10749065,-0.2867822,0.08775917,11.025547,8.266451
54321513,인사/노무,-0.26476368,-0.37690786,0.07918633,12.443134,8.930071
54321433,인사/노무,0.332376,-0.23451193,0.071801245,10.760239,8.382433
54311588,인사/노무,2.2834797,0.09293918,0.3017129,6.326467,9.417615
54310934,인사/노무,0.20777184,-0.04654188,0.07013509,10.930366,8.189359
54309481,인사/노무,0.62259823,-0.39527053,-0.01683719,10.4210825,8.725483
54245015,인사/노무,0.034057066,0.20898543,-0.2646033,12.741443,2.492841
54282188,인사/노무,2.0178773,-0.34407094,0.03550226,6.9851456,9.072116
54200642,인사/노무,2.7606926,0.014492433,0.16047986,5.7158756,9.528653
53946443,인사/노무,0.59147495,0.2609297,-0.025142178,9.6697645,8.800184
54421113,인사/노무,1.4321662,-0.0032542548,-0.21171305,7.5457196,10.099141
54359142,인사/노무,1.3409164,0.31409344,-1.112497,8.14729,8.165427
54359078,인사/노무,1.7506176,-0.4283444,-0.33041817,7.9635735,9.522664
54353274,인사/노무,-0.3369114,0.34863728,-0.18946543,12.879047,2.6523545
54347485,인사/노무,-0.35892293,0.98620784,-0.2991281,14.460262,3.7086434
54333985,인사/노무,2.1439254,0.07911655,-0.96085924,7.292478,10.363811
54291667,인사/노무,0.21812165,0.29726592,-0.18113667,12.592727,2.5473087
54178513,인사/노무,0.103364,0.36738494,0.011785555,12.564355,2.6589158
54282905,인사/노무,-0.16077392,0.13561882,0.14956397,11.887084,6.7950354
54278609,인사/노무,-0.4766434,-0.44335848,-0.19661674,13.182652,8.961336
54271627,인사/노무,2.4278693,0.07423942,0.089060396,6.480997,9.273321
54261072,인사/노무,2.029161,0.26978713,-0.6066059,7.227659,10.226808
54450939,인사/노무,-0.21454765,0.16590598,0.050666302,13.418544,6.6243677
54451067,인사/노무,-0.0967608,0.18605633,0.021528369,13.352982,6.711153
54451704,인사/노무,0.7979268,-0.3852296,-0.26913792,10.49601,9.973861
54451370,인사/노무,-0.21217267,0.111844964,-0.36155292,12.606381,6.5947933
54242524,인사/노무,0.21434775,-0.46088508,-0.27536207,10.771535,9.307907
54444640,인사/노무,2.1943755,0.154986,-0.4298373,7.2840195,10.3135195
54444212,인사/노무,-0.4604816,0.29037252,0.16805482,14.22085,6.328532
54440788,인사/노무,-0.60320795,-0.031951476,0.4714456,14.5949,6.4045177
54389841,인사/노무,3.209324,0.2979196,0.19249703,4.971129,9.22683
54410705,인사/노무,-0.7608626,-0.06777727,-0.3037474,15.996786,4.8269715
54430812,인사/노무,-1.3294507,0.59642166,-0.6610308,16.3741,4.7103047
54428498,인사/노무,-0.8041273,0.8868557,0.3469995,16.11638,4.724083
54427342,인사/노무,-0.7578676,-0.5884226,0.059694156,15.070979,8.526487
54419583,인사/노무,-0.46827742,-0.464549,-0.07139534,13.092848,6.4281187
54419547,인사/노무,1.0908221,-0.08264653,0.012811093,7.6368093,8.512841
54418097,인사/노무,-0.58438003,-0.171136,0.1760551,12.099079,8.026254
54417451,인사/노무,1.8331839,-0.15435512,-0.6931597,7.304766,10.367553
54403131,인사/노무,2.6950195,-0.03391405,-0.019033678,5.566511,9.13579
54393180,인사/노무,1.0231212,-0.40287602,-0.34695625,9.448599,9.31061
54377958,인사/노무,-0.62712985,-0.68979466,-0.5062609,12.741762,10.628591
54350774,인사/노무,1.8990003,0.20131738,0.115780205,6.9837375,9.198753
54364851,인사/노무,-0.21853966,-0.19638318,-0.21229039,13.352903,6.9212046
54364680,인사/노무,-0.7061205,-0.8265616,-0.5137543,13.65022,10.060606
54353293,인사/노무,0.4118672,0.9215702,0.10090405,15.133387,4.046105
54172651,인사/노무,-0.38089043,0.52803284,-0.28496024,12.922883,5.9121146
54172670,인사/노무,-0.1194454,0.4801334,-0.32847726,12.778634,5.9228797
54429382,인사/노무,0.16724056,-0.31529048,-0.37717307,12.143549,10.480699
54458220,인사/노무,-0.13288268,0.10473878,0.07016566,12.291004,7.6490126
54460232,인사/노무,2.4782674,0.08310012,0.0020758177,6.1290617,9.148388
54382268,인사/노무,-0.31733885,1.5542635,-0.23271014,15.249877,4.288191
54340175,인사/노무,-0.8486592,-0.12737134,0.03889621,12.952267,4.585695
54452636,인사/노무,1.2770785,0.045048084,0.29463628,7.538987,9.203513
54445246,인사/노무,-0.014530236,-0.74516666,-0.49812385,11.911544,10.145398
54427256,인사/노무,3.0769506,0.18301634,0.30607674,4.993997,9.339155
54438760,인사/노무,-0.8251948,-0.7126453,-0.4676643,14.111455,7.4125857
54432935,인사/노무,-0.4502092,-0.7344694,-0.41408995,13.411457,9.925166
54422933,인사/노무,0.09871016,0.79649603,-0.5101216,15.076475,4.1256433
54420277,인사/노무,-0.007413212,-0.5976342,-0.2549659,11.444877,10.054779
54415460,인사/노무,-0.4363797,-0.11946542,-0.17233363,13.994506,7.851871
54313588,인사/노무,0.89499635,-0.48304573,-0.2498854,10.40635,9.980184
54390875,인사/노무,-1.1577505,0.5301026,-0.3851575,14.508096,3.7948754
54384642,인사/노무,-0.44350824,-0.31102502,-0.3562565,14.095772,8.747942
54409907,인사/노무,-0.42996067,-0.4693602,-0.49353832,14.061001,8.795203
54390928,인사/노무,-0.72075593,0.564433,-0.30537674,15.431463,4.624635
54295407,인사/노무,-0.4541642,0.7769398,0.08745956,15.024041,4.638374
54325283,인사/노무,-0.188397,0.15078157,-0.053326987,12.331892,7.2456274
54396092,인사/노무,0.4466143,0.9885887,-0.011845249,14.915884,4.256429
54394575,인사/노무,-0.82548654,0.73246926,-0.37283513,16.976286,4.8190117
54350374,인사/노무,2.2238283,0.3844177,-0.21660726,6.5028024,9.148458
54267537,인사/노무,1.5574626,0.21356815,0.014582947,7.4563975,9.292525
54366197,인사/노무,-1.2793163,1.4482858,-0.76348454,16.622856,4.716007
54358743,인사/노무,2.121728,-0.084553495,-0.033953164,6.8682175,9.139273
54309253,인사/노무,-0.89084095,-0.467696,-0.30693147,14.108397,8.753862
54340499,인사/노무,1.3309628,1.0104123,-0.94170266,17.782564,4.2043257
54332661,인사/노무,0.48168355,-0.44043028,-0.14958459,9.993007,9.130698
54313537,인사/노무,-0.40949398,-0.90365624,-0.5491554,13.450617,10.171342
54270084,인사/노무,2.1623416,-0.021588275,0.061015602,6.896597,9.1440115
54288698,인사/노무,2.417748,0.20792845,0.05705854,6.454547,9.214384
54295334,인사/노무,0.5546951,-0.26120323,0.24695754,10.040854,8.972939
54202537,인사/노무,-0.8791928,0.7884959,-0.13186048,15.615331,4.565252
54289433,인사/노무,0.17997682,-0.58547586,-0.33136094,11.228777,10.047658
54273275,인사/노무,-0.7668029,-0.4266272,-0.045347117,13.1236,6.4881744
54217978,인사/노무,2.933522,0.28874597,0.22976325,5.154256,9.354668
54213826,인사/노무,0.37277177,-0.2401522,-0.009978047,10.29054,8.877037
54181046,인사/노무,-0.5695576,-0.4528145,-0.018281594,14.689171,8.450336
54181058,인사/노무,-0.53673106,-0.40403602,-0.08089718,14.400928,8.61966
54173913,인사/노무,-0.23401536,-0.25310558,-0.38121578,14.051978,8.797732
54146754,인사/노무,-0.24368504,-0.33609226,-0.41531414,14.145994,8.640102
54146745,인사/노무,-0.6702939,-0.30845726,-0.34037256,14.073657,8.645063
54176006,인사/노무,-0.6389269,-0.84490144,-0.53304964,13.589944,9.980401
54045644,인사/노무,-0.15733102,-0.18733989,-0.2806459,13.976044,7.857842
54026261,인사/노무,-0.19916742,-0.52687186,-0.3009989,12.79225,9.601708
54322857,인사/노무,3.3668017,0.08768097,0.25421324,4.9925194,9.140973
54177890,인사/노무,1.570757,-0.43326375,-0.32261285,8.12115,9.555454
54461007,인사/노무,3.0212572,0.20987515,-0.057611473,5.336346,9.173529
54460968,인사/노무,3.3628826,0.22164637,-0.030270975,5.1179624,9.233374
54416038,인사/노무,-0.93104583,0.5519278,-0.40823352,16.930017,4.826511
54415498,인사/노무,-0.83423805,0.24251144,-0.16445161,14.054387,7.6054955
54320300,인사/노무,-0.45651403,0.45569846,-0.34938756,16.053612,4.6966586
54460254,인사/노무,0.036746737,0.10605117,-0.80164033,12.000013,5.5218425
54459384,인사/노무,-0.29951954,-0.32618654,-0.38286546,14.058815,8.704387
54331230,인사/노무,-0.80812275,0.03675281,0.22521429,14.370042,6.3830466
54448776,인사/노무,2.220124,0.53364795,-0.42181236,6.3938413,9.039536
54457497,인사/노무,-0.2495381,-0.39749596,-0.07421365,11.227694,8.18729
54238744,인사/노무,-0.72815716,0.2005341,-0.19280602,12.763386,5.625634
54454172,인사/노무,-0.41956294,0.35086253,-1.2234858,17.693325,4.44372
54454100,인사/노무,-0.9761396,0.3775133,-0.94447523,17.424065,4.6619654
54366616,인사/노무,-0.06429455,-0.22805852,-0.105205484,11.408937,8.628373
54422443,인사/노무,-0.53301454,0.15495686,-0.40445626,13.172012,6.2351236
54450575,인사/노무,-0.99296683,0.9540106,-0.28040767,16.44675,4.7944465
54430831,인사/노무,-0.49278829,0.8718929,-0.56943554,17.41646,4.4414554
54448834,인사/노무,1.0269756,-0.4789611,-0.3058696,10.198199,9.953558
54448670,인사/노무,-1.0300128,-0.05066351,-1.2608578,17.645748,4.5466905
54000157,인사/노무,-0.7766554,-0.61969596,-0.31670895,12.996289,9.497095
54443831,인사/노무,3.2465,0.17633244,0.15112102,5.0143046,9.130375
54441823,인사/노무,0.006135063,-0.9144135,-0.62128365,11.912638,10.274003
54441581,인사/노무,0.55787045,-0.16162126,0.1938333,10.223185,8.860104
54420788,인사/노무,-0.8200605,-0.03550276,-0.024034422,14.237862,6.534328
54438028,인사/노무,0.14934778,-0.27711198,-0.039452165,11.3191805,9.311179
54419876,인사/노무,1.442612,-0.06386379,-0.09541829,8.035948,9.465519
54431202,인사/노무,0.22002389,-0.496277,-0.29278082,11.265551,9.903973
54228806,인사/노무,1.0007163,0.09807302,-0.5987306,9.316636,9.249904
54271534,인사/노무,-0.46008968,-0.26159412,-0.3010564,13.521149,6.7843156
54394358,인사/노무,1.3014843,0.01899894,0.054896187,8.357065,8.884826
54421754,인사/노무,0.45095938,-0.19926211,-0.6342361,7.499227,10.430853
54421006,인사/노무,-0.5284982,0.5712343,0.24532019,14.462359,5.5703464
54419127,인사/노무,2.7840772,0.1550224,0.06498739,5.4816947,9.204387
54417690,인사/노무,-0.4597268,-0.23947681,-0.16501175,12.858316,8.036572
54417489,인사/노무,-0.7599906,0.40931496,-0.4344566,15.606396,4.5628433
54415162,인사/노무,1.0734422,-0.2746847,-0.058525536,9.15553,9.161326
54410740,인사/노무,2.8464937,-0.08698988,0.020856619,5.576964,9.144572
54409642,인사/노무,1.883038,-0.05376503,-0.22872287,7.2995605,9.31365
54408090,인사/노무,-0.24257752,-0.11462141,-0.028257642,12.6133795,7.9816413
54407985,인사/노무,0.37609327,-0.16895032,-0.14358616,10.156374,9.167331
54405033,인사/노무,-0.45565516,-0.69683933,-0.39639506,13.397226,9.898462
54061084,인사/노무,-0.8492566,0.7751336,-0.46708938,14.937396,4.8776693
54397326,인사/노무,0.25918338,-0.72935617,-0.45233035,11.255099,10.068372
54379968,인사/노무,-0.8155121,-0.5829017,-0.26943684,14.098027,7.1120563
54396456,인사/노무,0.31451127,-0.6316859,-0.29186428,11.125968,9.97938
54392241,인사/노무,1.1234239,-0.03636887,-0.082466625,8.613508,8.91477
54390097,인사/노무,0.024636595,-0.61763465,-0.5437978,11.838186,10.237391
54384913,인사/노무,-0.05305643,-0.019043965,-0.2893306,13.864968,8.271708
54382292,인사/노무,0.35009584,-0.67640597,-0.39513117,10.673994,10.055121
54380719,인사/노무,-1.0960894,0.8359496,-0.6614553,15.780245,4.395231
54379925,인사/노무,1.7496414,-0.104440555,-0.018849103,7.5812554,9.07419
54288595,인사/노무,-1.1835841,0.92199665,-0.6701636,15.569649,4.6091413
54375040,인사/노무,0.0671568,-0.13362491,-0.60755885,11.742971,7.458981
54374533,인사/노무,1.9332175,-0.15854408,-0.15512978,7.2162743,9.146099
54374323,인사/노무,3.0240965,0.1503018,0.03605917,5.343228,9.344213
54373540,인사/노무,1.0147309,-0.23283485,-0.32575354,9.215713,9.377298
54365604,인사/노무,0.5396043,-0.15140945,0.2060027,10.517989,8.459131
54359233,인사/노무,0.40651312,-0.33287072,-0.2467902,10.918016,9.850286
54352500,인사/노무,0.39527225,-0.31864378,-0.14215058,10.704248,9.843664
54350771,인사/노무,1.8959419,0.06575888,0.18234682,7.038672,9.14074
54349066,인사/노무,-0.5337843,-0.5243999,0.45664898,12.017437,8.194417
54347567,인사/노무,-0.5219215,0.09169902,-0.38151097,12.227305,5.4086404
54346566,인사/노무,2.920355,0.24083965,0.20304844,5.083672,9.09861
54270351,인사/노무,-1.0012068,0.63021666,-0.02904912,15.191322,4.890946
54345110,인사/노무,-0.9456027,0.33197573,-0.16402856,14.872513,5.56987
54337850,인사/노무,-0.189821,-0.31367743,-0.05208518,12.012435,8.626459
54336877,인사/노무,-0.05112912,0.24804425,-0.04260185,12.591065,6.09101
54336335,인사/노무,-0.42706394,0.29772112,-0.4641899,11.978638,5.38922
54203550,인사/노무,-0.6645672,-0.63032764,-0.24445835,12.708794,10.641662
54333472,인사/노무,1.6390054,0.08561892,-0.19258256,7.539332,9.4253235
54171467,인사/노무,-0.014343974,0.27468154,-0.70090073,17.625853,4.2229195
54325124,인사/노무,0.51784146,-0.15551065,0.3986636,9.987785,8.926545
54321409,인사/노무,-0.38216984,0.16229878,-0.45326766,11.9599285,5.453685
54311366,인사/노무,-0.4794181,-0.42628154,-0.48855418,14.178051,8.670686
53921396,인사/노무,-0.0070504528,-0.61755216,-0.42405078,12.216616,10.23211
54306795,인사/노무,-0.9382102,-0.18248042,-0.018682538,14.5906925,8.138949
54138428,인사/노무,-0.80037785,-0.16615334,-0.3858952,13.737881,7.3699036
54304222,인사/노무,0.34820214,-0.3999318,-0.42185622,10.972345,9.90632
54302355,인사/노무,-0.32469517,0.12324673,-0.51264805,12.540753,6.009261
54296130,인사/노무,-0.66097677,0.27539942,0.23763914,14.475252,6.8054023
54084659,인사/노무,0.2690164,0.36148816,-0.4727454,15.104846,4.093989
54281795,인사/노무,-1.0553275,-0.3512956,-0.21002643,14.09296,7.51361
54254471,인사/노무,-0.81810975,0.53776973,-0.8606754,17.658503,4.3498144
54270649,인사/노무,-1.1122683,0.3074021,-1.0583555,17.614458,4.637012
54263754,인사/노무,-0.92040795,0.36379483,-1.2875444,17.749273,4.5996037
54269271,인사/노무,0.81983936,0.23020473,0.06623733,12.521047,6.2130795
54267536,인사/노무,0.7845888,-0.6452707,-0.43466777,10.500067,10.0701
54259945,인사/노무,-0.95779616,-0.2660144,-0.4325997,14.080332,7.210478
54265500,인사/노무,-0.45360613,-0.6191817,-0.51108795,12.669403,10.650543
54237867,인사/노무,-1.0865861,0.88409257,-0.17488028,16.478718,4.8057466
54247088,인사/노무,-0.5267607,0.4728158,0.025743943,15.156747,5.0329223
54244062,인사/노무,-0.69086623,-0.32596353,-0.28614527,14.036798,7.6554327
54240779,인사/노무,-0.5947075,0.95356095,-0.010469094,15.112975,5.061152
54238272,인사/노무,-0.85802853,0.44409665,-0.01617269,14.737638,6.0396233
54230454,인사/노무,-0.9756127,0.44516757,-0.3572293,16.972397,4.8504167
54194024,인사/노무,-0.6372065,-0.10150113,-0.22299275,13.992438,7.615052
54180836,인사/노무,-0.7454876,0.5297686,0.23455809,14.793948,6.4849377
54194496,인사/노무,1.7567886,-0.081336305,0.028447723,7.676466,9.454014
54180548,인사/노무,-0.08788853,0.2712,0.026383918,12.338629,7.7198687
54191002,인사/노무,-0.8122652,0.3521935,0.004467704,14.393401,6.4976406
54149211,인사/노무,-0.2167732,-0.297027,-0.06291374,12.287503,8.797585
54133290,인사/노무,-0.9379143,-0.0046873176,-0.56639653,12.563432,5.5010304
54129893,인사/노무,-0.08137548,-0.64146835,0.17507978,12.08516,9.307998
54118889,인사/노무,1.4305283,-0.029495131,0.03849818,7.485953,8.63896
54100841,인사/노무,-0.45267653,-0.2763053,-0.035545763,13.711292,7.0280504
54047030,인사/노무,-0.9877327,0.5327816,0.08738381,14.84026,6.12884
54080612,인사/노무,-0.66680694,-0.16082992,-0.4871519,12.27716,5.419029
54054927,인사/노무,-0.4841591,-0.47284254,-0.24888968,12.835847,9.022955
54048412,인사/노무,0.1769808,0.51054657,-0.8697373,17.59525,4.234151
54037140,인사/노무,-0.43823883,-0.56786686,0.4400646,14.968853,7.8957458
53912564,인사/노무,1.2247676,0.92139405,-0.98798364,17.782167,4.2538795
54346651,인사/노무,-0.60467887,0.030182391,-0.108009614,12.6440525,8.244501
54289620,인사/노무,-0.7003517,0.43621725,-0.29145172,14.762436,5.0689096
54039222,인사/노무,0.7470018,-0.7459032,-0.41846803,10.528017,10.091681
53966812,인사/노무,-1.0369478,1.1536689,-0.36344314,16.678028,4.8443065
54397290,인사/노무,-0.73725545,0.8062692,-0.07352368,14.889602,4.6781726
54463274,인사/노무,3.2089305,0.23443116,0.1957365,4.980881,9.138911
54461885,인사/노무,2.8230155,0.037199486,0.027703932,5.4249363,9.124427
54421543,인사/노무,-1.1597666,1.2325019,-1.0836664,16.855759,4.6038814
54433242,인사/노무,0.069148526,0.9844583,0.0921464,14.708403,4.526403
54403130,인사/노무,2.43384,0.17807247,0.0858824,6.4021544,9.193364
54212606,인사/노무,1.4622724,-0.2568528,-0.019265626,8.201822,9.333888
54450848,인사/노무,-1.0587811,0.8345386,-0.95898753,17.043901,4.6170197
54431265,인사/노무,2.6689074,-0.019941451,0.20731603,5.423151,9.381169
54427389,인사/노무,-0.2864637,-0.16022855,-0.87605125,12.165263,5.6838074
54409690,인사/노무,-1.190558,0.5301347,-1.0286185,17.60081,4.638611
54422367,인사/노무,-1.0307484,0.2378376,-0.3022965,15.356639,4.8862286
54411562,인사/노무,-0.21412979,-0.20755862,-0.40811807,14.064418,8.745956
54384119,인사/노무,-0.8232316,0.5740456,-0.12043097,14.908986,4.76424
54239376,인사/노무,0.3447188,-0.2768939,-0.089915834,12.663748,6.2789454
54392037,인사/노무,-0.3702202,0.7774522,0.20372593,15.077074,4.9893517
54171577,인사/노무,-0.60045815,-0.564682,-0.17817147,12.331385,9.235255
54389460,인사/노무,1.193723,-0.08288896,0.099965185,8.515488,8.914719
54347683,인사/노무,0.86742586,0.7252339,-0.117333084,9.032595,8.484394
54378282,인사/노무,2.171837,0.54815274,-0.24326143,6.4835134,8.92071
54249015,인사/노무,-1.073919,1.0262061,-0.40193805,16.651278,4.8159466
54308736,인사/노무,-0.7747347,-0.057961047,-0.029114962,14.162545,7.775918
54305781,인사/노무,-0.41842276,-0.31845367,0.22623505,12.459194,8.827546
54271504,인사/노무,-0.008314273,0.15353946,-0.40735683,12.631337,6.1270857
54266828,인사/노무,-0.7725591,0.54362226,0.06221338,15.323615,5.095621
54203299,인사/노무,-0.56355673,-0.90568453,-0.3792385,13.5484295,10.124482
54193957,인사/노무,-0.062823005,0.85481495,-0.2912086,15.16421,4.0705085
54181983,인사/노무,0.10583382,0.3850024,-1.2989123,17.768648,4.261639
54028040,인사/노무,-0.7381164,0.018548748,-0.12249711,14.084052,7.602525
54392754,인사/노무,-0.6844752,-0.05138699,-0.119726494,12.403359,10.081517
54378031,인사/노무,-0.97802025,0.48549592,-0.7563637,12.480405,5.5725985
54408376,인사/노무,-0.06747944,-0.4096799,-0.35513145,12.444779,10.15852
54463416,인사/노무,0.026569584,-0.03712184,-0.16706218,12.711521,6.6504474
54322381,인사/노무,-0.39381757,-0.10304683,-0.040549453,13.139605,6.493557
54462445,인사/노무,-0.61937255,-0.8288302,-0.41970947,12.386749,9.316919
54462102,인사/노무,-0.69202614,-0.096480496,-0.21842073,14.005874,7.6298656
54461806,인사/노무,0.12144091,-0.034107,-0.124047145,12.077398,8.138347
54459349,인사/노무,-0.0052998117,-0.2323121,-0.9433336,12.329548,10.22124
54422053,인사/노무,-0.24534854,-0.12661457,-0.18795957,12.403789,10.151359
54458724,인사/노무,0.18795037,-0.2886824,-0.23895428,10.852699,9.447206
54458524,인사/노무,1.0167838,-0.20794815,-0.50771034,7.451894,10.407645
54458218,인사/노무,-0.22209881,-0.23212898,-0.19902587,12.403919,10.150578
54458045,인사/노무,2.0001223,-0.093636885,-0.3235587,7.3183465,10.317566
54457599,인사/노무,3.19086,0.17554322,0.119922295,4.9709053,9.271728
54457499,인사/노무,-0.6711616,-0.69954956,-0.6241351,13.48474,9.878592
54457484,인사/노무,3.1184607,0.17607366,0.12631077,5.1531367,9.284791
54457438,인사/노무,2.928763,0.13134451,0.00948135,5.365362,9.236894
54457044,인사/노무,-0.11321923,-0.46160582,-0.24112153,11.796071,9.044035
54456534,인사/노무,-0.73649627,0.6765775,-0.05826964,13.371886,3.166289
54323872,인사/노무,2.3591084,0.010248856,0.31863016,6.593825,9.249845
54451139,인사/노무,0.87743384,-0.1444128,0.08632081,9.0874195,8.929878
54450777,인사/노무,-1.0499175,0.70058197,-0.29894537,15.49709,4.7227974
54450681,인사/노무,2.495161,-0.0016778709,0.11572748,6.027986,9.293059
54448201,인사/노무,0.7511582,0.026012167,-0.20327128,9.456759,9.514701
54447061,인사/노무,-0.72323656,-0.12753156,-0.0051306495,14.051226,7.3768964
54415267,인사/노무,-0.7737543,-0.14660028,0.112334184,12.861006,8.411516
54434260,인사/노무,2.4256115,0.8043211,-0.7339322,6.486249,8.918417
54442952,인사/노무,-0.4361957,-0.42185655,-0.851942,13.233954,2.5469482
54303702,인사/노무,-0.5839913,-0.24736962,-0.26864055,14.102685,7.1192384
54375536,인사/노무,2.2907443,-0.23235117,-0.09723364,5.997056,9.176129
54403744,인사/노무,-0.23748145,-0.11575957,-0.49758363,12.58185,10.504513
54403748,인사/노무,0.968331,-0.18584086,-0.64792544,7.522922,10.472662
54403740,인사/노무,-0.77584004,-0.51442134,-0.58768195,12.609331,10.658397
54403746,인사/노무,-0.21373838,-0.30505505,-0.53212345,12.414141,10.56332
54429266,인사/노무,-0.7723488,-0.6787044,-0.3648953,13.863746,9.365208
54440311,인사/노무,2.6733885,0.10653147,-0.018607918,5.599949,9.311199
54438854,인사/노무,-1.296417,1.1222271,-0.42348456,16.154661,4.673777
54438851,인사/노무,-0.34330598,0.96002156,-0.7536513,17.636587,4.282049
54432471,인사/노무,0.30253845,-0.13814335,0.040838365,10.63358,8.459711
53931809,인사/노무,-0.96853346,-0.15664376,-1.2247125,17.619087,4.603554
54431358,인사/노무,-0.9714971,-0.6775566,-0.55228645,13.474011,9.590838
54431173,인사/노무,2.7711754,0.03128661,0.18853724,5.4009295,9.365819
54430408,인사/노무,-0.66330457,-0.28093982,-0.08766599,12.532352,8.786055
54429661,인사/노무,2.8726583,0.13368466,0.06781266,5.414866,9.141187
54417583,인사/노무,-0.4546036,0.22455661,-0.97786224,17.807243,4.420213
54394009,인사/노무,3.07895,0.090477236,0.16641128,5.1646605,9.342392
54403385,인사/노무,-0.8562793,0.8113234,-1.2667266,17.731102,4.424411
54351395,데이터분석가/AI엔지니어,-0.36858132,-0.7076671,0.16531505,4.672426,2.3217425
54416974,데이터분석가/AI엔지니어,-0.38611624,-0.33979836,1.0286945,3.749388,1.6866186
54418830,데이터분석가/AI엔지니어,0.50339365,0.37228358,0.22526923,-0.26356772,-0.22018331
54407082,데이터분석가/AI엔지니어,2.2123091,0.17483781,0.16273855,-4.230223,0.05535982
54444540,데이터분석가/AI엔지니어,0.5649713,0.33586034,0.27660543,-1.4142011,0.2532438
54394875,데이터분석가/AI엔지니어,-0.28388312,0.30544132,1.108439,6.445273,-0.45811385
54291199,데이터분석가/AI엔지니어,-1.0204065,-0.2652396,0.35467055,5.4217677,0.1646939
54450123,데이터분석가/AI엔지니어,-0.05304687,0.16661076,0.5316834,2.0083303,0.31544426
54350140,데이터분석가/AI엔지니어,-0.116588354,-0.6401725,-0.9232352,6.8060894,2.477677
54105419,데이터분석가/AI엔지니어,-0.60460156,0.073755264,-0.05221309,4.1970525,-0.8554702
54358924,데이터분석가/AI엔지니어,-0.42378736,-0.31303683,0.5976312,5.9166837,0.4466253
54432042,데이터분석가/AI엔지니어,-0.56787187,0.75773966,0.17831315,6.2414756,-1.3338805
54407329,데이터분석가/AI엔지니어,0.82652485,0.25930506,-0.06531993,-0.8573428,-1.0855399
54419904,데이터분석가/AI엔지니어,0.14506774,-1.5338479,-0.4186204,6.5158978,4.747414
54381256,데이터분석가/AI엔지니어,0.9494777,0.2914779,0.08038014,-1.5306259,-0.41713715
54376573,데이터분석가/AI엔지니어,0.7935843,0.20560528,0.14179967,-1.3078468,-1.3913288
54366532,데이터분석가/AI엔지니어,0.05168944,-1.1211251,-0.030950673,3.9666905,2.738276
54352028,데이터분석가/AI엔지니어,-0.17055357,-0.69420934,-1.1195557,6.8454866,2.470508
54336110,데이터분석가/AI엔지니어,0.48269042,-0.22518991,0.049012437,-1.4815563,-0.0053899144
54290149,데이터분석가/AI엔지니어,-0.053541947,-0.34346342,-0.72102714,6.7522664,2.5066924
54259665,데이터분석가/AI엔지니어,0.45417613,0.2897709,0.16309248,-0.34772763,-0.08857272
54322347,데이터분석가/AI엔지니어,1.3733157,0.0556589,0.1131383,-3.6068318,-0.20278743
54321402,데이터분석가/AI엔지니어,-0.32010177,-1.7153889,0.124821596,3.900999,2.4046097
54047984,데이터분석가/AI엔지니어,1.1764576,0.18598667,0.07746283,-2.302084,-0.0901965
54310245,데이터분석가/AI엔지니어,-0.41704148,-1.2816017,-0.09888889,6.391938,3.6138382
54288896,데이터분석가/AI엔지니어,-0.50305915,-0.3890611,-0.48380557,6.3288374,2.5001662
54205590,데이터분석가/AI엔지니어,-0.86225796,-0.03002387,-0.23561986,5.1534076,0.40144143
54220856,데이터분석가/AI엔지니어,-0.46591493,-0.15559126,-0.4624745,6.2018385,2.3928547
54220809,데이터분석가/AI엔지니어,-0.019177964,-0.21031828,-0.9374645,6.7501616,2.4707556
54217984,데이터분석가/AI엔지니어,0.8091978,0.3055523,0.123978175,-1.8830749,-0.47110832
54204925,데이터분석가/AI엔지니어,0.5472931,-0.21170165,0.10619559,-0.9895004,0.18642904
54179463,데이터분석가/AI엔지니어,-0.41026455,0.46670195,1.1177077,6.7818813,-0.76274
54190280,데이터분석가/AI엔지니어,-0.04396521,-0.83280224,-0.07906031,6.283713,3.971212
54116530,데이터분석가/AI엔지니어,1.0822923,0.40439385,0.20606208,-2.4725692,-0.69649494
54432593,데이터분석가/AI엔지니어,1.989778,-0.04676607,0.1689273,-3.8595297,-0.08709653
54397724,데이터분석가/AI엔지니어,-0.62537605,0.17818703,-0.15371062,2.8266797,-0.5850801
54333502,데이터분석가/AI엔지니어,0.5217796,0.30269518,0.19278942,-0.45559993,-0.5171495
54452623,데이터분석가/AI엔지니어,0.6142103,0.355982,-0.69032735,1.2292626,1.5383806
54451638,데이터분석가/AI엔지니어,-0.4509275,0.36284834,-0.12403121,3.051959,-1.2186663
54451340,데이터분석가/AI엔지니어,-0.21881394,0.72326195,-0.6151395,2.0037694,-2.2058058
54451125,데이터분석가/AI엔지니어,-1.110793,0.7315895,0.068418205,5.2097282,-1.0114635
54451081,데이터분석가/AI엔지니어,0.6330763,-1.3228494,-0.3534083,6.5669413,4.8234544
54448797,데이터분석가/AI엔지니어,-0.46432653,0.0058636977,0.21857654,2.728392,0.277341
54448493,데이터분석가/AI엔지니어,-0.15002052,0.117338724,0.66939515,2.2592354,1.3516616
54238691,데이터분석가/AI엔지니어,1.4585176,-0.783188,-0.10716462,-3.887581,-0.040345553
54447933,데이터분석가/AI엔지니어,-0.06836918,0.1783187,0.33138314,1.3152978,0.05126846
54267659,데이터분석가/AI엔지니어,-0.53005564,0.7092348,-1.0943362,2.971728,-1.9585534
54447651,데이터분석가/AI엔지니어,-0.6536603,0.490275,-0.64122367,3.528443,-1.5139079
54213977,데이터분석가/AI엔지니어,-0.22922713,-1.5811331,0.19586825,3.850694,2.766139
54445564,데이터분석가/AI엔지니어,0.96053946,-0.007906575,0.5655713,-2.5560977,-0.92637044
54445154,데이터분석가/AI엔지니어,-0.3093726,-1.4682431,-0.41876164,6.6382027,3.7308173
54392161,데이터분석가/AI엔지니어,-0.5298333,-0.63569045,-0.17997089,5.0599437,2.274935
54347284,데이터분석가/AI엔지니어,-0.17129275,-1.1421757,-0.14745174,6.953883,4.109093
54332383,데이터분석가/AI엔지니어,0.11868471,0.3645328,0.4378279,0.81541353,0.43844613
54397824,데이터분석가/AI엔지니어,2.4687943,-0.23263083,0.36874664,-4.3535256,0.14210087
54442945,데이터분석가/AI엔지니어,0.008143175,0.3343921,0.8208815,7.0602503,-0.818333
54442937,데이터분석가/AI엔지니어,0.5008586,0.22576925,0.34741893,-1.7076991,0.2489781
54442637,데이터분석가/AI엔지니어,-0.7467083,0.41159147,1.2288841,6.772172,-0.74884224
54071718,데이터분석가/AI엔지니어,-0.2144263,-0.12297895,0.5117847,2.3727708,0.4203437
54441979,데이터분석가/AI엔지니어,-0.26724875,0.5431945,-0.47114447,1.9850522,-1.6509763
54441603,데이터분석가/AI엔지니어,0.26360863,0.082035884,0.14360392,-1.9258497,-1.7973865
54350892,데이터분석가/AI엔지니어,0.83070576,0.46981186,-0.09007186,-1.4770889,-0.9993407
54422146,데이터분석가/AI엔지니어,-0.2184977,0.84028625,-1.744096,1.1563387,-2.7133899
54393141,데이터분석가/AI엔지니어,-0.82207894,0.85709697,-0.3458442,5.627276,-1.5396668
54416201,데이터분석가/AI엔지니어,0.9327167,0.20908576,0.17993025,-2.2452908,-0.6874614
54191322,데이터분석가/AI엔지니어,-0.97747177,0.7761513,-0.34502974,5.436557,-1.2867383
54438787,데이터분석가/AI엔지니어,-0.60191476,0.32300988,0.91216505,6.7398295,-1.0463167
54433972,데이터분석가/AI엔지니어,-0.9955881,0.49037415,0.45746967,5.962339,-0.88746625
54433942,데이터분석가/AI엔지니어,0.23192182,0.1260745,0.2381006,-0.18091823,0.13712674
54433570,데이터분석가/AI엔지니어,-0.7376047,-0.32243794,-0.053073645,5.0647206,1.9416853
54433557,데이터분석가/AI엔지니어,-0.51132745,-0.60062915,0.8899056,4.9788733,0.8047275
54392290,데이터분석가/AI엔지니어,-0.46286312,0.14755704,0.28023762,2.050573,0.79139525
54325724,데이터분석가/AI엔지니어,0.5891751,0.2973159,0.23302437,-1.85534,-1.2897978
54431243,데이터분석가/AI엔지니어,0.058460176,-1.151053,-0.227445,6.302097,4.267715
54430925,데이터분석가/AI엔지니어,-0.59758973,-0.7215375,-0.6252355,5.9708104,2.757016
54381643,데이터분석가/AI엔지니어,-0.87765765,-0.67208624,-0.36097935,6.1127615,2.4367478
54428548,데이터분석가/AI엔지니어,0.06722903,-0.012527915,0.46096435,2.2896307,1.4958655
54428307,데이터분석가/AI엔지니어,-0.6313832,-0.64327765,0.37427825,4.2622714,1.7699726
54405006,데이터분석가/AI엔지니어,0.34863642,-0.9231934,-0.5248984,6.5729456,4.86307
54427867,데이터분석가/AI엔지니어,0.07894543,0.18478413,0.3961803,1.6188177,-0.06293565
54126060,데이터분석가/AI엔지니어,-0.18790929,0.24243803,0.28018606,0.4995291,-0.121287964
54427074,데이터분석가/AI엔지니어,-0.91568244,0.49948028,1.405828,6.655112,-0.70639634
54427069,데이터분석가/AI엔지니어,-1.1616975,0.607298,0.11973315,5.38796,-1.2064567
54427054,데이터분석가/AI엔지니어,-0.7467083,0.41159147,1.2288841,6.738004,-0.7455845
54420328,데이터분석가/AI엔지니어,0.952686,0.4137081,0.09076303,-1.6715492,-0.45893946
54405067,데이터분석가/AI엔지니어,-0.2191507,-0.06636449,0.44624683,2.4604132,1.4631699
54420034,데이터분석가/AI엔지니어,0.37103906,0.56879985,-0.14823914,-0.98611295,0.3915597
54363243,데이터분석가/AI엔지니어,0.14426368,-1.5566298,-0.4664071,6.985911,4.5222206
54418452,데이터분석가/AI엔지니어,-0.7429195,-1.0073944,-0.04623908,4.0518126,2.1977065
54418408,데이터분석가/AI엔지니어,0.5605073,-1.5228548,-0.26231617,6.4595103,4.59709
54418330,데이터분석가/AI엔지니어,1.1714339,-1.9452813,-0.46992826,6.425812,4.73207
54416893,데이터분석가/AI엔지니어,-0.6747502,0.38129,-0.8992836,3.0747006,-1.5587355
54415833,데이터분석가/AI엔지니어,-0.66851944,-1.1761408,-0.057219535,5.959941,3.3232079
54414763,데이터분석가/AI엔지니어,0.50097775,-0.027845899,-0.06486844,-1.004889,-1.5429395
54390964,데이터분석가/AI엔지니어,0.06978722,0.3881291,0.11752029,-0.95431525,0.35888118
54414008,데이터분석가/AI엔지니어,0.06293871,-0.014660517,0.23424013,2.5179918,0.5143415
54199891,데이터분석가/AI엔지니어,-0.5648517,-0.6830457,-0.71354085,5.9846253,2.6256113
54310249,데이터분석가/AI엔지니어,-1.1322834,0.36318272,-0.1907624,4.56083,-0.7924718
54408526,데이터분석가/AI엔지니어,-0.028636929,0.063589014,0.20139094,2.3470666,0.5578102
54408173,데이터분석가/AI엔지니어,0.6281315,0.34937933,0.21668576,-1.7428234,-0.85111916
54407783,데이터분석가/AI엔지니어,1.1641539,0.34818536,0.121901326,-2.334618,-0.5932746
54407772,데이터분석가/AI엔지니어,-0.60271674,1.0398619,1.1852417,6.5216928,-1.4091983
54407753,데이터분석가/AI엔지니어,0.66484755,0.40375593,0.15832484,-2.0595083,-1.690702
54268335,데이터분석가/AI엔지니어,0.9353918,0.39330623,0.06979742,-1.3763462,-1.1742926
54406054,데이터분석가/AI엔지니어,0.26212522,0.3161457,0.4575941,0.5706214,0.49386454
54406047,데이터분석가/AI엔지니어,-0.07817243,0.59639704,-0.24993843,1.3834835,-1.6280857
54404249,데이터분석가/AI엔지니어,-0.6600403,-1.1419696,0.3054141,3.895772,2.1976733
54394964,데이터분석가/AI엔지니어,0.0087544415,0.27918574,0.58602035,0.95891386,0.52864355
53642664,데이터분석가/AI엔지니어,0.07655766,-1.1661295,-0.57499343,7.1455317,4.246498
54399741,데이터분석가/AI엔지니어,0.63814884,-0.48875868,-0.34105122,-1.3003091,-0.06487697
54397830,데이터분석가/AI엔지니어,-0.3519286,0.4583309,0.97013414,6.9730077,-0.7497235
54396800,데이터분석가/AI엔지니어,-0.42921335,-0.62885815,0.5305829,3.740813,1.8818272
54396736,데이터분석가/AI엔지니어,-0.6071671,0.46586013,0.9185296,6.6581326,-1.2439955
54395901,데이터분석가/AI엔지니어,-0.1004842,-0.5759946,-1.0932045,6.8104863,2.4606073
54395348,데이터분석가/AI엔지니어,-0.9620307,0.15172693,0.36519474,4.9420004,-0.2887535
54394980,데이터분석가/AI엔지니어,-1.0328603,0.10675351,-0.17624113,3.4676092,-0.6474056
54394344,데이터분석가/AI엔지니어,0.52645737,-0.9226731,-0.11812419,7.1362543,4.8024783
54393688,데이터분석가/AI엔지니어,0.235309,-1.2943388,-0.27246985,6.7732105,4.687523
54393015,데이터분석가/AI엔지니어,0.49557737,0.30722773,-0.0017143269,-1.5310701,-1.121302
54390607,데이터분석가/AI엔지니어,-0.34606537,-0.40028235,0.5995174,6.180191,0.30537704
54389991,데이터분석가/AI엔지니어,1.044389,0.33341327,0.17236753,-2.5786119,-0.6713556
54383801,데이터분석가/AI엔지니어,0.5074185,0.3334473,0.37589547,-0.7006588,0.5455338
54388289,데이터분석가/AI엔지니어,-1.0059757,0.23701589,0.29050255,6.1811,-1.5721687
54385867,데이터분석가/AI엔지니어,-0.93948907,-0.05983869,0.37690446,5.623203,0.210202
54383072,데이터분석가/AI엔지니어,-0.61960924,0.8802123,-1.393241,1.5016174,-2.7912457
54381571,데이터분석가/AI엔지니어,-0.3301347,-0.34954387,0.7778446,6.202491,0.2853753
54281505,데이터분석가/AI엔지니어,0.37401578,0.35458598,-0.25894153,-0.3111122,-0.553234
54380576,데이터분석가/AI엔지니어,1.5021622,-0.11320716,-0.18567657,-3.8920214,-0.05601294
54379981,데이터분석가/AI엔지니어,2.3362362,-0.13908538,0.17293407,-4.252865,0.07222482
54023019,데이터분석가/AI엔지니어,0.570828,0.30339447,0.34873804,-0.5947815,0.57519203
54377947,데이터분석가/AI엔지니어,-0.5584292,-1.2881541,0.2844711,3.8742402,2.2743912
54365717,데이터분석가/AI엔지니어,-0.33668914,-1.011628,0.19041143,3.823835,2.3413045
54171582,데이터분석가/AI엔지니어,1.2955115,0.175428,0.23182365,-2.794062,-0.27174804
54374607,데이터분석가/AI엔지니어,-0.55585223,-0.23208745,0.19742416,5.7586837,-0.16004421
54223804,데이터분석가/AI엔지니어,-0.4451295,0.25516525,0.84078526,6.5059853,-1.0422755
54338322,데이터분석가/AI엔지니어,0.18162997,0.19801617,0.29949042,-1.2012331,-0.058867525
54362789,데이터분석가/AI엔지니어,-1.4983943,0.099164635,-0.6006246,5.358339,-1.3586472
54359298,데이터분석가/AI엔지니어,0.8028148,0.33476147,0.07094864,-1.3743339,-1.3986098
54351998,데이터분석가/AI엔지니어,0.8964814,0.37884015,0.07379576,-1.3597585,-1.4409677
54351898,데이터분석가/AI엔지니어,1.1202779,0.4784332,0.10898608,-1.5976603,-1.3677735
54364955,데이터분석가/AI엔지니어,0.6085812,0.29270977,0.36517262,-1.8709232,-0.56669
54364319,데이터분석가/AI엔지니어,0.3825282,-0.16720195,0.07029051,-1.2355173,0.03155318
54362488,데이터분석가/AI엔지니어,-0.016927583,-0.00802732,0.76429456,2.0190895,1.2205424
54362367,데이터분석가/AI엔지니어,-0.37133726,-0.11694843,0.32539305,2.5462549,-0.03777998
54244394,데이터분석가/AI엔지니어,-0.80183655,0.57722634,-0.8267879,3.1698213,-1.7415271
54358970,데이터분석가/AI엔지니어,0.4441225,0.16988026,0.26137722,-0.7191142,-0.23047389
54358613,데이터분석가/AI엔지니어,-0.3522336,0.26840913,0.74827456,2.6995237,1.4523718
53940457,데이터분석가/AI엔지니어,-0.45549604,0.32062608,-0.1718666,2.4623604,-0.50777704
54351071,데이터분석가/AI엔지니어,-0.67654747,-1.1618305,0.32109487,4.0522647,2.0541487
54350793,데이터분석가/AI엔지니어,-0.38974726,-0.32578468,-0.5994504,6.1801653,2.7041972
54349991,데이터분석가/AI엔지니어,0.066440955,-1.1859269,-0.34160653,7.111477,4.269849
54339712,데이터분석가/AI엔지니어,0.7042526,0.23870227,0.014646621,-1.0831894,-1.2152411
54271060,데이터분석가/AI엔지니어,-0.27613205,0.56167305,-0.20406538,2.3415864,-1.7705197
54334951,데이터분석가/AI엔지니어,-0.38050598,0.53853506,-0.4684732,2.163488,-1.1765174
54272298,데이터분석가/AI엔지니어,0.77453893,0.12505172,0.077379555,-1.9806538,-1.0700222
54340877,데이터분석가/AI엔지니어,0.008976827,0.5129363,-1.2238187,1.103397,-2.6126125
54340319,데이터분석가/AI엔지니어,-1.1691229,0.7183596,0.085453175,6.0841885,-1.7021432
54272743,데이터분석가/AI엔지니어,-0.94445205,0.48745084,1.3509871,6.563338,-0.6994256
54214720,데이터분석가/AI엔지니어,-0.14074197,-0.6492218,-0.124227606,6.144321,3.2940483
54313096,데이터분석가/AI엔지니어,-0.21287656,-1.2851756,-0.22435524,6.879493,4.0195727
54338498,데이터분석가/AI엔지니어,1.4298829,0.23128547,0.2781159,-2.9156237,-0.73979396
54335872,데이터분석가/AI엔지니어,-0.040705767,0.5283362,-0.69145083,1.4924263,1.1728374
54309924,데이터분석가/AI엔지니어,-0.95915467,-0.40184635,0.73304987,5.059154,0.95994574
54335286,데이터분석가/AI엔지니어,-0.012669561,-1.4406492,-0.32161823,6.6169667,4.6268907
53947304,데이터분석가/AI엔지니어,1.2270834,0.46417937,-0.41227812,-3.1422868,-0.5324691
54332431,데이터분석가/AI엔지니어,0.6589134,0.6747912,-1.0912553,0.8127819,-2.4085932
54332224,데이터분석가/AI엔지니어,-0.25142542,-0.34108353,0.717523,2.6500697,1.6758304
54251795,데이터분석가/AI엔지니어,-0.6556932,0.23485076,-0.46841222,3.207871,-1.4342244
54326213,데이터분석가/AI엔지니어,-0.86959225,0.76910985,-0.19273457,5.400681,-1.1123425
54259327,데이터분석가/AI엔지니어,0.158606,0.7219063,-1.1391062,1.0785613,-2.3740442
54321358,데이터분석가/AI엔지니어,0.4130319,-1.0846441,-0.27112973,7.0352936,4.983877
54320926,데이터분석가/AI엔지니어,-0.92262197,0.3877642,0.24012464,5.0189757,-0.29156137
54320773,데이터분석가/AI엔지니어,-0.3863189,-1.0184543,-0.2283798,6.2911224,3.3833594
54320645,데이터분석가/AI엔지니어,-0.5140696,-0.69315237,0.181167,4.6654005,2.187056
54319794,데이터분석가/AI엔지니어,1.4034294,0.12104721,0.24052365,-2.6430244,-0.39698702
54319630,데이터분석가/AI엔지니어,-0.37396604,0.23123574,-0.58060604,3.0691428,-1.6336834
54313135,데이터분석가/AI엔지니어,0.40038142,0.25757468,0.1642628,-0.6330719,-0.5032255
54236342,데이터분석가/AI엔지니어,-0.59710914,0.5894533,1.4223514,7.0538864,-0.9871637
54311906,데이터분석가/AI엔지니어,-0.45149878,-0.42222714,-0.5973411,5.2540255,2.5153494
54311736,데이터분석가/AI엔지니어,-0.52350974,0.51619923,-0.39573112,2.9513004,-1.8496279
54310793,데이터분석가/AI엔지니어,-0.8315275,0.93328375,0.4797692,6.155488,-1.6955115
54308904,데이터분석가/AI엔지니어,0.5717113,-1.322143,-0.5281554,6.9846096,4.9580297
54180779,데이터분석가/AI엔지니어,-0.17718294,0.21020071,0.3116056,1.4327307,1.2087497
54305851,데이터분석가/AI엔지니어,0.23567404,0.16180465,0.15572976,1.4659464,-0.302716
54060629,데이터분석가/AI엔지니어,0.6421372,0.2717871,0.09021812,-1.1828264,-0.5504893
54016963,데이터분석가/AI엔지니어,-0.536367,-0.81254375,-0.7279282,5.8969946,2.8508918
54269024,데이터분석가/AI엔지니어,-0.36585313,0.67252815,-1.061484,2.9849043,-1.9768745
54261307,데이터분석가/AI엔지니어,0.0009781924,-1.2037406,-0.779749,6.855055,4.5115013
54224800,데이터분석가/AI엔지니어,-0.6933446,0.6255126,0.63294965,6.2827344,-0.6538094
54301258,데이터분석가/AI엔지니어,0.46998042,0.028084388,0.16185845,-1.1646755,-1.8448373
54296922,데이터분석가/AI엔지니어,0.7718222,0.5656693,-0.023812372,-1.451182,-0.7484283
54290492,데이터분석가/AI엔지니어,0.09132019,-1.1620002,-0.2127449,6.875235,4.3335958
54287805,데이터분석가/AI엔지니어,0.75303817,0.31460768,0.13904765,-2.041578,-0.39424714
54283226,데이터분석가/AI엔지니어,-0.45627114,0.010966448,0.24231938,2.1913595,0.5375925
54282292,데이터분석가/AI엔지니어,0.62383336,0.23861325,0.12659506,-1.0747823,-0.46128315
53919795,데이터분석가/AI엔지니어,0.4106423,0.24051206,-0.16995479,1.1980996,1.5791072
54277928,데이터분석가/AI엔지니어,-0.2846516,0.10353905,0.4681756,2.0446782,0.48835728
54226481,데이터분석가/AI엔지니어,-0.5713717,-0.2773996,-0.05034252,5.8525558,2.3978643
54268106,데이터분석가/AI엔지니어,-0.083728366,-0.121030055,0.23702936,2.2425816,0.19079645
54266607,데이터분석가/AI엔지니어,0.058147557,0.78399867,-1.3318291,1.1090695,-2.4599068
54190709,데이터분석가/AI엔지니어,0.4065147,0.15156625,-0.06335358,-0.5338495,-0.27300316
54263237,데이터분석가/AI엔지니어,0.78314996,-0.5270241,-0.18047601,6.326134,4.8789344
54235788,데이터분석가/AI엔지니어,-1.0491349,0.46015027,-0.83500624,3.5804806,-1.5061057
54255521,데이터분석가/AI엔지니어,-0.7289189,-0.07728322,-0.8323393,5.9796143,2.3105774
54254807,데이터분석가/AI엔지니어,0.47005177,0.4572965,-0.494285,-0.13879398,-1.8613619
54254709,데이터분석가/AI엔지니어,-0.83072114,-0.48085204,0.06586167,5.8224897,0.17546046
54253213,데이터분석가/AI엔지니어,0.63948894,0.3575206,0.3550884,-0.58940566,0.4996184
54247657,데이터분석가/AI엔지니어,-0.12755199,0.3810319,-0.17384212,1.714078,-1.29962
54247600,데이터분석가/AI엔지니어,0.032339513,-0.9913486,-0.01251916,4.65955,2.5457041
54246053,데이터분석가/AI엔지니어,0.36392307,-0.0295596,-0.09457606,-0.94794774,-1.5951643
54244237,데이터분석가/AI엔지니어,0.4647757,0.33199164,-0.4130994,-0.40617988,-1.8499503
54235374,데이터분석가/AI엔지니어,-0.961266,0.8229281,-0.32460234,5.565197,-1.5234618
54229973,데이터분석가/AI엔지니어,0.60294974,0.3552946,0.23750095,-0.6409108,0.5553787
54229930,데이터분석가/AI엔지니어,-1.1283399,0.92084837,0.21894293,5.842272,-1.7232658
54226845,데이터분석가/AI엔지니어,-0.18547383,-0.43316373,0.13675433,2.6369066,-0.025558604
54224188,데이터분석가/AI엔지니어,0.36116496,0.23896952,0.27162075,-0.5461825,0.03470189
54223838,데이터분석가/AI엔지니어,-0.67378473,0.25441077,1.2202466,5.5733237,-0.2396119
54218448,데이터분석가/AI엔지니어,-0.7705132,0.4093543,-0.3463854,3.3292642,-1.4818804
54214400,데이터분석가/AI엔지니어,-0.41828108,-0.59966224,0.16482417,6.208679,3.048302
54193380,데이터분석가/AI엔지니어,0.5457518,0.32380098,-0.19836476,-1.8683232,-0.23181584
54200429,데이터분석가/AI엔지니어,0.3591984,0.0412789,0.23929955,-1.2685152,0.49888474
54197618,데이터분석가/AI엔지니어,-0.50073117,-0.5497591,0.61124206,3.7134113,1.8385705
54098445,데이터분석가/AI엔지니어,-0.51951087,-0.53944415,-0.7609233,6.2453666,2.5319405
54193023,데이터분석가/AI엔지니어,0.69291157,0.49537528,-0.28785414,-2.2388477,-0.06845347
54189058,데이터분석가/AI엔지니어,-0.35807535,-0.19794986,0.376447,2.534393,0.41093794
54180020,데이터분석가/AI엔지니어,-0.5030931,0.2903649,1.1251085,6.905129,-0.915231
54179947,데이터분석가/AI엔지니어,-0.060899753,0.1700254,0.3291625,1.3376185,0.028517738
54000460,데이터분석가/AI엔지니어,1.6353458,0.033534385,0.19805054,-3.4249852,-0.2522753
54179293,데이터분석가/AI엔지니어,-0.1377895,0.03068239,0.3037709,2.527256,0.50020605
54074991,데이터분석가/AI엔지니어,-0.033150245,0.100813866,-0.044512313,2.342037,0.2333627
54176034,데이터분석가/AI엔지니어,0.6205652,-1.2397771,-0.47165447,6.8300724,4.872389
54175816,데이터분석가/AI엔지니어,-0.6536818,0.50713986,0.1649192,2.465479,0.43849024
54172366,데이터분석가/AI엔지니어,-0.22516976,-1.3466661,0.21459667,3.9256597,2.7224936
54172365,데이터분석가/AI엔지니어,-0.7540332,-1.1617023,0.25706843,4.172786,1.9804714
54171777,데이터분석가/AI엔지니어,-0.5060815,0.72892463,-0.46257892,2.6316626,-1.7648455
54166185,데이터분석가/AI엔지니어,-0.9482077,0.4652702,0.7539968,6.397895,-0.9307892
54156950,데이터분석가/AI엔지니어,0.31503353,0.27500942,0.18508047,-1.1018684,-0.064949155
54136355,데이터분석가/AI엔지니어,1.115534,0.20079646,0.009654204,-2.5169747,-0.23293772
54133661,데이터분석가/AI엔지니어,-0.8773928,-0.2613415,0.23155461,4.7492127,-0.34106094
54133629,데이터분석가/AI엔지니어,-0.8739873,-0.73600817,-0.27321926,5.4981456,2.4565358
54087484,데이터분석가/AI엔지니어,0.4153919,-0.054043062,0.05855083,-1.7519809,-1.2195144
54056540,데이터분석가/AI엔지니어,-0.3862813,0.15166253,0.605084,2.062878,0.58560145
54055113,데이터분석가/AI엔지니어,0.009285148,0.60323733,-1.3739765,0.9907923,-2.4837534
54022122,데이터분석가/AI엔지니어,-0.7442986,0.36833656,0.13270532,2.5788362,0.5163042
54002253,데이터분석가/AI엔지니어,-0.6290788,-1.2467438,0.32849798,3.8774989,2.1928725
53990999,데이터분석가/AI엔지니어,-0.800209,0.08446351,-0.14838843,3.2820141,-0.6793106
53985707,데이터분석가/AI엔지니어,-0.24127512,-1.3275458,-0.23905477,6.5397725,4.084124
53941623,데이터분석가/AI엔지니어,-0.7745347,0.70446765,0.38935483,5.8585,-1.1405827
53931582,데이터분석가/AI엔지니어,-0.8384899,0.48071256,0.5290325,6.228537,-1.1765609
54418620,데이터분석가/AI엔지니어,-0.98490745,-0.2056768,0.5828557,5.3887496,0.061244987
54422235,데이터분석가/AI엔지니어,-0.5198138,-0.24961062,0.3246029,4.6455965,2.085929
54422769,데이터분석가/AI엔지니어,-0.15261173,-1.3485193,-0.3223619,7.205686,4.1713667
54227340,데이터분석가/AI엔지니어,0.38005966,0.26325345,0.21384603,-0.77282363,-0.15245134
54358991,데이터분석가/AI엔지니어,-0.6599896,-0.5228308,0.6287515,5.9143143,0.49571225
54429779,데이터분석가/AI엔지니어,0.102489226,-1.2239823,-0.0570551,6.4416885,4.418432
54427957,데이터분석가/AI엔지니어,2.4514797,-0.0975452,0.35250556,-4.3385053,0.13117094
54397406,데이터분석가/AI엔지니어,-0.9306285,-0.22462139,0.20606422,5.718369,0.08033819
54405298,데이터분석가/AI엔지니어,0.3399697,-1.494099,-0.4362746,6.92416,4.565916
54268380,데이터분석가/AI엔지니어,0.17051741,-1.0696751,-0.21390939,6.6770463,4.6344433
54350239,데이터분석가/AI엔지니어,-1.0454545,0.63471556,0.020207629,5.3323517,-1.2050531
54363767,데이터분석가/AI엔지니어,-0.16898313,-0.8968365,0.08013706,4.536899,2.4978583
54328722,데이터분석가/AI엔지니어,-0.64793205,0.22417241,0.24279042,4.5498915,-0.045907445
54351340,데이터분석가/AI엔지니어,-0.29774442,-0.6013458,-0.3962978,6.427845,2.7555373
54335705,데이터분석가/AI엔지니어,0.9555291,0.39368406,-0.020885678,-1.2778589,-1.2170159
54258136,데이터분석가/AI엔지니어,-0.5987619,-0.58052516,-0.27329692,4.8518443,2.2698677
54332451,데이터분석가/AI엔지니어,-0.24493667,0.43241504,-0.0992092,1.8685516,-1.3139077
54325694,데이터분석가/AI엔지니어,0.030137453,-0.4509405,-0.7183875,6.7291226,2.5258458
54325642,데이터분석가/AI엔지니어,-0.021215208,-0.37840292,-0.7183006,6.7546525,2.511571
54189772,데이터분석가/AI엔지니어,0.8872975,0.054963008,0.21814948,-2.5788913,-0.81363887
54306506,데이터분석가/AI엔지니어,0.8157409,0.2843867,0.16817944,-2.4248145,-1.083038
54296079,데이터분석가/AI엔지니어,-0.50952893,-0.27632025,0.7989401,6.097256,0.32648718
54228615,데이터분석가/AI엔지니어,0.35767877,0.28439415,0.12803762,-1.3659663,-1.3794017
54220369,데이터분석가/AI엔지니어,-0.48431617,-1.3972411,-0.20008624,6.492583,3.9718082
54215284,데이터분석가/AI엔지니어,2.8055022,-0.32460853,0.43719912,-4.480129,0.21904878
54175559,데이터분석가/AI엔지니어,0.4736829,0.19466223,0.19904663,-0.7522084,-0.15980892
54142098,데이터분석가/AI엔지니어,-0.62855697,-0.040161315,0.14334881,2.6513474,0.26388806
54112749,데이터분석가/AI엔지니어,0.30947003,0.24154794,-0.17662753,-1.0934383,-1.699856
54049106,데이터분석가/AI엔지니어,0.7802244,0.24259071,-0.019627718,-1.0483949,-1.5840536
53989148,데이터분석가/AI엔지니어,0.7646844,0.1951079,0.10548639,-1.804656,-1.3210517
53971757,데이터분석가/AI엔지니어,-0.5388072,-0.33159068,0.14463633,6.06293,0.3137919
54452495,데이터분석가/AI엔지니어,-0.76702327,0.45354158,1.2669559,6.758526,-0.8293136
54451911,데이터분석가/AI엔지니어,-1.1724572,0.5416999,-0.44293213,5.098363,-1.3092322
54450348,데이터분석가/AI엔지니어,-0.27887824,-0.4484856,0.8515166,5.8252754,0.5852314
54450217,데이터분석가/AI엔지니어,-0.11381513,0.7929456,-0.83062625,1.7529839,-2.2194865
54449901,데이터분석가/AI엔지니어,0.21283601,1.0112334,-1.0043529,1.6511136,-2.256197
54448786,데이터분석가/AI엔지니어,0.30437952,-0.04653348,0.27333856,-0.98516154,-1.6388272
54448062,데이터분석가/AI엔지니어,0.20626695,0.28756696,0.5148615,0.9784905,0.6987703
54445223,데이터분석가/AI엔지니어,-0.3980159,0.6616791,-1.2389109,1.345478,-2.5778599
54419822,데이터분석가/AI엔지니어,-1.0262207,-0.931649,0.2571643,4.01727,2.038408
54407362,데이터분석가/AI엔지니어,1.20802,0.12433736,0.0464413,-2.6178389,-0.53295225
54312592,데이터분석가/AI엔지니어,0.36442572,0.23164414,0.24657774,-1.6318926,-1.0011775
54438949,데이터분석가/AI엔지니어,1.16122,0.22465071,0.110774815,-2.542226,-0.74182254
54438541,데이터분석가/AI엔지니어,-0.5056487,0.16957052,0.6993226,2.7832267,1.4689567
54416411,데이터분석가/AI엔지니어,0.54519194,0.30237827,0.15384167,-1.8581496,-0.42756504
54319910,데이터분석가/AI엔지니어,-0.6164664,0.6979648,-1.5586774,1.5627296,-2.9196074
54434161,데이터분석가/AI엔지니어,-0.17097636,-0.065063655,0.6141252,2.8056679,1.2037883
54433664,데이터분석가/AI엔지니어,-0.22349565,-1.5571239,-0.00035096015,6.768665,4.2414374
54089727,데이터분석가/AI엔지니어,0.7130827,-0.1770907,0.48921198,2.5391746,1.761156
54159022,데이터분석가/AI엔지니어,-0.40866977,-0.9551516,-0.10140182,6.114542,3.2489088
54432550,데이터분석가/AI엔지니어,0.14676985,-0.6829475,0.046679348,6.1084185,4.1477623
54431304,데이터분석가/AI엔지니어,-0.5180176,-1.322357,-0.3421888,6.4095325,3.5484965
54407355,데이터분석가/AI엔지니어,-0.8321312,0.35307184,-0.6274698,3.8701978,-1.6745131
54430485,데이터분석가/AI엔지니어,1.7608966,0.15896602,0.16981116,-3.5715742,-0.17289211
54429930,데이터분석가/AI엔지니어,-0.42065543,-0.0328049,0.70971286,2.4746556,1.2602978
54429652,데이터분석가/AI엔지니어,1.0536468,-0.0037300843,-0.009034434,-2.6475053,-0.70528823
54184691,데이터분석가/AI엔지니어,0.9088172,0.42288235,0.024822045,-2.3032608,-0.17177172
54428355,데이터분석가/AI엔지니어,-0.1378679,0.059474654,0.30441758,2.482242,0.33988994
54422143,데이터분석가/AI엔지니어,-0.32247534,0.36074644,0.62003946,7.0416074,-0.7466662
54426831,데이터분석가/AI엔지니어,0.40744776,0.22502862,-0.019452719,0.8967529,1.5097818
54422364,데이터분석가/AI엔지니어,0.039959297,0.357676,0.3276647,1.3948908,1.2006977
54426297,데이터분석가/AI엔지니어,-0.842222,0.8130938,0.52822614,6.3058734,-1.388722
54424672,데이터분석가/AI엔지니어,-0.042014353,0.2431981,-0.73383105,1.8096261,-1.9893194
54424612,데이터분석가/AI엔지니어,-0.8143532,0.49831,-0.044972792,5.2390766,-0.96822965
54395489,데이터분석가/AI엔지니어,-0.5773893,-1.1160452,0.15656388,3.92009,2.2900095
54419975,데이터분석가/AI엔지니어,-1.0175383,0.41528893,-0.6923958,3.6616445,-1.5621377
54418737,데이터분석가/AI엔지니어,0.6610957,0.1400339,0.093675025,-1.1827538,-1.7590402
54418524,데이터분석가/AI엔지니어,-0.533472,0.40114546,-0.5526753,2.9505572,-1.2976303
54418135,데이터분석가/AI엔지니어,-0.074865595,-1.621021,-0.32992297,6.6268897,4.5690866
54382863,데이터분석가/AI엔지니어,-0.9074274,-0.28712472,0.5232897,5.035388,0.97037363
54415516,데이터분석가/AI엔지니어,-0.86675346,0.2815838,1.0277141,6.5554223,-0.5362024
54410745,데이터분석가/AI엔지니어,0.890671,0.09545061,-0.26479512,-1.159069,-1.2010607
54283801,데이터분석가/AI엔지니어,1.4172077,-0.052442055,0.11204593,-2.6435072,-0.39972425
54407798,데이터분석가/AI엔지니어,1.3941048,0.14791307,-0.010792976,-3.5348291,-0.2673061
54407646,데이터분석가/AI엔지니어,0.8184037,0.28405482,0.15056781,-1.9666343,-0.916
54407136,데이터분석가/AI엔지니어,0.11388155,-1.4176314,-0.46792898,7.032527,4.5030627
54406993,데이터분석가/AI엔지니어,-0.24662417,-1.2994308,0.2581195,3.971376,2.793866
54406955,데이터분석가/AI엔지니어,1.114289,0.32118884,0.12525882,-2.751175,-0.66541344
54403258,데이터분석가/AI엔지니어,0.1514869,-1.5099896,-0.4121957,6.88717,4.465166
54402905,데이터분석가/AI엔지니어,0.21618763,0.3826591,0.15807873,-1.4026955,0.3273956
54397846,데이터분석가/AI엔지니어,-0.6789125,-0.021407528,0.38612315,2.8457832,-0.023420062
54396843,데이터분석가/AI엔지니어,0.5172597,0.28040972,0.249574,-1.7654805,0.073998295
54396167,데이터분석가/AI엔지니어,-0.48695433,-0.09124814,0.14989328,2.7610106,0.24103816
54395846,데이터분석가/AI엔지니어,0.23328176,0.3753381,0.004682604,-0.092989996,-0.3082093
54395437,데이터분석가/AI엔지니어,0.69856954,0.14716141,0.03015099,-1.1135246,-1.7661296
54393826,데이터분석가/AI엔지니어,-0.14498773,-1.2189702,0.26484072,3.985453,2.46469
54393451,데이터분석가/AI엔지니어,-1.001369,0.36842418,1.3217655,6.514807,-0.4414973
54383232,데이터분석가/AI엔지니어,-0.6422226,0.08318035,0.47907725,2.5760517,0.81041867
54391714,데이터분석가/AI엔지니어,-0.28058204,0.2090789,0.36109003,2.1199062,0.36482012
54390862,데이터분석가/AI엔지니어,-1.2861581,0.10268366,0.45855987,5.0617013,-0.20297375
54390853,데이터분석가/AI엔지니어,-0.0464441,-1.3780305,-0.2427612,6.7735677,4.082003
54390356,데이터분석가/AI엔지니어,0.3823886,-1.2115058,-0.42298967,7.20327,4.6408234
54295821,데이터분석가/AI엔지니어,-0.60604733,0.42139822,1.074902,6.389139,-0.5012875
54384844,데이터분석가/AI엔지니어,-0.008417121,0.70360774,-0.94540936,1.3840334,-2.3632808
54382326,데이터분석가/AI엔지니어,0.8291374,0.65406734,-0.95336646,1.3163104,-2.9952235
54378146,데이터분석가/AI엔지니어,0.1902918,0.593082,-0.36762598,0.5112967,-1.9174825
54377423,데이터분석가/AI엔지니어,-0.48695883,-0.57437485,0.45170406,3.7477283,1.8496524
54076299,데이터분석가/AI엔지니어,0.7491829,0.2098583,0.12207364,-1.5050589,-1.0252122
54331855,데이터분석가/AI엔지니어,-0.63668793,0.78596956,0.33066612,6.0495453,-1.3897301
54373413,데이터분석가/AI엔지니어,-1.09103,0.5966302,0.3373633,4.9593153,-0.21095692
54365568,데이터분석가/AI엔지니어,-1.0340884,0.07648684,0.018781645,5.062928,-0.15865858
54365405,데이터분석가/AI엔지니어,-1.1377463,0.1570013,0.090025455,5.0162477,-0.2680277
54157818,데이터분석가/AI엔지니어,-0.34056354,0.16320547,0.50685686,2.0825713,0.50115407
54362947,데이터분석가/AI엔지니어,-0.57824886,0.3807543,-0.8203533,2.8604324,-1.1851634
54360634,데이터분석가/AI엔지니어,-0.027294086,0.52560043,-0.2846401,1.735807,-1.2364813
54042427,데이터분석가/AI엔지니어,1.307939,0.282421,-0.13766244,-2.740106,-0.9197902
54359215,데이터분석가/AI엔지니어,-1.126922,0.70798755,-0.50037205,4.2149777,-1.6313413
54355054,데이터분석가/AI엔지니어,0.26217782,0.2793931,0.27427047,1.9954456,0.2356529
54353922,데이터분석가/AI엔지니어,-0.86293364,0.24876459,0.57256234,5.1928406,-0.031862557
54352586,데이터분석가/AI엔지니어,-0.07892253,-0.7322222,0.30166173,4.6032968,2.485365
54003925,데이터분석가/AI엔지니어,-0.11631041,0.29020673,-0.4628802,2.1318643,-1.0525526
54350547,데이터분석가/AI엔지니어,-0.45447257,0.63260776,-0.68053716,2.2236006,-1.5757779
54329721,데이터분석가/AI엔지니어,1.499934,0.31243125,-0.20677395,-2.8832889,-0.37460446
54206887,데이터분석가/AI엔지니어,1.6083893,0.067003325,0.015055279,-2.9021595,-0.30352607
54335862,데이터분석가/AI엔지니어,-0.5025473,-0.0077886237,0.07822719,4.9394875,0.51146317
54344892,데이터분석가/AI엔지니어,0.84646577,0.3314617,0.029123127,-1.2817442,-1.3810123
54340420,데이터분석가/AI엔지니어,0.008051069,-1.5827625,-0.5392161,6.8238125,4.3368406
54289554,데이터분석가/AI엔지니어,1.2231345,0.36697823,0.034703277,-2.1119027,-1.2991494
54338570,데이터분석가/AI엔지니어,1.529196,0.24706814,0.035100184,-3.4611952,-0.19985841
54337345,데이터분석가/AI엔지니어,0.08532325,0.14953555,0.6146182,1.0226374,0.55152696
54336929,데이터분석가/AI엔지니어,0.61575323,0.38294682,-0.422922,-0.7378696,-0.74163663
54336863,데이터분석가/AI엔지니어,0.48414254,0.11716306,0.16508973,-0.8593757,-1.2256559
54335366,데이터분석가/AI엔지니어,-0.05724227,0.69581324,-0.8765573,1.6446108,-2.453918
54334665,데이터분석가/AI엔지니어,-0.5666919,0.36459237,-0.726997,2.909591,-1.269294
54332741,데이터분석가/AI엔지니어,0.646853,0.3614216,0.29326734,-0.8654134,0.48075798
54332382,데이터분석가/AI엔지니어,-0.06365388,-1.041954,-0.21656846,6.668033,4.0345254
54331803,데이터분석가/AI엔지니어,-1.0526845,0.157405,1.0492929,6.401598,-0.32953885
54331785,데이터분석가/AI엔지니어,-1.007169,0.10396597,0.89602476,6.3738747,-0.22720478
54310198,데이터분석가/AI엔지니어,-0.008351781,-0.097853504,0.42211694,1.2121127,0.019629246
54324952,데이터분석가/AI엔지니어,-0.0205759,-1.7623918,-0.57272094,7.4206414,4.50752
53942016,데이터분석가/AI엔지니어,0.70621914,0.47331867,0.13407658,-1.9557422,-1.0512805
54322332,데이터분석가/AI엔지니어,0.5954911,0.4096864,-0.01072791,-1.4619377,-1.4270427
54322052,데이터분석가/AI엔지니어,0.48170698,0.19915864,-0.23720789,1.2598033,-0.5405647
54310074,데이터분석가/AI엔지니어,-0.5629003,0.5384243,-0.87483776,3.7523282,-1.7382368
54309076,데이터분석가/AI엔지니어,1.1399354,0.3958087,0.06439215,-2.147008,-1.115068
54308104,데이터분석가/AI엔지니어,-0.76150835,0.3769417,-0.15613241,5.3197594,-1.0765133
54308014,데이터분석가/AI엔지니어,-0.6134804,-1.1233246,6.734815e-05,6.1541886,3.5058184
54307962,데이터분석가/AI엔지니어,0.6182234,0.18277238,0.11746074,-1.1517591,-1.7015748
54307817,데이터분석가/AI엔지니어,-0.8012751,0.42751503,-0.19315195,3.9385877,-0.97518444
54242320,데이터분석가/AI엔지니어,-0.11829835,0.5777362,-0.7079253,1.6879634,-2.2225797
54306745,데이터분석가/AI엔지니어,-0.9435113,0.48389217,-0.053568464,3.856481,-0.963515
54304757,데이터분석가/AI엔지니어,0.3639723,0.16918255,0.24382645,-1.5168715,-1.511172
54302796,데이터분석가/AI엔지니어,-0.78797615,0.7237634,-0.6549531,2.5689156,-1.5258518
54300954,데이터분석가/AI엔지니어,-0.68243474,0.5100769,0.27208117,1.6650904,1.3891045
54301204,데이터분석가/AI엔지니어,-1.0453248,0.5728874,0.17381042,5.3606133,-1.2561119
54294085,데이터분석가/AI엔지니어,-0.13963504,-0.26069257,0.8680024,2.4218602,1.6086067
54293331,데이터분석가/AI엔지니어,0.8820203,0.014285396,0.14962739,-2.1364725,-1.002796
54281157,데이터분석가/AI엔지니어,-0.04138066,0.42552328,-0.5581344,1.7877584,-1.9824282
54283278,데이터분석가/AI엔지니어,0.28696397,-1.4766495,-0.4911704,6.93582,4.8981166
54290077,데이터분석가/AI엔지니어,-0.6722459,-0.5283731,0.71161723,5.9764857,0.27830184
54288248,데이터분석가/AI엔지니어,-0.68131334,0.56582576,0.36828798,6.427441,-1.2356765
53983548,데이터분석가/AI엔지니어,-0.46307385,-0.73499626,0.72842306,5.0464664,0.75819
54283587,데이터분석가/AI엔지니어,-0.079382665,0.18880914,0.7235084,7.096988,-0.8440098
53979938,데이터분석가/AI엔지니어,0.031060522,0.19332094,0.015999474,1.5373684,-0.37737063
54280486,데이터분석가/AI엔지니어,-0.3228907,0.45042396,-0.40895227,2.0988166,-1.7811955
54190438,데이터분석가/AI엔지니어,0.6621438,0.07530001,-0.017313067,-0.9186242,-0.40798858
54279092,데이터분석가/AI엔지니어,0.83492464,0.2772461,0.020290075,-1.5196486,-0.69524723
54272010,데이터분석가/AI엔지니어,-0.88774914,0.5065954,0.3855725,5.7915673,-1.0551944
54261329,데이터분석가/AI엔지니어,2.0273242,0.024496203,0.021852748,-4.212117,0.040584955
54260216,데이터분석가/AI엔지니어,-0.30780286,0.8450095,-1.5707433,1.2081631,-2.5895424
54201654,데이터분석가/AI엔지니어,-0.0104739,0.25687638,0.5074609,0.8859098,0.43676308
54254925,데이터분석가/AI엔지니어,0.53424644,0.09488708,0.02698527,1.3085675,-0.47169247
54052972,데이터분석가/AI엔지니어,1.1661028,0.26516324,0.11594635,-2.7014337,-0.4964104
54249407,데이터분석가/AI엔지니어,-1.3931986,0.57108235,0.02366266,5.2146525,-1.1215672
54247764,데이터분석가/AI엔지니어,0.385026,-1.131436,-0.4104414,4.9150643,2.6927986
54247733,데이터분석가/AI엔지니어,0.59584314,-0.95138687,0.108852126,4.743351,2.5748322
54242705,데이터분석가/AI엔지니어,-0.40443534,-0.9630127,0.43729722,3.8534474,2.195808
54242058,데이터분석가/AI엔지니어,1.2444574,0.060710255,0.109840676,-2.5334272,-0.890255
54239589,데이터분석가/AI엔지니어,-0.27443698,-0.16134824,0.07669456,2.6701655,-0.10338312
54239109,데이터분석가/AI엔지니어,0.80505365,0.268688,0.14815338,-1.5675149,-0.8826374
54237580,데이터분석가/AI엔지니어,-0.20368712,0.22548352,0.24825774,2.415181,0.45877996
54228939,데이터분석가/AI엔지니어,-0.11293427,0.6546561,-0.98611444,1.6158862,-2.3289015
53976835,데이터분석가/AI엔지니어,-0.101957805,0.7617043,-1.1204321,1.3356872,-2.7662523
54219481,데이터분석가/AI엔지니어,0.42041948,0.29889607,0.10148399,-1.9965054,-1.8057927
54226344,데이터분석가/AI엔지니어,-0.8296995,0.66259986,-0.48302355,2.606128,-1.5387263
54225167,데이터분석가/AI엔지니어,-0.49444512,-0.6159121,-0.4861426,6.1484485,3.0135477
54224585,데이터분석가/AI엔지니어,-1.018825,0.096530415,0.06360524,5.6001906,-0.35815734
54189860,데이터분석가/AI엔지니어,-0.3198382,-0.8808257,0.46692446,3.7612028,2.2760224
54219612,데이터분석가/AI엔지니어,-1.1104488,0.83743745,0.056132853,5.6665483,-1.4586906
54218206,데이터분석가/AI엔지니어,0.5807722,0.39598122,0.17304876,-1.8251745,-1.0019118
54216425,데이터분석가/AI엔지니어,-0.63384366,0.17017712,0.845129,6.3354526,-0.28845912
54215349,데이터분석가/AI엔지니어,1.6957303,-0.17619054,0.042766258,-3.677955,-0.099417835
54215343,데이터분석가/AI엔지니어,1.1765857,-0.098351665,-0.063117035,-2.960199,-0.32394454
54212957,데이터분석가/AI엔지니어,-0.6199493,0.1801644,-0.09487665,3.015097,-0.6843426
54194177,데이터분석가/AI엔지니어,-0.7607198,-0.44283527,-1.3196408,6.465165,2.4773703
54207087,데이터분석가/AI엔지니어,0.025027115,-0.12002971,0.5120758,1.7048546,0.599155
54201807,데이터분석가/AI엔지니어,2.022779,-1.4665049,-0.04537755,-4.3241863,0.15150775
54192670,데이터분석가/AI엔지니어,0.8586537,0.25864524,0.10837699,-1.8093807,-0.2436631
54190320,데이터분석가/AI엔지니어,-0.59804887,-0.5711509,0.39167723,5.819384,1.0618933
54188373,데이터분석가/AI엔지니어,3.1382122,-0.13614208,0.44315964,-4.5218506,0.25307098
54188006,데이터분석가/AI엔지니어,-0.3741336,0.6817256,1.1768314,7.070536,-1.0329175
54186469,데이터분석가/AI엔지니어,-0.033847846,-1.1535283,0.28108948,3.8222322,2.3919182
54181969,데이터분석가/AI엔지니어,0.56737155,0.23065868,0.12519087,-0.81979954,-0.13551238
54178654,데이터분석가/AI엔지니어,-0.9088079,0.7180923,-0.097872704,5.1384134,-1.1257461
54178591,데이터분석가/AI엔지니어,0.1068829,0.24829324,0.19436477,1.4942639,-0.37259457
54174926,데이터분석가/AI엔지니어,0.8932453,0.24651441,0.10630416,-1.9218966,-0.3339644
54172189,데이터분석가/AI엔지니어,0.06252703,-0.49464583,0.70708406,2.550671,1.849755
54170280,데이터분석가/AI엔지니어,-0.3640298,0.6999866,-1.0767319,2.2990754,-2.303271
53986442,데이터분석가/AI엔지니어,0.40134773,-0.3952374,0.55269766,2.6047764,1.8086237
54139994,데이터분석가/AI엔지니어,0.4333939,0.24546659,0.19612573,-0.46707636,-0.1319212
54137955,데이터분석가/AI엔지니어,-0.5725608,-0.9051733,-0.64239043,6.068712,3.161386
54089546,데이터분석가/AI엔지니어,0.100805506,-0.6538914,-0.21723005,6.7166915,4.375657
54054300,데이터분석가/AI엔지니어,0.5661675,-0.4988566,-0.12352449,-1.1638013,0.152593
54048496,데이터분석가/AI엔지니어,0.5729247,0.1499319,0.35558113,-0.4963388,0.6141962
54022926,데이터분석가/AI엔지니어,-0.16712476,0.5007125,-0.86004484,0.9955789,-2.462959
53966905,데이터분석가/AI엔지니어,-0.12250691,0.020456376,0.2791286,2.5533094,0.46233594
53948621,데이터분석가/AI엔지니어,-0.42086458,-0.5132765,-0.407206,6.159022,2.7601707
53942576,데이터분석가/AI엔지니어,0.051726624,0.43118647,0.44938052,0.7777322,0.44952172
53917314,데이터분석가/AI엔지니어,-1.046289,0.8501253,-0.13843925,5.5653443,-1.4291226
53912220,데이터분석가/AI엔지니어,0.44030714,0.40164286,-0.4323081,-0.3016984,-1.8679585
54273057,데이터분석가/AI엔지니어,-0.83471984,0.7201142,0.7626932,6.1859694,-0.83502495
54272981,데이터분석가/AI엔지니어,-0.8428005,0.7257406,0.81216425,6.167378,-0.7667534
54358779,데이터분석가/AI엔지니어,-1.1170201,-0.2579744,0.4956823,5.4763274,-0.053660084
54450791,데이터분석가/AI엔지니어,-0.24807279,-0.19862922,0.5321698,2.8417754,1.2377198
54450668,데이터분석가/AI엔지니어,-0.30498302,-0.23098928,0.49118146,2.8900042,1.197111
54447779,데이터분석가/AI엔지니어,0.7666009,0.05170943,-0.086311914,-1.1779383,-1.8361479
54445372,데이터분석가/AI엔지니어,0.29071707,-1.1250533,-0.33482608,6.494972,4.523533
54443481,데이터분석가/AI엔지니어,0.5812,0.38523787,0.060537435,-0.7243006,0.60503304
54441339,데이터분석가/AI엔지니어,0.1303747,-1.5974097,0.08780567,3.9154987,2.8177073
54420756,데이터분석가/AI엔지니어,-0.53194606,0.42462486,0.9973598,6.806509,-0.7742477
54004502,데이터분석가/AI엔지니어,0.668473,0.18890429,0.10382293,-1.1204425,-1.0143908
54406599,데이터분석가/AI엔지니어,-0.026273703,0.19467358,0.31084427,1.5954398,-0.17147711
54333122,데이터분석가/AI엔지니어,-0.44415465,0.47771257,0.06583712,1.9341838,-1.1043028
54014988,데이터분석가/AI엔지니어,-0.14424668,-1.1804802,-0.24215733,6.562527,3.7654498
54402727,데이터분석가/AI엔지니어,-0.4900826,-0.7603604,-0.118811645,4.0533657,2.74394
54377633,데이터분석가/AI엔지니어,0.16841716,-1.0087786,0.036093075,6.5276723,4.1587596
54375785,데이터분석가/AI엔지니어,-0.7140458,0.51880676,-0.41528618,3.3298347,-1.3833312
54358242,데이터분석가/AI엔지니어,-0.08753084,-1.2022917,0.241255,4.0125475,2.815323
54340223,데이터분석가/AI엔지니어,0.07478142,0.2093851,0.43787602,0.8034398,0.48010093
54309292,데이터분석가/AI엔지니어,-0.38285708,0.09230591,0.464666,1.6458545,0.52954435
54350951,데이터분석가/AI엔지니어,0.88320833,-1.0684671,-0.31602758,7.175282,4.846318
54334826,데이터분석가/AI엔지니어,0.19653463,0.32734093,0.11543081,1.2580497,1.4764352
54325965,데이터분석가/AI엔지니어,0.5499912,-0.9833555,-0.21457888,6.4323363,4.8474855
54323747,데이터분석가/AI엔지니어,0.5772078,0.03648701,0.30324948,-0.7766099,-0.21606854
54160029,데이터분석가/AI엔지니어,-1.0189413,-0.20275363,1.0290276,5.9198027,0.06922895
54271343,데이터분석가/AI엔지니어,-0.39056855,0.51198363,1.1974862,6.945258,-0.8984396
54214915,데이터분석가/AI엔지니어,-0.40212673,-0.40230894,-0.59615433,6.058397,2.4629302
54216447,데이터분석가/AI엔지니어,0.5770136,0.2638479,0.08807945,-2.0255747,-1.8622011
54194512,데이터분석가/AI엔지니어,0.46824893,0.32056385,0.13302132,-0.536307,-0.27928603
54201846,데이터분석가/AI엔지니어,0.96821576,-0.5541301,-0.28826648,6.962877,5.065642
54187643,데이터분석가/AI엔지니어,0.019485794,-0.43587267,0.2907925,2.558817,0.5103234
54187341,데이터분석가/AI엔지니어,0.01885532,-1.3131157,-0.28912434,7.0112014,4.269945
54185640,데이터분석가/AI엔지니어,-0.43508762,-1.2695897,0.27907193,3.936007,2.7372792
54110515,데이터분석가/AI엔지니어,0.8349527,-1.1284262,-0.30322525,6.9776545,5.095097
53954891,데이터분석가/AI엔지니어,1.056696,0.33753857,0.13887763,-2.607663,-0.83423835
53941642,데이터분석가/AI엔지니어,-0.8177353,-0.085254066,0.08955484,5.625328,-0.17220168
53867937,데이터분석가/AI엔지니어,-1.1409953,0.5005222,-0.079988316,5.2949004,-1.1058015
54323907,데이터분석가/AI엔지니어,0.002276298,0.16973278,0.33035588,0.82630885,0.29808968
54446690,데이터분석가/AI엔지니어,-0.20768723,-1.2181275,-0.16428481,5.908372,3.215862
54325613,데이터분석가/AI엔지니어,-1.2014828,0.40943262,0.48739442,4.69659,-0.7330452
54061193,데이터분석가/AI엔지니어,-0.22471243,0.59338194,1.0580918,7.109348,-1.0171677
54452650,데이터분석가/AI엔지니어,-0.776256,0.5436568,-0.6740873,3.2010782,-1.7859365
54452512,데이터분석가/AI엔지니어,-0.9829358,-0.25001788,0.3417425,5.9762306,0.32232773
54452344,데이터분석가/AI엔지니어,-0.3048211,-0.7005612,0.50132495,3.4373124,2.212333
54452312,데이터분석가/AI엔지니어,-1.1220294,0.46420765,-0.55657905,3.3658926,-1.3194036
54452244,데이터분석가/AI엔지니어,0.17631705,-1.3913279,-0.4669565,6.706656,4.829492
54452182,데이터분석가/AI엔지니어,-0.9327154,0.23850423,1.0776488,6.3606644,-0.3452877
54213833,데이터분석가/AI엔지니어,-0.8436995,0.23601228,-0.62577,3.2422729,-1.5100464
54452167,데이터분석가/AI엔지니어,-0.13859682,0.9476549,-0.6598547,1.609912,-1.5493264
54256256,데이터분석가/AI엔지니어,-0.264555,0.72742516,1.1678585,7.017851,-1.0691514
54451614,데이터분석가/AI엔지니어,-0.7379257,0.32016787,0.99482507,6.231199,-0.48470175
54450915,데이터분석가/AI엔지니어,0.61875427,0.17694272,0.30455124,-0.7766889,0.51967734
54450822,데이터분석가/AI엔지니어,-0.7192191,-1.0666822,0.300534,4.1427846,1.9874629
54450633,데이터분석가/AI엔지니어,-0.05542376,0.20297055,-0.22762783,1.8785619,-0.8070162
54450445,데이터분석가/AI엔지니어,-0.4996881,0.5599518,-0.8456295,2.3767197,-1.223305
54450439,데이터분석가/AI엔지니어,-0.82398486,-0.94234675,0.31772542,4.167039,1.9700266
54379461,데이터분석가/AI엔지니어,-0.046806887,0.6117378,-0.52513057,1.8171782,-2.068914
54450353,데이터분석가/AI엔지니어,0.02953183,0.12566856,-0.092386,1.5184176,-0.20756574
54450334,데이터분석가/AI엔지니어,-0.89126456,0.5910134,-0.21508652,4.774101,-0.935448
54450321,데이터분석가/AI엔지니어,-0.22522272,0.4383762,-1.0055482,3.1077068,-1.8960301
54396820,데이터분석가/AI엔지니어,-0.31897375,-1.0409963,0.35242262,3.7914538,2.415748
54449860,데이터분석가/AI엔지니어,-0.73519754,-1.0889941,0.26015532,3.819032,2.0308058
54280660,데이터분석가/AI엔지니어,-0.35696518,0.5039027,-0.48287913,2.104837,-1.5315815
54001953,데이터분석가/AI엔지니어,0.81514096,0.2605592,0.16623716,-1.5423379,-1.4445916
54449470,데이터분석가/AI엔지니어,0.6747772,-0.415454,-0.064987555,-1.7759808,-1.2722503
54449033,데이터분석가/AI엔지니어,-1.0857803,-0.16008691,0.3106348,4.242707,1.0881186
54448747,데이터분석가/AI엔지니어,-0.3053829,0.4842929,-0.8043254,2.3407495,-1.335126
54448393,데이터분석가/AI엔지니어,-0.4660364,-0.77893543,0.010262177,6.263192,3.2982528
54448337,데이터분석가/AI엔지니어,-0.9574308,0.34032917,-0.4410452,5.548837,-1.4480888
54448321,데이터분석가/AI엔지니어,0.2617236,0.38509783,0.39894402,0.6535598,0.39336467
54447744,데이터분석가/AI엔지니어,-1.1506972,0.72679573,0.07368895,5.513975,-1.4527253
54447646,데이터분석가/AI엔지니어,-1.0598935,0.29707992,0.55467576,6.0415406,-1.0546669
54344991,데이터분석가/AI엔지니어,-0.24034517,0.27629158,0.38394848,2.1411006,1.3062906
54447578,데이터분석가/AI엔지니어,-0.10740527,0.7806578,-1.0460119,1.2059108,-2.4860191
54447248,데이터분석가/AI엔지니어,-1.0689625,0.3110475,0.96160203,6.1374164,-0.30503666
54446589,데이터분석가/AI엔지니어,-0.28656906,-0.045902576,0.5889311,2.2713566,1.2848057
54361349,데이터분석가/AI엔지니어,-0.7318758,-0.56796,0.9442993,5.0677114,0.8072677
54361334,데이터분석가/AI엔지니어,-1.0369564,0.034428168,-0.54751986,4.4569287,-0.7767097
54446236,데이터분석가/AI엔지니어,0.056239605,0.10739493,0.1335963,2.3207965,0.33617806
54446062,데이터분석가/AI엔지니어,-0.41316435,0.2767431,0.56601435,2.1081188,0.4277009
54339967,데이터분석가/AI엔지니어,0.8895642,0.2777642,0.19629286,-2.2642074,-0.8504473
53932398,데이터분석가/AI엔지니어,-0.1153581,0.54136896,-0.74566346,1.9875492,-2.1240509
54445101,데이터분석가/AI엔지니어,-0.44075164,0.2658512,0.8881986,6.909752,-0.5285345
54411882,데이터분석가/AI엔지니어,0.63807255,0.3412064,0.050847255,-0.71427965,-0.88616407
54347264,데이터분석가/AI엔지니어,0.07828506,-1.6585572,-0.49376777,7.339589,4.608014
54076186,데이터분석가/AI엔지니어,-0.41593614,0.4921153,-0.89000833,3.0788968,-1.6098269
54444397,데이터분석가/AI엔지니어,0.22382838,0.38139328,-0.9780167,1.3735054,-2.2902005
54202541,데이터분석가/AI엔지니어,0.22797096,0.7977655,-1.1937238,0.90861386,-2.4743512
54443995,데이터분석가/AI엔지니어,0.88986665,0.22814251,0.20863636,-2.3389163,-0.96857744
54443966,데이터분석가/AI엔지니어,-0.023778627,0.51162654,-0.22265132,1.7118369,-1.3740205
54443858,데이터분석가/AI엔지니어,-0.10993498,0.059099104,0.205029,2.4836588,0.41029063
54443762,데이터분석가/AI엔지니어,-0.009732467,0.0540357,0.8090454,1.1046944,0.8458332
54023110,데이터분석가/AI엔지니어,0.49159855,0.340816,0.14594346,-0.61755145,0.4339831
54433545,데이터분석가/AI엔지니어,1.7130278,0.110327244,0.24998099,-3.8053997,-0.117463276
54443472,데이터분석가/AI엔지니어,0.71145964,0.19099164,0.11966606,-2.2684824,-0.48394582
54379123,데이터분석가/AI엔지니어,-0.7105473,-0.56032073,-0.26966578,5.9864473,2.8122027
54408511,데이터분석가/AI엔지니어,-0.6278842,-0.56031007,-0.2685176,6.012735,2.8042912
54442917,데이터분석가/AI엔지니어,-0.6357946,0.275799,-0.5040016,2.8287597,-1.0184842
54442909,데이터분석가/AI엔지니어,-0.4685352,0.6481687,-0.6613202,3.0030162,-1.9322281
54442895,데이터분석가/AI엔지니어,-0.7359506,0.5928825,0.66935056,5.957122,-0.58674335
54442547,데이터분석가/AI엔지니어,0.49673882,0.4383075,0.19477767,-0.5213953,0.57381505
53982230,데이터분석가/AI엔지니어,0.8979002,0.21819364,0.014361543,-1.3784307,-1.6215743
54372127,데이터분석가/AI엔지니어,0.9947328,0.41803595,0.045050252,-2.2239592,-1.2245598
53927911,데이터분석가/AI엔지니어,-0.38481966,-0.042230804,0.67079425,2.155026,0.4402922
54431294,데이터분석가/AI엔지니어,0.9647987,0.22047848,0.10643696,-2.20688,-1.1842599
53982196,데이터분석가/AI엔지니어,0.8979002,0.21819364,0.014361543,-1.4390026,-1.6441278
54442359,데이터분석가/AI엔지니어,0.29263043,0.33573553,0.22941935,-0.25385383,0.00150519
54442331,데이터분석가/AI엔지니어,-0.31663328,-0.02367972,0.21146534,2.4897301,-0.3485565
54442225,데이터분석가/AI엔지니어,0.20820138,-1.1010615,-0.19688202,6.939683,4.2483916
54409768,데이터분석가/AI엔지니어,0.73902285,0.15184443,0.09342555,1.3647811,-0.472599
54430166,데이터분석가/AI엔지니어,-0.16461402,0.10708824,0.29268476,2.4418092,-0.39375365
54441335,데이터분석가/AI엔지니어,0.35140347,-1.8066267,-0.6170466,7.363818,4.6801825
54440763,데이터분석가/AI엔지니어,0.3396592,0.21229248,0.26344928,-0.21585238,-0.17170402
54440605,데이터분석가/AI엔지니어,-0.07169846,-1.0430082,0.32182252,4.0843725,2.8774452
54440358,데이터분석가/AI엔지니어,0.21295777,-0.117916204,0.31856385,-0.1977135,0.579942
54440338,데이터분석가/AI엔지니어,2.1826522,0.042448986,0.21294029,-4.18116,0.011266281
54428738,데이터분석가/AI엔지니어,-0.86087245,0.388469,0.26639748,6.2811947,-1.0179306
54428557,데이터분석가/AI엔지니어,-0.8395629,0.60624903,0.48217934,5.525433,-0.7395946
54422542,데이터분석가/AI엔지니어,-0.7686302,0.2783325,-0.207306,3.5673878,-1.1403033
54419381,데이터분석가/AI엔지니어,0.17661889,-1.3155084,-0.54569846,6.604991,4.7418704
54438873,데이터분석가/AI엔지니어,-0.23735018,0.6083188,-0.94544125,3.116473,-2.0176215
54438755,데이터분석가/AI엔지니어,0.13532211,-1.0496517,0.22295295,4.0474267,2.784725
54438651,데이터분석가/AI엔지니어,0.3295015,-0.022874556,-0.016508263,2.2554684,0.7197392
54438493,데이터분석가/AI엔지니어,0.5665561,0.23857985,0.0316485,-0.67424977,-0.70398
54438467,데이터분석가/AI엔지니어,-0.35802236,0.3075797,0.75552267,2.788924,1.4832393
54438450,데이터분석가/AI엔지니어,0.40478995,0.1958314,0.101757795,-0.6259605,-0.23643793
54438269,데이터분석가/AI엔지니어,0.37640318,0.47977883,-0.13838974,1.2463783,1.5221891
54437961,데이터분석가/AI엔지니어,-0.53416175,0.53737146,0.45924526,5.833061,-0.6326246
54415396,데이터분석가/AI엔지니어,-0.718203,0.35452557,1.1722703,7.019742,-1.1223276
54415605,데이터분석가/AI엔지니어,-0.64227045,0.41218057,1.0446379,7.014288,-1.0613015
54407866,데이터분석가/AI엔지니어,-0.96237147,-0.47471485,-0.43435955,5.2724414,2.1222672
54407873,데이터분석가/AI엔지니어,-0.44547626,-0.99220043,0.3601656,4.24796,2.0409875
54434840,데이터분석가/AI엔지니어,0.55104804,-0.0051027876,0.013596392,-1.2531389,-1.3611659
54434339,데이터분석가/AI엔지니어,0.1539195,-1.2976705,-0.4100567,7.3645353,4.5058413
54324439,데이터분석가/AI엔지니어,0.22515121,-0.70493126,0.14006644,6.899409,4.4575152
54056634,데이터분석가/AI엔지니어,-0.5062398,0.72174406,0.5687823,5.9375706,-1.2233043
54433533,데이터분석가/AI엔지니어,-0.58170474,0.31904554,-0.2200193,2.494342,-0.93350893
54433409,데이터분석가/AI엔지니어,-1.3092486,-0.8280993,-0.042118177,4.1034746,2.0859854
54433406,데이터분석가/AI엔지니어,-1.1898022,0.6321556,0.11623742,5.2768974,-1.2040824
54433403,데이터분석가/AI엔지니어,-0.84175086,-1.2561736,0.057388652,5.732097,3.3629498
54373768,데이터분석가/AI엔지니어,-0.5506886,0.33049172,1.0910817,6.050895,-0.4840229
54433302,데이터분석가/AI엔지니어,-1.0018605,-0.19478151,0.7015562,6.0124063,-0.096147195
54432771,데이터분석가/AI엔지니어,-0.9100141,-0.49425915,0.5347505,4.950594,0.5841163
54432228,데이터분석가/AI엔지니어,-0.4906684,-1.3091177,0.2483735,3.9433491,2.3834808
54432152,데이터분석가/AI엔지니어,-0.79968697,-0.3883018,0.6655469,4.9396214,0.6464433
54431673,데이터분석가/AI엔지니어,-0.22379364,0.6115087,-0.77524847,2.040789,-2.0716038
54431586,데이터분석가/AI엔지니어,-0.19524466,0.33274317,-0.11751601,1.8483021,-0.88702077
54430186,데이터분석가/AI엔지니어,-0.7830024,-0.055037413,0.7294517,6.066416,-0.035421558
54429989,데이터분석가/AI엔지니어,0.54078597,0.32936203,0.26348555,-0.5751487,0.51919
54378494,데이터분석가/AI엔지니어,0.60611194,-1.3480104,-0.481818,7.2800198,4.672541
54429671,데이터분석가/AI엔지니어,-0.5126545,-1.4931446,-0.30402607,6.464222,3.6158106
54379387,데이터분석가/AI엔지니어,0.16893317,0.21479139,0.095373616,1.3972027,-0.34249356
54378659,데이터분석가/AI엔지니어,0.14069892,-1.4706173,-0.38582295,7.362595,4.6029577
54347895,데이터분석가/AI엔지니어,-0.7553986,0.79286075,0.26843745,5.6496825,-1.1262717
54334127,데이터분석가/AI엔지니어,-0.32763478,-0.040155347,0.21997406,2.4825091,-0.46243703
54428531,데이터분석가/AI엔지니어,-0.8719127,0.3628286,-0.24968514,3.7964041,-1.0981786
54428424,데이터분석가/AI엔지니어,-0.52353185,-1.1884645,-0.20571557,6.370935,3.8383124
54428161,데이터분석가/AI엔지니어,0.73311037,0.4455479,0.1703812,-1.7304688,-0.28296188
54402712,데이터분석가/AI엔지니어,-0.13469896,-1.094165,0.094529904,4.561539,2.598907
54402709,데이터분석가/AI엔지니어,-0.35625353,0.22096333,0.1696994,2.139692,1.3829981
53996740,데이터분석가/AI엔지니어,-0.32821736,-0.053154737,0.07168801,2.630944,-0.11910322
54391405,데이터분석가/AI엔지니어,1.3743614,-0.72490084,0.064872034,-3.9539273,-0.029324556
54427501,데이터분석가/AI엔지니어,-0.5110091,0.95392156,-1.5477042,1.3900174,-2.7661602
54292585,데이터분석가/AI엔지니어,-0.2101082,0.24224533,-0.12413246,1.4671954,1.4561166
54427063,데이터분석가/AI엔지니어,-0.051495098,0.6971381,-1.0796193,1.4792962,-2.6888146
54416039,데이터분석가/AI엔지니어,0.4194045,-1.3885767,-0.44967398,6.91081,4.9456596
54402500,데이터분석가/AI엔지니어,-0.10609673,-1.0574412,-0.31997466,5.9143515,3.1833427
54409849,데이터분석가/AI엔지니어,-0.41960248,-0.8179175,0.012404262,4.7229614,2.32582
54334048,데이터분석가/AI엔지니어,1.4424479,0.4591478,0.103550166,-2.7270796,-0.80194604
54423224,데이터분석가/AI엔지니어,-0.4547292,0.8304293,0.10136788,6.2127786,-1.3976879
54422484,데이터분석가/AI엔지니어,0.24944109,0.1423502,0.21355811,-0.6528,0.36306295
54422369,데이터분석가/AI엔지니어,-0.0169806,-0.7206267,-0.54327726,4.9128494,2.6301482
54124560,데이터분석가/AI엔지니어,-0.7039719,-1.131642,-0.07452983,5.8357654,3.292183
54322135,데이터분석가/AI엔지니어,0.2307352,0.089700244,0.63916624,1.0115751,0.90505916
54422190,데이터분석가/AI엔지니어,0.120377146,-1.2827597,-0.33278486,7.133493,4.5568056
54422169,데이터분석가/AI엔지니어,0.35946712,0.28335512,0.32142946,-0.12269348,0.19174747
54420761,데이터분석가/AI엔지니어,0.74483,0.33462957,0.20194311,-2.0229278,-0.95938945
54420200,데이터분석가/AI엔지니어,-0.80554414,-0.41044378,0.6392705,4.951836,0.670004
54405624,데이터분석가/AI엔지니어,-0.67541546,0.524155,-0.6279972,3.151765,-1.7387445
54405672,데이터분석가/AI엔지니어,-1.0074329,0.6855034,-0.19783026,5.139281,-0.8774987
54419826,데이터분석가/AI엔지니어,0.29653427,0.128196,0.4389621,-1.3050394,-1.3906375
54191098,데이터분석가/AI엔지니어,0.49062446,0.16930428,0.14344722,-1.7574216,-1.2780944
54137017,데이터분석가/AI엔지니어,0.3353188,-0.1969423,0.36839226,2.6669402,1.7911966
54364204,데이터분석가/AI엔지니어,-0.8067155,-0.23414019,-0.42496362,5.850565,2.7912571
54418877,데이터분석가/AI엔지니어,-0.57242495,-0.11302195,0.2755355,2.7656114,-0.12094673
54418662,데이터분석가/AI엔지니어,-1.0620928,0.6216924,0.4821157,6.2232604,-1.6374198
54418467,데이터분석가/AI엔지니어,-0.8251261,-0.39753595,0.5375676,4.988392,0.5355953
54418380,데이터분석가/AI엔지니어,0.07977303,0.1552459,0.27127892,2.4391112,0.49000147
54418293,데이터분석가/AI엔지니어,0.13225481,-1.2108109,-0.27813908,6.9641786,4.353282
54417777,데이터분석가/AI엔지니어,0.21976839,-1.0973814,-0.096414894,7.2738333,4.6174746
54417130,데이터분석가/AI엔지니어,-0.96732056,0.61491925,-0.06904217,5.647587,-1.3977597
54416961,데이터분석가/AI엔지니어,-0.0088942675,0.6470285,-0.9216451,2.0988379,-1.5072367
54416717,데이터분석가/AI엔지니어,-1.2096143,1.2236731,-0.15951525,5.8220506,-1.7624366
54416547,데이터분석가/AI엔지니어,-0.40541396,-1.5267117,-0.16751388,6.613812,4.126247
54416378,데이터분석가/AI엔지니어,-0.09233401,-1.4931397,0.10927525,3.9291492,2.8476365
54416375,데이터분석가/AI엔지니어,-0.5687489,0.634681,-1.1381277,2.486977,-1.2860224
54410624,데이터분석가/AI엔지니어,-1.2263798,0.57314825,0.2594007,5.4857836,-1.1819726
54415557,데이터분석가/AI엔지니어,-0.58109385,0.23383811,-0.5152905,3.0057497,-1.1577095
54415333,데이터분석가/AI엔지니어,-0.46060982,1.1217971,-1.5479555,1.0936378,-2.7515373
54119785,데이터분석가/AI엔지니어,0.4343274,0.6210306,-1.1015126,1.3139307,1.5620954
54132493,데이터분석가/AI엔지니어,-0.8468219,-0.47802964,-0.615539,5.757822,2.8854258
54414638,데이터분석가/AI엔지니어,0.24997346,-0.16578533,0.092621386,-0.295332,0.5995546
54224645,데이터분석가/AI엔지니어,-0.52206427,0.32930917,-0.56478,2.9304872,-1.3448083
54224594,데이터분석가/AI엔지니어,-0.4925461,0.28380668,-0.12974557,2.685537,-0.772648
54414524,데이터분석가/AI엔지니어,0.4034195,-1.6412922,-0.31938925,7.2973623,4.8503323
54414499,데이터분석가/AI엔지니어,-0.30602813,-1.6282119,0.124414116,3.9335895,2.788618
54392094,데이터분석가/AI엔지니어,0.1057173,-0.9015691,-0.34557167,6.975442,4.31838
54390732,데이터분석가/AI엔지니어,0.08110783,0.3815329,0.103840426,-0.94126725,0.4279834
54410088,데이터분석가/AI엔지니어,-1.1562527,-0.3717603,0.6995623,4.9455104,0.60775906
54359357,데이터분석가/AI엔지니어,-1.1197804,-0.005177802,-0.112540215,4.8920636,-0.5748182
54409742,데이터분석가/AI엔지니어,-0.76615125,0.32460788,-0.53755957,3.2591393,-1.5252129
54409733,데이터분석가/AI엔지니어,-1.0755937,0.6559348,0.14172201,5.6719966,-1.3932136
54409505,데이터분석가/AI엔지니어,-0.569565,-0.059782695,-0.14219353,2.8041558,-0.6557433
54408784,데이터분석가/AI엔지니어,-1.2703881,0.52754897,-0.83541423,4.229042,-1.2155403
54408742,데이터분석가/AI엔지니어,-0.9369718,0.545711,0.44540405,6.1821647,-1.7023095
54408243,데이터분석가/AI엔지니어,-0.23722813,-1.8559518,0.07419156,3.7717087,2.6625903
54105931,데이터분석가/AI엔지니어,-0.29649425,-0.0603172,0.064776696,2.648099,-0.011221632
54407879,데이터분석가/AI엔지니어,0.21510844,-1.2165918,-0.30680883,6.4793215,4.520349
54337981,데이터분석가/AI엔지니어,0.48345724,-0.32890213,0.09284482,-1.1545924,-0.015708964
54407321,데이터분석가/AI엔지니어,0.5061328,0.3294622,0.041489236,-1.8760232,-0.31696165
54407287,데이터분석가/AI엔지니어,0.8890665,0.17355204,-0.013205685,-2.3984778,-0.26259765
54227481,데이터분석가/AI엔지니어,-0.3793075,0.703186,0.5184349,6.3020983,-1.1842936
54227425,데이터분석가/AI엔지니어,0.25288802,0.44382173,-0.6593383,0.13663934,-2.0215962
54405876,데이터분석가/AI엔지니어,-0.19563869,0.48806065,1.0020462,7.0954046,-0.97493976
54405704,데이터분석가/AI엔지니어,0.16771792,0.17662454,-0.46852505,0.5733045,-1.2171082
54405408,데이터분석가/AI엔지니어,-0.39854503,0.22123908,-0.52409256,2.5715199,-1.1297476
54405387,데이터분석가/AI엔지니어,-0.60712296,-0.17165202,0.30435398,2.8038602,-0.098425806
54405280,데이터분석가/AI엔지니어,-0.9886198,-0.59387004,0.43016726,4.80438,1.1689403
54404503,데이터분석가/AI엔지니어,0.65734637,0.22291735,0.20152909,-1.852691,-1.1308271
54404358,데이터분석가/AI엔지니어,0.32861584,0.065289214,0.19661634,-0.17909595,-0.17396885
54404179,데이터분석가/AI엔지니어,1.0095026,0.29826444,0.13239546,-2.2001185,-0.52446157
54404131,데이터분석가/AI엔지니어,-0.6690995,0.7308259,-0.11196938,5.767662,-1.3775607
54235616,데이터분석가/AI엔지니어,1.0416641,0.36651397,0.31426197,-2.7354574,-0.81477857
54360040,데이터분석가/AI엔지니어,-0.64401454,0.4431823,1.0862343,6.7096653,-0.86765945
53843251,데이터분석가/AI엔지니어,0.010255624,-0.25206816,-0.38269353,3.059047,-0.00021348393
54402365,데이터분석가/AI엔지니어,0.023506738,0.23155852,-0.44666275,1.540531,-0.5566135
54402363,데이터분석가/AI엔지니어,-0.3204975,-0.78346664,-0.3353887,6.292587,3.444436
54402361,데이터분석가/AI엔지니어,0.30498397,0.32023993,-0.33138466,1.1901374,1.597105
54398229,데이터분석가/AI엔지니어,0.7790146,0.335545,-0.1580863,-0.9748646,-1.1696999
54382406,데이터분석가/AI엔지니어,0.44408596,-0.049081516,0.15152879,-1.371304,-1.6234257
54396752,데이터분석가/AI엔지니어,-1.0622953,0.07265942,0.013942333,4.699225,-0.596997
54396738,데이터분석가/AI엔지니어,-0.47883758,0.48786515,1.125816,7.0438976,-1.1018875
54396680,데이터분석가/AI엔지니어,-0.033048674,0.10104617,-0.369358,2.8115165,-1.3005792
54396597,데이터분석가/AI엔지니어,-0.6871697,-0.650719,0.8041277,5.143739,0.6976351
54396206,데이터분석가/AI엔지니어,0.73223394,0.35362926,0.16026273,-1.9027582,-1.3861358
54395698,데이터분석가/AI엔지니어,-0.41884324,-1.1721015,0.09986009,3.8198912,2.3629882
54336762,데이터분석가/AI엔지니어,0.40436962,0.015836103,0.5504259,2.4551926,1.6231586
54394521,데이터분석가/AI엔지니어,0.23484313,0.4233768,0.24766216,-0.4374915,0.4492793
54394377,데이터분석가/AI엔지니어,0.6372644,0.13340965,-0.0075387517,-1.2957714,-1.3412408
54334136,데이터분석가/AI엔지니어,-0.12099471,0.0025592423,0.15641204,2.3698823,-0.44041216
54393163,데이터분석가/AI엔지니어,-0.41996378,0.2758718,0.64389205,6.39692,-0.89039737
54219775,데이터분석가/AI엔지니어,1.1519848,0.25234511,0.29383752,-2.4121032,-1.0358613
54294804,데이터분석가/AI엔지니어,0.31115142,-1.381716,-0.49171123,7.332091,4.825713
54346775,데이터분석가/AI엔지니어,0.03385074,0.6097721,-0.99883294,1.1124959,-2.4398773
54389643,데이터분석가/AI엔지니어,-0.11730424,-0.91693854,-0.051845632,6.27979,3.7669392
54389539,데이터분석가/AI엔지니어,-0.22618791,0.8277951,-1.2765821,1.4099054,-2.776181
54389264,데이터분석가/AI엔지니어,-0.6418566,-0.60631806,0.008359717,4.9205027,1.9713908
54339058,데이터분석가/AI엔지니어,0.35177353,0.74720865,-1.1031686,0.8573877,-2.41548
54339156,데이터분석가/AI엔지니어,0.667066,0.31979325,-0.062907346,-1.5262684,-1.6769803
54385217,데이터분석가/AI엔지니어,-0.46450907,-1.3683707,-0.5095758,6.732786,3.872417
54385214,데이터분석가/AI엔지니어,-0.591716,-1.3367667,-0.17436744,6.3146763,3.524068
54109454,데이터분석가/AI엔지니어,1.2117586,0.26677328,0.07351636,-2.657758,-0.11811807
54384574,데이터분석가/AI엔지니어,0.6490774,0.30339578,0.13310555,-1.1361885,-0.4084686
54363501,데이터분석가/AI엔지니어,-0.32301384,-0.4760748,0.6344283,5.820769,-0.2315137
54313027,데이터분석가/AI엔지니어,1.6940233,0.14006224,0.2667671,-3.599479,-0.17336313
54383766,데이터분석가/AI엔지니어,-1.0470636,0.1242303,-0.007920066,5.1806307,-0.8031053
54015137,데이터분석가/AI엔지니어,-0.8611303,0.53267676,0.5572167,6.137866,-0.95331144
54382686,데이터분석가/AI엔지니어,-0.027302044,-0.770588,-0.9160176,6.8187475,2.5320475
54382217,데이터분석가/AI엔지니어,-1.0143769,-0.13254769,0.5874553,5.990077,0.18529305
54382197,데이터분석가/AI엔지니어,-0.24818395,-1.4982696,-0.33559993,7.1114473,4.206898
54381952,데이터분석가/AI엔지니어,-0.05730627,-0.84365594,-0.566788,4.891642,2.5920286
54381309,데이터분석가/AI엔지니어,0.06813251,0.27934605,0.37748078,-0.018422158,0.15111963
54381066,데이터분석가/AI엔지니어,0.7322316,0.2052569,0.21868694,-2.2857125,-0.39192748
54380791,데이터분석가/AI엔지니어,-0.28878653,-0.98159254,0.369874,3.8628483,2.1723244
54380789,데이터분석가/AI엔지니어,-0.62167954,-0.050838426,0.8288701,6.2060976,0.19432111
54134392,데이터분석가/AI엔지니어,0.12113353,-1.4426551,-0.37695986,6.7717376,4.1065083
54379829,데이터분석가/AI엔지니어,-0.09152349,0.04700213,0.14507714,2.422041,0.20584801
54377473,데이터분석가/AI엔지니어,0.09830811,-0.26592195,0.13343051,2.4305437,-0.4347681
54377003,데이터분석가/AI엔지니어,-0.8223118,0.16672607,0.6366152,5.227645,0.022920297
54107557,데이터분석가/AI엔지니어,-0.8579643,0.5138014,-1.1210855,2.6560504,-1.1870589
54376471,데이터분석가/AI엔지니어,-0.46987352,-1.1987257,-0.18919592,6.34956,3.4812696
54375960,데이터분석가/AI엔지니어,-0.40443933,-0.20163025,-0.055116307,5.709907,0.14952628
54374990,데이터분석가/AI엔지니어,0.7947787,0.13119046,0.06486379,-1.2369758,-1.8635155
53940453,데이터분석가/AI엔지니어,-0.44213054,-0.99019134,0.20483123,6.538548,3.4395175
54364990,데이터분석가/AI엔지니어,-1.2780998,0.34224465,0.37689847,5.0850215,-0.7651009
54373875,데이터분석가/AI엔지니어,-0.47557098,0.14226137,-0.31397614,2.7294762,-0.61013824
54373627,데이터분석가/AI엔지니어,-0.32915384,0.53155565,-0.8101835,2.3421404,-2.0807426
54373149,데이터분석가/AI엔지니어,0.24921516,0.25011188,0.031888485,-0.74287224,-1.6112972
54303006,데이터분석가/AI엔지니어,-0.51716363,0.42903358,-0.37107742,2.976555,-1.7352707
54295477,데이터분석가/AI엔지니어,0.31462467,0.06446729,0.3224641,0.16861089,0.33286017
54334701,데이터분석가/AI엔지니어,-0.40227744,0.23446819,-0.3358678,2.8968246,-1.1679921
54371494,데이터분석가/AI엔지니어,-0.31939813,0.111752436,0.4166354,1.4012405,0.27421352
54370856,데이터분석가/AI엔지니어,-0.31702757,0.27357373,-0.9762185,2.772546,-1.3983039
54370837,데이터분석가/AI엔지니어,0.4980196,-1.5590581,-0.62497085,7.247372,4.9179735
54368749,데이터분석가/AI엔지니어,-0.34697992,-0.79575837,-0.154376,6.357078,3.3443246
54368391,데이터분석가/AI엔지니어,0.71266025,0.21484569,-0.04300715,1.3176659,-0.47596294
54367475,데이터분석가/AI엔지니어,0.9881514,0.4523939,0.12838759,-2.3138514,-0.05755617
54366897,데이터분석가/AI엔지니어,-0.7514205,0.9233016,-0.26994804,5.722935,-1.4565709
54053642,데이터분석가/AI엔지니어,-0.6082199,0.7493429,-1.023197,3.0582137,-1.915154
54223892,데이터분석가/AI엔지니어,-1.2140946,0.74540323,-0.8827568,4.1085,-1.2533371
54366131,데이터분석가/AI엔지니어,-0.30262077,-0.53444535,-0.41148826,6.253145,2.814544
54365920,데이터분석가/AI엔지니어,-1.2286477,0.06660021,0.49523935,5.232543,-0.3488345
54365681,데이터분석가/AI엔지니어,1.069938,0.26936468,0.26692745,-2.3413126,-0.027332816
54350999,데이터분석가/AI엔지니어,0.06961948,-1.3019637,0.19980691,3.9606953,2.808433
54340505,데이터분석가/AI엔지니어,1.8071986,0.13079081,0.17265801,-3.831809,-0.09780227
54353856,데이터분석가/AI엔지니어,0.30080512,0.53210443,-0.19883893,-0.44368267,-0.6940448
54363050,데이터분석가/AI엔지니어,0.8026756,0.31894627,-0.11547141,-2.0494914,-1.7363847
54362884,데이터분석가/AI엔지니어,0.07026469,-1.3448805,-0.06925783,6.4926186,4.5320435
54362723,데이터분석가/AI엔지니어,-0.3048057,0.28084204,-0.59268236,2.584857,-1.7441453
54360977,데이터분석가/AI엔지니어,-0.6757981,-0.105059,0.2541453,5.824917,-0.06377824
54360854,데이터분석가/AI엔지니어,-0.004373836,0.48069894,-0.42505056,1.815927,-2.0264034
54360648,데이터분석가/AI엔지니어,0.25233606,0.20349362,-0.37123024,-0.47091696,-1.1080943
54360188,데이터분석가/AI엔지니어,-1.0042257,0.92358744,0.046578024,5.833958,-1.8285408
54360016,데이터분석가/AI엔지니어,-0.63068557,0.15869185,0.5931906,5.175029,0.16698456
54359832,데이터분석가/AI엔지니어,-0.7476073,-0.09522129,0.08885903,5.760223,0.0393715
54358809,데이터분석가/AI엔지니어,0.21598195,-1.2851822,-0.5877609,7.323579,4.667859
54358630,데이터분석가/AI엔지니어,0.42737678,0.5420787,-0.12545754,1.1989574,1.5746549
54050544,데이터분석가/AI엔지니어,-0.36148733,0.34150347,-0.42768335,2.9831018,-1.4092778
54355049,데이터분석가/AI엔지니어,-1.1749648,0.3643255,0.58963364,5.142297,-0.049087167
53862947,데이터분석가/AI엔지니어,-0.4307849,0.518459,-0.6176805,2.1047177,-1.7338753
53911901,데이터분석가/AI엔지니어,-0.6736018,0.7707036,-0.3655935,5.6058626,-1.5057224
54313072,데이터분석가/AI엔지니어,0.15140432,0.08451082,0.19298531,2.516645,0.48174205
54353327,데이터분석가/AI엔지니어,0.2756558,-1.3713665,-0.35550153,7.2730327,4.8985515
54325873,데이터분석가/AI엔지니어,0.3577209,-0.45177072,-0.15916231,1.5342997,-0.1112132
54352126,데이터분석가/AI엔지니어,-0.5590505,-0.7557878,0.12888744,3.8034794,2.029439
54351632,데이터분석가/AI엔지니어,-0.7215222,0.4405587,-0.9618254,3.1106758,-1.8320924
54351328,데이터분석가/AI엔지니어,-0.4897215,-0.24992922,-1.1565586,6.71051,2.4605558
54059094,데이터분석가/AI엔지니어,0.87319076,0.37504563,0.23361203,-0.70109427,0.58368564
54351247,데이터분석가/AI엔지니어,-0.9414725,-0.93332076,-0.4196468,5.800385,3.0386398
54351142,데이터분석가/AI엔지니어,-0.8943121,-0.9880196,-0.47843757,5.864314,3.0542943
54350904,데이터분석가/AI엔지니어,0.07076435,0.20768385,0.23818474,-0.024250127,0.1814854
54350685,데이터분석가/AI엔지니어,-0.7705146,0.4127466,0.6926901,6.3048167,-0.286135
54350517,데이터분석가/AI엔지니어,-0.70632434,0.53357077,-0.70873827,3.6765726,-1.6280938
54350326,데이터분석가/AI엔지니어,0.41260302,0.3385876,0.5135663,-0.33499265,0.40663755
54350241,데이터분석가/AI엔지니어,-0.6266122,-0.38805422,0.837823,5.9199815,0.51764077
54350141,데이터분석가/AI엔지니어,-0.5139938,0.24815422,-0.3732734,2.7839022,-0.9944399
54349796,데이터분석가/AI엔지니어,-0.9551047,0.17193112,0.84306675,5.440863,-0.08310124
54348435,데이터분석가/AI엔지니어,-0.09633488,0.4700552,-0.8365633,2.1445267,-1.3487923
54348204,데이터분석가/AI엔지니어,-0.8112556,0.4233876,0.0775591,5.0385337,-0.22807558
53990824,데이터분석가/AI엔지니어,-0.7907819,-0.08193193,0.13794973,5.684189,-0.20666565
54347625,데이터분석가/AI엔지니어,-0.28251746,0.67714906,-0.6516284,2.0828469,-1.8981158
54347596,데이터분석가/AI엔지니어,-1.2024482,-0.026554732,0.17501003,4.982386,-0.3636355
54347577,데이터분석가/AI엔지니어,-0.61544293,0.20309074,0.39370045,5.8523455,-0.7416951
54347566,데이터분석가/AI엔지니어,-0.756644,0.20989664,1.1713977,5.744352,-0.28501406
54347383,데이터분석가/AI엔지니어,0.0038699838,-1.5971578,-0.24474165,6.9650655,4.162696
54347242,데이터분석가/AI엔지니어,-0.46502444,-0.023807501,0.22942069,2.673427,0.3521079
54346904,데이터분석가/AI엔지니어,0.4137989,0.25714794,0.19814609,-0.29967633,-0.16750617
54340864,데이터분석가/AI엔지니어,0.5997256,0.280378,-0.05196004,-1.808849,-0.039090436
54340645,데이터분석가/AI엔지니어,-0.22213966,-0.17104657,0.46203884,1.4853303,0.60050124
54340633,데이터분석가/AI엔지니어,-0.20592889,0.39089012,-0.86909586,2.303487,-1.3654915
54340157,데이터분석가/AI엔지니어,-0.84802127,-0.0883631,0.71129286,5.7972713,0.19389711
54339604,데이터분석가/AI엔지니어,0.34300262,0.15766826,-0.04663967,-0.7335663,-0.6389791
54339212,데이터분석가/AI엔지니어,-0.011743474,-1.059874,-0.46238407,7.3108854,4.483137
54338183,데이터분석가/AI엔지니어,0.15630262,0.011023891,0.37022305,1.5209925,-0.062096745
54337785,데이터분석가/AI엔지니어,-1.0542996,-0.37673035,-0.4432136,5.558373,2.1434655
54336649,데이터분석가/AI엔지니어,-0.5852997,0.69669116,-0.5330203,2.5555828,-1.7864641
54336385,데이터분석가/AI엔지니어,0.5027704,0.038293745,-0.07356995,-0.8297585,-0.70087355
54336049,데이터분석가/AI엔지니어,0.31935555,0.3471715,-0.3546228,-1.1354496,-0.59957534
54324966,데이터분석가/AI엔지니어,-0.91037273,0.34454095,0.7145606,6.282699,-0.99568504
54335721,데이터분석가/AI엔지니어,0.16851251,0.49647036,-0.57041895,0.7980847,-1.8557378
54323951,데이터분석가/AI엔지니어,-0.03584104,-0.1251794,-0.2967152,1.6434553,-0.24493118
54091740,데이터분석가/AI엔지니어,-1.2264137,0.57803965,-0.22826466,4.47636,-0.94837356
54331842,데이터분석가/AI엔지니어,-0.55273825,-0.007922638,0.9070166,6.3598413,0.17266975
54307629,데이터분석가/AI엔지니어,0.5591338,-0.06324508,0.16366601,-1.2326627,-1.7138178
54331695,데이터분석가/AI엔지니어,0.7102029,0.09905192,-0.19639198,-1.9984472,-1.8214858
54331503,데이터분석가/AI엔지니어,0.30060768,0.53679043,-1.054578,0.9458558,-2.324266
52952592,데이터분석가/AI엔지니어,0.49151066,-0.23171416,0.100678146,-1.2052876,-1.6951914
54331134,데이터분석가/AI엔지니어,0.009464415,0.5449696,-0.40450403,1.9456831,-2.0390162
54252471,데이터분석가/AI엔지니어,0.15266536,0.2538003,-0.1268338,1.4970909,-0.41184077
54304353,데이터분석가/AI엔지니어,-0.91217065,0.11345376,0.64335716,5.3565817,-0.09654219
54305605,데이터분석가/AI엔지니어,-0.016942697,-1.1131485,-0.048381,6.315886,4.0182815
53901733,데이터분석가/AI엔지니어,-0.3492968,0.49067295,1.2114158,7.1355906,-1.0262169
54325752,데이터분석가/AI엔지니어,-1.0226086,-0.22538063,0.09574095,5.203458,0.113842346
54325621,데이터분석가/AI엔지니어,0.57644564,0.23515081,0.14548017,-0.22969557,-0.4230269
54325110,데이터분석가/AI엔지니어,0.3481772,-1.1232184,-0.34137142,7.1905355,4.779758
54324656,데이터분석가/AI엔지니어,-0.8474767,0.24035388,0.4172553,6.309149,-1.0544912
54324446,데이터분석가/AI엔지니어,0.78399163,0.21778154,0.24450733,-2.1387343,0.020020552
54324324,데이터분석가/AI엔지니어,-0.17182645,0.6113899,-0.6240694,1.977516,-2.0476727
54324009,데이터분석가/AI엔지니어,0.8183888,-0.9366262,-0.32344347,6.8382187,5.042249
54323422,데이터분석가/AI엔지니어,-0.92052853,0.9385304,0.09431971,5.9278564,-1.8015115
54323227,데이터분석가/AI엔지니어,-0.32400197,-1.2554892,-0.13184163,6.571239,3.96519
54323103,데이터분석가/AI엔지니어,-0.31545687,-1.3319994,-0.30974987,6.714077,4.0490947
54321072,데이터분석가/AI엔지니어,-1.0156919,-1.0794748,-0.6185293,5.932132,3.0306413
54321021,데이터분석가/AI엔지니어,-0.08680395,-1.2441219,0.09586661,3.9458778,2.8074787
54010693,데이터분석가/AI엔지니어,0.6805703,0.29015172,0.16058289,-1.1143011,-0.47311914
54310333,데이터분석가/AI엔지니어,-0.14939418,0.15910473,0.2086856,1.4263909,-0.041854158
54318410,데이터분석가/AI엔지니어,-0.47533754,0.17619388,-0.34669954,2.9198465,-0.8251703
54318327,데이터분석가/AI엔지니어,-0.75977075,-0.19728947,0.045221727,4.671417,1.8211482
53927276,데이터분석가/AI엔지니어,0.3577114,0.16728558,0.21368265,-0.7942686,-0.6342564
53927277,데이터분석가/AI엔지니어,-0.5975699,0.37639683,-1.0824317,3.1149259,-1.8538876
53587684,데이터분석가/AI엔지니어,0.5967879,0.42802653,0.030139234,-2.0111456,-0.7872553
54248566,데이터분석가/AI엔지니어,0.05431126,-0.07030589,0.11321204,2.4216359,0.485087
54314846,데이터분석가/AI엔지니어,0.50251114,-0.39231727,0.68353325,2.6800108,1.8715037
54314825,데이터분석가/AI엔지니어,-0.6449621,0.5206307,-1.4648538,1.494749,-2.968605
54314110,데이터분석가/AI엔지니어,-0.55515844,0.24290158,-0.10800022,2.3867698,-0.5043122
54172838,데이터분석가/AI엔지니어,-0.80300784,0.3782669,0.3729505,5.4920225,-1.1404519
54313375,데이터분석가/AI엔지니어,0.54435354,0.46036565,0.024314865,-0.8734225,0.2679196
54312799,데이터분석가/AI엔지니어,0.61769706,0.20298094,0.22061293,-2.0107012,-0.052291624
54312031,데이터분석가/AI엔지니어,0.35962766,-0.17760397,0.49048936,2.5936394,1.727569
54311950,데이터분석가/AI엔지니어,0.36951178,-1.0499681,-0.48207042,4.924397,2.6617527
54311929,데이터분석가/AI엔지니어,-0.45348942,-0.19829108,0.6527844,5.886303,0.19917767
54311899,데이터분석가/AI엔지니어,-0.1406557,-1.1078367,0.28878668,3.9194882,2.7724924
54226544,데이터분석가/AI엔지니어,-0.19096409,0.580278,-0.22839676,1.8156042,-1.3563777
54311153,데이터분석가/AI엔지니어,0.43990928,0.23315048,0.10498448,-0.49895334,-0.53844565
54283323,데이터분석가/AI엔지니어,0.05180856,-1.1823393,-0.13663904,6.471409,4.504468
54310158,데이터분석가/AI엔지니어,0.9192739,0.36477825,0.17656738,-2.0407326,-0.18078683
54001288,데이터분석가/AI엔지니어,-0.61941725,-0.8733984,-0.71235496,5.8602004,3.0769076
54307185,데이터분석가/AI엔지니어,0.4000986,-1.1980368,-0.3969312,7.210809,4.733106
54280988,데이터분석가/AI엔지니어,-1.0669658,-0.9375201,-0.5685729,5.4626756,2.327147
54306232,데이터분석가/AI엔지니어,0.25743204,-1.238187,-0.4072527,7.3254576,4.716774
54306203,데이터분석가/AI엔지니어,-1.0374813,0.5928036,0.76563025,6.3981504,-0.6405547
53988716,데이터분석가/AI엔지니어,0.68861586,0.25504753,-0.07915037,1.2897687,-0.4888721
54304312,데이터분석가/AI엔지니어,0.6102634,0.20465067,-0.14163128,1.3648353,-0.46371254
54304208,데이터분석가/AI엔지니어,-0.019884523,0.7271087,1.1850033,7.124018,-1.0710819
54301288,데이터분석가/AI엔지니어,-0.8054664,0.10836972,-0.25230557,3.079975,-0.018842725
54303913,데이터분석가/AI엔지니어,-0.2712088,-1.302953,0.024408747,3.9895313,2.7138786
53927809,데이터분석가/AI엔지니어,-0.07478627,-1.3131825,-0.28342715,6.272956,4.1372232
53927752,데이터분석가/AI엔지니어,-0.41602316,-1.2109622,-0.11337008,6.278219,3.965839
54303557,데이터분석가/AI엔지니어,-1.0292218,0.5799751,0.93919206,6.3378797,-0.41520265
54302487,데이터분석가/AI엔지니어,0.0010406653,-0.71328104,-1.3173633,6.82482,2.4764755
54149474,데이터분석가/AI엔지니어,1.7470051,-1.5750725,-0.16307713,-4.3241434,0.18216152
54295235,데이터분석가/AI엔지니어,0.57711565,-0.8857421,-0.2445958,7.1915836,4.667934
54294711,데이터분석가/AI엔지니어,-0.46294206,0.054614082,0.098972954,3.3513157,-0.2472924
54294597,데이터분석가/AI엔지니어,-0.6970867,-0.37102517,-0.107726045,5.7763,2.9241521
54292465,데이터분석가/AI엔지니어,1.384092,0.1797656,0.12595244,-2.9776115,-0.6452527
54290790,데이터분석가/AI엔지니어,-0.81004375,0.57200164,-0.38632324,4.3069024,-1.0820173
54290533,데이터분석가/AI엔지니어,0.8510047,0.13054174,0.22433579,-2.1350904,-0.8501967
53989378,데이터분석가/AI엔지니어,-0.26696587,-1.7349274,-0.31035426,6.8777213,4.0478125
54290379,데이터분석가/AI엔지니어,-0.91608447,0.49304157,0.5794467,5.971906,-1.1641799
54289978,데이터분석가/AI엔지니어,-0.115283586,0.8313995,-1.203175,1.2857939,-2.8071127
54289828,데이터분석가/AI엔지니어,-0.32223856,0.3151909,0.11348801,1.7934971,-0.07554616
54289752,데이터분석가/AI엔지니어,-0.9597504,-0.36530203,-0.3282574,5.7977624,2.4168963
54289468,데이터분석가/AI엔지니어,0.37042126,0.40003836,-0.5839315,0.5072678,-1.9936376
54288705,데이터분석가/AI엔지니어,-0.9107215,0.24160095,0.64821815,5.1976414,0.12978543
53981378,데이터분석가/AI엔지니어,0.98995733,0.1422653,0.105367534,-2.6219153,-0.8099022
54283862,데이터분석가/AI엔지니어,-1.1986159,0.6372237,0.35249388,5.350398,-1.0064912
54283500,데이터분석가/AI엔지니어,-0.51281863,0.7319975,-0.9360057,3.2200463,-1.9142512
54282279,데이터분석가/AI엔지니어,-0.60090905,0.39342725,-0.33140123,3.1776454,-1.7147623
54075739,데이터분석가/AI엔지니어,0.5544068,0.1309949,0.07751495,-1.9764688,-1.415665
54281476,데이터분석가/AI엔지니어,0.50872505,0.0961034,0.14193468,-1.1307214,-1.6300125
53942987,데이터분석가/AI엔지니어,0.60943776,0.26481348,0.14680202,-1.0455898,-0.4424847
54279026,데이터분석가/AI엔지니어,-0.940392,-0.35226366,-0.2671006,5.7764306,2.4501576
54278424,데이터분석가/AI엔지니어,-0.39261574,-1.061903,-0.07971541,6.3630276,3.4597013
54273491,데이터분석가/AI엔지니어,-0.101311944,-0.58879316,0.6365832,3.4302843,2.1869314
54273333,데이터분석가/AI엔지니어,0.236082,-1.0695232,-0.35650438,6.5365663,4.53582
54272264,데이터분석가/AI엔지니어,2.5063374,-1.8529688,-0.42105657,-4.409758,0.19867739
54226494,데이터분석가/AI엔지니어,0.058083504,0.32766125,0.42215547,0.60389465,0.2970719
54176896,데이터분석가/AI엔지니어,0.27411103,-1.185223,-0.2683106,6.4148254,4.762664
54158776,데이터분석가/AI엔지니어,-0.39620838,0.28691533,-0.5204291,2.7053876,-1.3386697
54255019,데이터분석가/AI엔지니어,-0.73254305,0.49128494,1.5811292,6.684636,-0.75282043
54116995,데이터분석가/AI엔지니어,-0.54548144,-0.066746786,0.32541093,2.7100837,0.50760937
54236353,데이터분석가/AI엔지니어,-0.6066339,0.40325978,1.1387522,7.017672,-0.73156554
54267055,데이터분석가/AI엔지니어,-0.4570557,0.03058914,0.13573432,2.871279,0.12618352
54236950,데이터분석가/AI엔지니어,0.18369475,-0.78501666,-0.23001133,6.739617,4.4554315
54260910,데이터분석가/AI엔지니어,0.5866851,0.04681531,0.2575275,-1.3636228,-1.1767108
54260753,데이터분석가/AI엔지니어,0.71912265,0.57004905,-0.75113845,-0.19539961,-1.7011718
54260555,데이터분석가/AI엔지니어,0.8881055,0.61550945,-0.48330608,-0.28590095,-1.6780419
54260416,데이터분석가/AI엔지니어,-0.3036917,-0.13572888,-0.15859401,2.693598,-0.16784568
54260259,데이터분석가/AI엔지니어,-0.29288596,0.9042928,-1.9367698,1.1353208,-2.7742538
54180182,데이터분석가/AI엔지니어,0.057061493,0.51930183,1.0461203,7.138771,-1.0180682
54259637,데이터분석가/AI엔지니어,-0.47815433,0.61468124,-0.37074128,2.5320868,-1.8055916
54257480,데이터분석가/AI엔지니어,-0.64218825,-0.52488005,0.1311733,5.463249,3.0936594
54257137,데이터분석가/AI엔지니어,-0.17696418,-1.5321324,-0.35220432,6.7726474,4.128077
54256954,데이터분석가/AI엔지니어,-0.6494045,-0.82090586,-0.8323702,6.0164666,2.650449
54256768,데이터분석가/AI엔지니어,-0.43588638,-0.35691875,-0.7465498,6.380878,2.5166407
54256670,데이터분석가/AI엔지니어,0.46464184,0.40393633,-0.39742193,-1.9242558,-0.21455249
54255470,데이터분석가/AI엔지니어,-0.4624712,-0.7171229,-0.7300319,6.100733,2.8557968
54255423,데이터분석가/AI엔지니어,-1.1762303,0.38574985,-0.05280091,4.679008,-0.7618088
54255246,데이터분석가/AI엔지니어,0.77192116,0.2841556,0.13669392,-1.3130456,-0.69322306
54254179,데이터분석가/AI엔지니어,0.16241854,-0.9021334,-0.50828344,4.9203467,2.6400752
54254162,데이터분석가/AI엔지니어,-0.460361,-0.41652668,0.34183282,4.725206,2.1350818
54249117,데이터분석가/AI엔지니어,-0.46896985,0.6519332,-0.32391697,3.8143404,-1.6937404
53912365,데이터분석가/AI엔지니어,-0.48239377,0.019986805,0.43022385,2.861945,1.2228125
54248136,데이터분석가/AI엔지니어,-0.1576571,-1.1516253,-0.40190968,6.54887,3.6684332
54188622,데이터분석가/AI엔지니어,-0.4377336,-1.0889539,0.025736313,6.2116218,3.5050516
54004689,데이터분석가/AI엔지니어,0.23366164,0.3456641,0.12025552,-0.57406384,0.022471325
54247189,데이터분석가/AI엔지니어,0.12557818,-1.7155704,-0.5173167,7.4271073,4.559693
54246314,데이터분석가/AI엔지니어,0.23976916,0.116989814,0.20373495,-0.30062073,0.32775837
53931531,데이터분석가/AI엔지니어,-0.76563907,0.62709993,0.49536818,6.125099,-1.6872185
54241950,데이터분석가/AI엔지니어,0.9529886,0.29755732,0.057001982,-1.7704484,-0.9109741
54241788,데이터분석가/AI엔지니어,0.3045984,0.43114117,-0.35789666,-0.34303752,-1.7501044
53929155,데이터분석가/AI엔지니어,0.57973284,0.4725264,-0.7964121,0.82721573,-2.3912818
54241512,데이터분석가/AI엔지니어,-0.65205216,-0.63004905,0.6945101,6.063654,0.32916525
54241337,데이터분석가/AI엔지니어,0.008343174,-0.6881319,-0.23048025,6.534777,3.6655385
54240275,데이터분석가/AI엔지니어,0.64034116,0.36228064,0.13178922,-1.7752373,-1.1363152
54240077,데이터분석가/AI엔지니어,1.0096414,-1.707981,-0.35967454,6.6095753,4.7156463
54239892,데이터분석가/AI엔지니어,0.8732063,0.19141689,0.32890978,-1.7146201,0.19884421
54239854,데이터분석가/AI엔지니어,0.02043018,-0.7761225,0.38253388,3.6218388,2.0560052
54239357,데이터분석가/AI엔지니어,-0.7044134,-0.4016241,-0.33875588,5.8748374,2.9315603
54238794,데이터분석가/AI엔지니어,-0.047696568,0.2290736,-0.06956023,1.7252055,-1.2026346
54238392,데이터분석가/AI엔지니어,-0.7730103,-0.6777007,-0.5093082,6.001672,2.8409994
54238110,데이터분석가/AI엔지니어,0.5245617,0.024047043,-0.09972874,-1.1333075,-1.9566127
54238088,데이터분석가/AI엔지니어,0.10859337,-1.505295,0.3142208,3.8322906,2.702567
54236796,데이터분석가/AI엔지니어,-1.2145334,-0.24253112,0.5554378,5.939345,0.13308787
54235757,데이터분석가/AI엔지니어,0.19297834,-0.87915117,-0.18447705,6.681456,4.324016
54230388,데이터분석가/AI엔지니어,-0.4858049,0.011736833,0.36747393,2.55253,0.29478726
54204377,데이터분석가/AI엔지니어,-0.9168391,-0.6774583,0.58387995,6.0284233,0.26360744
54228633,데이터분석가/AI엔지니어,-0.28700387,0.9074192,-1.2078348,1.5003215,-2.7110965
54227736,데이터분석가/AI엔지니어,-0.56575793,0.25730583,0.9712856,6.3037047,-0.19442052
54014904,데이터분석가/AI엔지니어,-0.3148505,-0.7255767,-0.4430538,6.3075795,3.143546
54225968,데이터분석가/AI엔지니어,0.9138878,0.3847506,0.08064237,-2.2193878,-1.2301313
54225411,데이터분석가/AI엔지니어,0.499028,0.35481623,0.339995,-0.7550843,0.44812143
54223664,데이터분석가/AI엔지니어,-0.3486347,-1.3948905,-0.1241381,6.4784617,3.8476584
54220945,데이터분석가/AI엔지니어,-0.86673766,0.6961293,-0.120260224,5.7540054,-1.8785679
54220424,데이터분석가/AI엔지니어,-0.88478863,-0.36281595,0.6167068,5.8737106,0.49336568
54218942,데이터분석가/AI엔지니어,1.7073659,0.42483234,1.3909225,-4.2864423,0.07134864
54193212,데이터분석가/AI엔지니어,0.04695137,0.29256353,0.33692706,-0.90170926,-0.07982216
54218088,데이터분석가/AI엔지니어,-0.6345483,0.328311,0.762676,6.4208994,-1.0872117
54217115,데이터분석가/AI엔지니어,-0.44218263,0.3582548,0.79261017,6.635408,-0.74589753
54216806,데이터분석가/AI엔지니어,0.68743175,0.24978277,0.08803048,-1.5904936,-1.49449
54216375,데이터분석가/AI엔지니어,-0.47269827,0.54699636,-0.6447822,3.5150774,-1.7568294
54214966,데이터분석가/AI엔지니어,0.2810151,0.13051833,0.2750456,-0.67705923,-0.26027194
54214794,데이터분석가/AI엔지니어,-0.11849738,0.3054497,0.9136045,6.9414797,-0.6308811
53935952,데이터분석가/AI엔지니어,-0.876394,-0.88279635,-0.42966667,6.0779333,2.748852
54214058,데이터분석가/AI엔지니어,1.5818117,0.31753162,0.0049053384,-3.007684,-0.33186916
54000871,데이터분석가/AI엔지니어,-0.9985059,-0.15451317,-0.015030718,5.1356273,-0.47099245
54207543,데이터분석가/AI엔지니어,-0.732484,0.52142835,-0.5418236,3.164646,-1.6916287
54173852,데이터분석가/AI엔지니어,-0.22587413,-0.3442051,0.11620653,2.648196,0.35311052
54194154,데이터분석가/AI엔지니어,0.4591027,0.55388916,-0.18457639,1.2076688,1.5555378
53925347,데이터분석가/AI엔지니어,-0.70490605,0.024760671,0.90793836,5.390548,-0.12095458
54194458,데이터분석가/AI엔지니어,-0.72374654,0.84560966,0.27807456,6.122093,-1.3738952
54193816,데이터분석가/AI엔지니어,-0.2101526,0.5217856,-0.8409448,1.6082112,-2.187064
54159997,데이터분석가/AI엔지니어,1.4014173,0.37560546,0.06856815,-2.9011574,-0.264548
54192228,데이터분석가/AI엔지니어,-0.93076724,-0.9341682,0.11115744,5.6163435,3.234049
54192126,데이터분석가/AI엔지니어,-0.084238455,-1.0295062,0.2843426,4.0056295,2.7337906
54191375,데이터분석가/AI엔지니어,0.12880243,0.3347408,0.42622226,-0.16771017,0.2114724
54191224,데이터분석가/AI엔지니어,-0.91490287,-0.8666408,-0.078338176,5.76332,3.087804
54190689,데이터분석가/AI엔지니어,-0.4575961,-0.92107403,0.010265479,6.1802545,3.3634262
54189454,데이터분석가/AI엔지니어,-0.5292956,-0.06803053,0.25028655,2.2914646,0.19843408
54185993,데이터분석가/AI엔지니어,-0.4632413,-1.4704214,-0.17417157,6.5839324,3.9093523
54185358,데이터분석가/AI엔지니어,-0.13814117,0.44935134,-0.5173279,3.0203023,-1.8106545
54183377,데이터분석가/AI엔지니어,-0.74196863,-0.4112492,0.55550885,6.1192946,0.26913518
54394094,데이터분석가/AI엔지니어,0.9410352,0.33587718,0.055467345,-1.7531053,-0.70534605
54431966,데이터분석가/AI엔지니어,0.46544898,0.38639247,-0.03323556,-1.245585,-0.22011548
54181569,데이터분석가/AI엔지니어,1.5308412,0.34466204,0.14474608,-3.3058715,-0.20236726
54200844,데이터분석가/AI엔지니어,1.2369951,0.4783091,0.092061125,-2.5445943,-0.052644987
54217933,데이터분석가/AI엔지니어,1.1839736,0.2620452,0.17455111,-2.3621922,-0.049727496
54337974,데이터분석가/AI엔지니어,-1.2105147,0.7073618,0.09413724,4.879818,-0.81156886
54257286,데이터분석가/AI엔지니어,2.5736856,-0.17066613,0.71920675,-4.4765654,0.21210966
54371168,데이터분석가/AI엔지니어,0.93931735,0.26309577,0.26420578,-2.3491979,-0.3481509
54417737,데이터분석가/AI엔지니어,-0.03719605,0.622381,-0.6105678,1.6194248,-2.2979364
54421428,데이터분석가/AI엔지니어,0.69059557,0.24928857,0.16230687,-0.5945716,0.43309376
54440664,데이터분석가/AI엔지니어,0.5665254,0.26203418,0.35112375,-0.8887524,-0.012078582
54440341,데이터분석가/AI엔지니어,0.4663624,0.9083225,-1.1135145,1.3231089,-2.7561707
54438775,데이터분석가/AI엔지니어,0.78098166,0.31679043,0.44464615,-1.7275338,-0.44982156
54432412,데이터분석가/AI엔지니어,0.5990592,0.2980914,-0.009795818,-1.1699789,-0.19755113
54281816,데이터분석가/AI엔지니어,-0.11713421,0.54458344,-0.76588637,2.185571,-1.378562
54421942,데이터분석가/AI엔지니어,0.8262947,0.2758088,0.30567575,-1.0220525,0.4948678
54411081,데이터분석가/AI엔지니어,0.3287457,0.34181902,0.43474984,-0.02237766,0.5903885
54409062,데이터분석가/AI엔지니어,0.31720704,0.2917345,0.5788781,0.95818156,0.70316225
54319114,데이터분석가/AI엔지니어,-0.040858712,0.57256883,-1.1373303,1.3878876,-2.0033224
54384752,데이터분석가/AI엔지니어,1.2562664,0.24484706,0.027614819,-2.9830406,-0.5829547
54383085,데이터분석가/AI엔지니어,-0.34435493,0.5067651,-0.76267594,1.6371573,-1.8968363
54382380,데이터분석가/AI엔지니어,0.61172056,0.5201627,-0.8535598,0.6903606,-2.310412
54311276,데이터분석가/AI엔지니어,0.625026,0.22494017,0.17697234,-2.1279542,-1.4932166
54345172,데이터분석가/AI엔지니어,-0.92467123,0.604407,0.3477449,5.4887223,-1.0726464
54359837,데이터분석가/AI엔지니어,-0.09731997,0.2291135,0.46796045,1.3742014,0.2143055
54450190,데이터분석가/AI엔지니어,1.185841,0.23846875,0.027594559,-3.5644634,-0.28417745
54438846,데이터분석가/AI엔지니어,0.5200183,0.33965418,0.32232705,-0.6835089,0.42101532
54421616,데이터분석가/AI엔지니어,0.670679,0.6765862,-1.0059928,0.6757034,-2.3176973
54414522,데이터분석가/AI엔지니어,0.961602,0.082636856,0.61301273,-1.7541667,-0.54203373
54385648,데이터분석가/AI엔지니어,-0.070325665,0.8192366,-1.105576,1.1642191,-2.4795427
54373222,데이터분석가/AI엔지니어,1.0124924,0.31469366,-0.030289,-1.4185034,-0.5013735
54351952,데이터분석가/AI엔지니어,0.56713843,0.33852947,0.3070758,-0.52151406,0.5096836
54363169,데이터분석가/AI엔지니어,0.37220594,0.24107778,0.22949605,-1.7276356,-0.93185866
54320989,데이터분석가/AI엔지니어,0.03817662,0.37493032,0.17060342,1.3626542,1.389455
54336221,데이터분석가/AI엔지니어,0.5104639,0.42363757,0.34560287,-0.41894412,-0.20849398
54326118,데이터분석가/AI엔지니어,0.64027184,0.63165617,-0.48680636,0.3148347,-1.967176
54303778,데이터분석가/AI엔지니어,1.4247881,0.4524703,0.20281525,-1.5619084,-0.7796899
54282265,데이터분석가/AI엔지니어,0.2968275,0.43655407,-0.17963247,1.2587656,1.5259489
53935227,데이터분석가/AI엔지니어,0.1425752,0.31239983,0.47211912,0.8161839,0.55446774
54104948,데이터분석가/AI엔지니어,0.7742911,0.4512576,0.13875514,-1.4183915,-0.28379712
54070473,데이터분석가/AI엔지니어,0.48858967,0.30587205,0.070883565,-2.0536423,-1.7891864
54464968,데이터분석가/AI엔지니어,0.010331166,0.5740447,-0.29015762,1.9427447,-1.8114635
54395500,데이터분석가/AI엔지니어,-0.45306423,0.61903924,1.0648671,6.8454003,-0.67793876
54464334,데이터분석가/AI엔지니어,0.30481595,0.3236684,0.22118515,-0.31105286,0.39217755
54462738,데이터분석가/AI엔지니어,0.38293886,0.40694943,0.45152068,0.914165,0.68552476
54111065,데이터분석가/AI엔지니어,0.06529787,0.7458417,-0.84459907,1.5788728,-2.662542
54457968,데이터분석가/AI엔지니어,0.14572395,0.7616722,-1.262789,1.0897849,-2.410356
54319879,데이터분석가/AI엔지니어,0.78269607,0.041014086,-0.1592874,-0.46153963,-0.38413423
54458077,데이터분석가/AI엔지니어,0.74932957,-0.00096025533,-0.15929645,-0.5614959,-0.45685437
54456705,데이터분석가/AI엔지니어,0.9572003,0.36417288,-0.0011214959,-1.3106246,-0.98495656
54448024,데이터분석가/AI엔지니어,0.47337934,-0.013929067,0.04801772,-0.682555,0.24953444
54452617,데이터분석가/AI엔지니어,-0.59929985,0.4384719,-0.70936865,3.2409427,-1.8926481
54452326,데이터분석가/AI엔지니어,-0.5097139,0.82092124,-0.8171754,2.4620802,-1.927091
54450598,데이터분석가/AI엔지니어,-0.21405594,0.35556227,-0.06958094,1.9880737,1.3116759
54449637,데이터분석가/AI엔지니어,-0.11723069,0.86175185,-0.9660058,1.6516287,-2.3526442
54372181,데이터분석가/AI엔지니어,-0.68363124,0.62859356,-0.98373526,2.880169,-1.4693387
54446224,데이터분석가/AI엔지니어,0.6917684,0.29657087,0.23746926,-0.5831217,0.9125177
54441337,데이터분석가/AI엔지니어,-0.038513657,-0.0376217,0.81427306,2.2502155,1.4976101
54441195,데이터분석가/AI엔지니어,0.82705796,0.55238676,-0.07806799,-0.98507255,-1.0392033
54090278,데이터분석가/AI엔지니어,0.95881903,0.36559153,-0.016432608,-1.2531085,-1.1363798
54349953,데이터분석가/AI엔지니어,0.116292894,0.44929567,-0.57795143,1.9484316,-2.0483687
54432047,데이터분석가/AI엔지니어,-0.079207614,0.8127883,-0.9032609,1.6392682,-2.377217
54137073,데이터분석가/AI엔지니어,-0.026176056,0.31844935,-0.25904977,1.9969394,-1.8666441
54430009,데이터분석가/AI엔지니어,0.3802833,0.261924,-0.05768503,1.1666054,1.498779
54429028,데이터분석가/AI엔지니어,0.55550694,0.31230658,0.17002447,-0.24666703,0.44212878
54420238,데이터분석가/AI엔지니어,0.5997968,0.39339182,0.22513162,-0.6777,0.5992143
53965744,데이터분석가/AI엔지니어,0.0033651763,0.59407055,-0.48522946,1.887648,-2.033015
54402561,데이터분석가/AI엔지니어,0.96005946,0.35466367,0.06343607,-1.4573839,-0.744662
54410811,데이터분석가/AI엔지니어,0.8792018,0.23016417,0.049437504,-0.7390661,1.0038528
54410583,데이터분석가/AI엔지니어,-0.19537453,0.25561816,-0.27878806,2.1752753,-1.9167255
54408676,데이터분석가/AI엔지니어,2.0949786,0.0076715746,0.20858449,-4.010625,-0.037903246
54406022,데이터분석가/AI엔지니어,0.39646184,0.29641032,0.16467987,-0.39803034,-0.10004359
54390901,데이터분석가/AI엔지니어,0.25123242,0.9012984,-1.1839385,1.0565245,-2.436115
54381244,데이터분석가/AI엔지니어,0.6922946,0.3804428,0.23889157,-1.3694949,-0.47598884
54380858,데이터분석가/AI엔지니어,-0.79222983,0.69927776,-0.01048755,5.088629,-1.0359684
54375792,데이터분석가/AI엔지니어,0.74217254,0.32402882,0.25127274,-0.5605368,0.73555857
54373589,데이터분석가/AI엔지니어,0.97965443,0.19874889,0.09666549,-1.2473952,-0.23303078
54373419,데이터분석가/AI엔지니어,0.78814113,0.309117,0.09863408,-1.32488,-0.5738751
54373301,데이터분석가/AI엔지니어,-0.32363153,0.45473906,-0.21898617,1.550234,1.3246142
54270465,데이터분석가/AI엔지니어,0.5886492,0.36737174,-0.03059949,-1.1171052,-0.47712725
54370790,데이터분석가/AI엔지니어,-0.6115082,0.47373897,-0.8434562,3.099407,-1.808911
54364024,데이터분석가/AI엔지니어,0.31122053,0.38366705,0.3707057,0.64366484,0.5602325
54352455,데이터분석가/AI엔지니어,-0.81254905,0.81474864,-0.77946204,3.607565,-1.3896348
54346616,데이터분석가/AI엔지니어,2.9149954,0.020918146,0.3986438,-4.5600185,0.28356373
54360032,데이터분석가/AI엔지니어,-0.13612519,0.7189353,-1.1542556,1.3980128,-2.4115515
54319135,데이터분석가/AI엔지니어,0.9260815,0.38850027,0.049378067,-1.1784123,-0.8820071
54353383,데이터분석가/AI엔지니어,1.1422927,0.16856563,-0.02753463,-1.9603664,-0.12791596
54311315,데이터분석가/AI엔지니어,0.77529746,0.38612995,0.07586959,-1.2363238,-0.69539285
54351487,데이터분석가/AI엔지니어,0.86265945,0.28306797,-0.025154455,-1.4140965,-0.8752808
54349156,데이터분석가/AI엔지니어,0.58308053,0.10575411,0.32821476,-0.6144347,0.4617003
54345492,데이터분석가/AI엔지니어,1.1663408,0.2562066,0.040911216,-1.5063167,-0.78248894
54344926,데이터분석가/AI엔지니어,0.6453739,0.2916484,0.109846234,-0.84513396,0.9373546
54344925,데이터분석가/AI엔지니어,0.76760757,0.333851,0.20787801,-0.7250683,0.96236867
54344924,데이터분석가/AI엔지니어,0.5643425,0.4042675,0.21186598,-0.7152188,0.9672031
54340189,데이터분석가/AI엔지니어,0.5323272,0.24721843,0.3829983,-0.29248112,0.28204557
54334737,데이터분석가/AI엔지니어,-0.09297669,0.93423396,-0.9763157,1.735007,-2.4558153
54333203,데이터분석가/AI엔지니어,0.32586375,0.3172552,0.4914597,0.92172337,0.71834046
54259421,데이터분석가/AI엔지니어,1.0176274,0.29902712,0.09003212,-2.2576807,-0.37867025
54331441,데이터분석가/AI엔지니어,0.5802477,0.25657633,0.5419887,-0.583161,0.73211884
54323569,데이터분석가/AI엔지니어,0.60311747,0.15394057,0.34333074,-0.42225608,0.67626584
54264052,데이터분석가/AI엔지니어,0.73761076,0.30437785,0.17799863,-1.4228661,0.30998293
54319576,데이터분석가/AI엔지니어,1.0701774,0.32178548,-0.19611448,-1.3674165,-0.6463576
54216966,데이터분석가/AI엔지니어,0.007196115,0.32998577,0.67314935,0.9184904,0.70648414
54314091,데이터분석가/AI엔지니어,0.5364796,0.2653344,0.09139515,-2.0631518,-1.8166771
54306478,데이터분석가/AI엔지니어,1.1838076,0.34892657,0.06506879,-2.6696858,-0.92332464
54291629,데이터분석가/AI엔지니어,-0.046850506,0.39687547,-0.75695056,2.1380744,-2.0620646
54293980,데이터분석가/AI엔지니어,-0.559955,0.3383489,1.3441422,5.764665,-0.3250496
54280570,데이터분석가/AI엔지니어,0.3693306,0.41059843,-0.13807122,-0.16514173,-0.1689385
54267783,데이터분석가/AI엔지니어,0.15469284,0.093198165,-0.37914976,1.2948319,-1.069381
54224027,데이터분석가/AI엔지니어,0.9633927,0.3429264,0.13490033,-2.1899927,-0.5727027
54189900,데이터분석가/AI엔지니어,0.20603628,0.26439458,-0.020618742,-1.1466377,-0.14550386
54207037,데이터분석가/AI엔지니어,-0.5805124,0.8160962,-0.5814605,2.6970835,-1.7794341
54193859,데이터분석가/AI엔지니어,0.01362117,0.7000712,1.2597483,7.1210485,-1.0953491
54151016,데이터분석가/AI엔지니어,1.0931561,0.17571798,0.26810503,-2.155133,-0.6903226
54173671,데이터분석가/AI엔지니어,0.6758612,0.4983252,-0.3559257,-2.6799617,-0.5839485
54171468,데이터분석가/AI엔지니어,-0.17682388,0.78857446,0.021916404,6.1472487,-1.3778162
53957856,데이터분석가/AI엔지니어,0.8260588,0.06030261,0.0539076,-0.6273343,0.6998043
54034927,데이터분석가/AI엔지니어,0.726951,0.3161325,0.23781249,-1.8522561,0.20191333
54027817,데이터분석가/AI엔지니어,0.46630034,0.49541196,-0.6489035,1.2894127,-2.7699175
54014525,데이터분석가/AI엔지니어,-0.075099394,0.44427958,0.07189652,1.5549536,-1.3264284
54447566,데이터분석가/AI엔지니어,0.62992334,0.45403323,-0.09763191,-1.568314,0.14104688
54458785,데이터분석가/AI엔지니어,-0.28983095,0.08685159,0.392246,1.7134043,0.69204783
54447329,데이터분석가/AI엔지니어,0.111510545,0.76368415,-1.3205713,1.4364132,-2.8976514
54420163,데이터분석가/AI엔지니어,-0.7322848,0.6460752,-0.66036516,2.5857291,-1.8115546
54327221,데이터분석가/AI엔지니어,-0.44054154,0.8700806,-1.446969,1.4230047,-2.8266037
54294924,데이터분석가/AI엔지니어,-0.14426643,0.5312833,-1.1730919,1.7026675,-2.3225236
54418598,데이터분석가/AI엔지니어,-0.057624713,0.17828524,0.51468736,0.84884363,0.3793605
54440461,데이터분석가/AI엔지니어,0.71966964,0.34091774,0.16354437,-1.4014817,-0.2984913
54360774,데이터분석가/AI엔지니어,1.5477222,0.13526416,0.37508568,-3.8595157,-0.09174573
54389582,데이터분석가/AI엔지니어,0.6755383,0.25666687,0.037286166,-1.1660147,-0.16299346
54450079,데이터분석가/AI엔지니어,2.8974788,-0.19724803,0.508583,-4.485803,0.22101228
54271656,데이터분석가/AI엔지니어,0.05080198,0.55378526,-0.5238721,1.4796073,-1.977801
54419274,데이터분석가/AI엔지니어,0.31135854,0.26087797,0.5625926,0.36354265,0.56293696
54339593,데이터분석가/AI엔지니어,0.7575588,0.5685439,0.28213716,-0.69755036,0.6094244
54396243,데이터분석가/AI엔지니어,-0.13382198,0.91068506,-1.218905,1.5199064,-2.865586
54222051,데이터분석가/AI엔지니어,0.077404164,0.5801429,-0.60540235,1.7913513,-2.0354156
54175274,데이터분석가/AI엔지니어,-0.027802557,0.577896,-0.14039752,1.6116346,-1.709678
54090222,데이터분석가/AI엔지니어,-0.13253723,0.85617787,-0.91325074,1.7379677,-2.4389417
53985833,데이터분석가/AI엔지니어,-0.4654427,0.902509,-1.2367167,1.5061553,-2.8136828
54463039,데이터분석가/AI엔지니어,0.6236837,0.36620083,0.22303064,-0.70579576,0.45417523
54457459,데이터분석가/AI엔지니어,0.3738169,0.41015288,0.4515925,0.84470445,0.88366014
54457255,데이터분석가/AI엔지니어,0.2923216,0.33185804,0.23242514,1.2691411,1.34353
54441398,데이터분석가/AI엔지니어,0.53674793,0.16884686,0.1765042,-0.57373327,0.37946495
54450099,데이터분석가/AI엔지니어,2.1745048,-0.03271448,0.41142675,-4.2373533,0.060918644
54447605,데이터분석가/AI엔지니어,1.0134125,0.33864805,0.071636476,-1.5393031,-0.9054933
54443309,데이터분석가/AI엔지니어,2.34689,0.011003128,0.31588224,-4.3603935,0.11042718
54443267,데이터분석가/AI엔지니어,0.7037101,0.3857634,0.2869024,-0.65090543,1.0249255
54213353,데이터분석가/AI엔지니어,0.7016751,0.36591378,0.31421196,-0.5996104,0.74092114
54438136,데이터분석가/AI엔지니어,-0.13277084,0.5414925,-0.20089652,1.8033619,-1.2719601
54434953,데이터분석가/AI엔지니어,0.5291931,0.25153047,0.11245241,-0.8274546,0.8774968
54427353,데이터분석가/AI엔지니어,2.5492685,0.04170953,0.20551334,-4.3672385,0.13955481
54427198,데이터분석가/AI엔지니어,1.141772,0.31518307,0.081955016,-1.9258641,-0.5894054
54376483,데이터분석가/AI엔지니어,0.4297618,0.43290463,0.17585263,-0.9827002,0.14993545
54417861,데이터분석가/AI엔지니어,0.6756151,0.26602942,0.0744644,-1.9721895,-1.220236
54450994,회계/재무,-0.34154606,-0.49569577,-0.15274768,10.3762665,11.426596
54351049,회계/재무,0.5339037,-0.31647497,0.0060699927,7.9199605,12.310801
54362019,회계/재무,-0.7236979,0.13758714,0.37658682,10.301787,4.613156
54447279,회계/재무,2.7278485,0.014165164,-0.003652771,4.127571,12.607461
54323054,회계/재무,-0.057044495,1.0440304,0.515754,9.090549,5.0894547
54429112,회계/재무,0.79084533,-0.3041945,0.021049982,7.433151,12.633538
54441971,회계/재무,-0.40338162,-0.47091204,0.009866378,10.880231,11.151008
54410954,회계/재무,-0.9580426,0.6097363,0.66516805,9.786784,6.024806
54431434,회계/재무,-0.5591008,0.56338114,0.5022377,9.799026,4.2973814
54378985,회계/재무,1.506838,-0.23200203,0.037476666,5.8751698,12.169995
54429282,회계/재무,1.6898474,-0.14322703,0.078946866,5.6918564,12.119429
54310197,회계/재무,-0.5211235,-0.5122105,-0.07699944,10.350996,10.845175
54396440,회계/재무,-0.04138198,-0.0890563,0.27824077,10.337161,8.594064
54350713,회계/재무,-0.63363284,-0.31134966,0.2934425,10.531091,9.600914
54397492,회계/재무,0.6760784,0.017456226,0.019912938,7.49861,12.116113
54410253,회계/재무,-0.7610278,-0.17830372,0.34029636,11.459266,8.289185
54243539,회계/재무,-0.39343154,-0.36930034,0.06434331,10.086377,10.5893755
54353319,회계/재무,2.2431586,-0.05989226,0.13389754,4.96154,12.779226
54408004,회계/재무,0.22194275,-0.26319018,0.2595989,8.958066,10.145168
54407426,회계/재무,2.515565,0.14559114,0.123886,4.5300555,12.788627
54405695,회계/재무,-0.39888605,-0.29700783,0.2303022,10.2718,9.915402
54404124,회계/재무,0.07651086,-0.25456345,0.048451148,8.825755,11.146604
54255533,회계/재무,-0.6171847,0.3503317,0.45895842,10.044791,3.9453206
54181490,회계/재무,0.110402085,-0.5929492,-0.3734674,9.846497,12.774747
54385621,회계/재무,0.6908263,-0.38006547,-0.0916285,7.7685137,12.576571
54383472,회계/재무,-0.15635884,0.47825253,0.3170318,9.134299,6.12262
54382853,회계/재무,-0.56754965,0.1588674,0.35780933,9.284265,6.1298804
54382244,회계/재무,0.048303932,-0.43036526,-0.3475941,9.696898,12.665782
54381061,회계/재무,0.5077235,-0.34187487,-0.04502848,7.9950614,12.660371
54380552,회계/재무,0.094381176,-0.5898464,-0.0032257393,10.16403,10.70241
54377892,회계/재무,0.8445189,-0.16942449,0.18912554,7.1492825,11.808684
54270806,회계/재무,-0.89505917,-0.3439487,0.11139402,11.234661,9.041041
54365708,회계/재무,-0.3810238,0.4009513,-1.1130651,13.232707,2.8033674
54352840,회계/재무,0.89386755,-0.016713938,0.13568306,7.1951756,11.970141
54346033,회계/재무,-0.7435382,0.19592063,-0.30076605,12.848379,3.9633021
54345358,회계/재무,-0.99890786,0.5691791,-0.2271916,11.954201,4.757459
54340479,회계/재무,-0.31405562,-0.21911295,0.25683904,10.516345,8.838778
54337076,회계/재무,-0.87371767,0.51087606,-0.6805651,12.054211,4.6542225
54327026,회계/재무,-0.7220799,-0.45762816,0.01628762,11.394261,10.482627
54321022,회계/재무,0.51913834,-0.3213501,-0.034724202,7.8212776,12.274824
54313238,회계/재무,-0.42423138,-0.0899307,0.4063906,9.941348,7.815178
54319118,회계/재무,-0.7055186,-0.022968145,0.24967514,11.264151,8.415154
54318364,회계/재무,-0.6668123,-0.15034224,0.20419079,10.8896675,7.849334
54311796,회계/재무,-0.7791815,0.0048128935,0.3693733,10.935143,7.6601477
54296863,회계/재무,2.5012426,0.04138842,0.1984406,4.458291,12.520948
54010787,회계/재무,-0.5839432,0.62061524,0.5140826,9.655098,4.13156
54269549,회계/재무,0.50046945,-0.45548168,-0.07259061,8.216921,11.668497
54258000,회계/재무,-0.47401845,-0.17082168,0.13459562,10.1329155,9.630964
54150621,회계/재무,-0.282981,0.24742234,0.2772494,8.763548,3.5002186
54213505,회계/재무,-0.6151115,-0.1444099,0.37456295,10.525945,9.588178
54227338,회계/재무,0.16473897,0.640229,0.44296736,8.620629,3.5673969
54190416,회계/재무,-0.5005127,-0.30558044,0.050703563,11.638998,8.878143
54173237,회계/재무,0.087287456,0.52023137,0.39009985,8.730317,3.6332037
54060261,회계/재무,-0.5093522,-0.4045739,0.123711154,11.327397,9.082682
54040148,회계/재무,1.5530267,-0.13266006,0.046381064,5.6905046,12.156745
54447966,회계/재무,2.024169,-0.183638,-0.14539628,4.9551473,12.408694
54443098,회계/재무,-0.7675684,-0.54232043,-0.068632394,11.865449,10.944126
54043655,회계/재무,-0.7109074,-0.32554418,0.27837822,12.850822,7.9964414
54282208,회계/재무,-0.47061148,-0.17831758,0.25791436,10.858595,7.9435196
54150538,회계/재무,0.08071181,0.5642594,0.2576443,9.06602,6.1289873
54378177,회계/재무,0.1572155,-0.34419206,-0.051273268,8.693939,11.530228
54418826,회계/재무,-0.7943697,-0.53374386,-0.016471079,11.746055,10.786596
54417748,회계/재무,1.77881,-0.3260094,0.5292744,5.7079115,12.179525
54414523,회계/재무,-0.5936879,-0.50520104,-0.03831218,11.052359,10.867567
54364976,회계/재무,-0.7682405,-0.078496,0.14452806,10.001196,7.523527
54394732,회계/재무,1.2705283,-0.28265354,-0.27628273,6.3491893,12.497023
54391827,회계/재무,0.74413013,-0.41226277,0.08783565,7.592622,12.46573
54385424,회계/재무,-1.0375547,0.13854836,0.3368739,9.394478,6.1935563
54381421,회계/재무,0.9499813,-0.10342072,0.17443293,7.122598,12.193349
54380205,회계/재무,-0.51248544,-0.4774703,5.906896e-06,10.6415205,10.71529
54378892,회계/재무,-1.0233587,-0.29548034,0.15082344,11.3430395,10.525434
54378841,회계/재무,-1.0004822,-0.5322962,-0.27809158,11.068451,11.785003
54360951,회계/재무,0.21081853,-0.08637925,0.49009633,9.246498,9.782601
54029779,회계/재무,-0.35126194,-0.45196226,0.037646417,11.167314,9.51917
54292954,회계/재무,0.009766385,0.9707445,0.49407604,8.720815,3.863508
54265708,회계/재무,-0.70915,-0.3396385,0.10448755,12.835169,8.039262
54259441,회계/재무,-0.0076072617,0.0066474294,0.38323408,9.72864,8.140788
54258849,회계/재무,1.6028327,0.75606626,0.17437212,4.956642,11.991981
54257988,회계/재무,-0.7626318,0.24546702,0.45392036,10.415589,4.386841
54256626,회계/재무,0.10529419,0.33050242,0.26205146,9.891641,8.8703575
54189416,회계/재무,0.28261843,0.108996145,0.3556941,9.646436,8.414274
54179106,회계/재무,-0.4874863,-0.28717226,0.268959,10.59393,8.579735
54122754,회계/재무,-0.785484,0.31332824,0.4878178,10.342381,4.1576843
54069286,회계/재무,-0.37657565,0.60394794,0.36663577,9.547114,4.192555
53985699,회계/재무,-0.999714,0.41642103,-0.51146245,11.976631,4.714554
54383918,회계/재무,-0.7402558,0.7235089,0.418417,9.635533,4.3043756
54452770,회계/재무,1.110889,-0.26281992,0.2882509,6.3519654,11.9364805
54451921,회계/재무,-0.38457277,-0.43103975,0.08882382,10.894809,10.330212
54450571,회계/재무,-0.8401798,-0.17258193,0.1771528,11.211321,8.418741
54417478,회계/재무,-0.72785425,0.34856126,-0.90024024,13.08093,3.4123006
54447636,회계/재무,-0.38543716,-0.33979985,-0.158371,10.671913,10.973108
54447175,회계/재무,0.41890436,-0.042782295,0.14445616,7.936604,12.28333
54446525,회계/재무,0.6656772,-0.21932402,-0.09337249,7.5383096,11.749006
54438509,회계/재무,-0.17978789,-0.35038242,-0.0934581,9.744752,11.956972
54445896,회계/재무,1.034557,0.46334556,0.1732094,7.942355,3.759647
54444789,회계/재무,0.89352775,0.18492782,0.29866543,6.955684,11.396264
54442307,회계/재무,0.2743068,-0.20600423,0.037198607,8.489299,11.773612
54335031,회계/재무,-0.69275296,-0.17769235,0.26596534,9.97064,7.5973177
54435016,회계/재무,-0.12910822,-0.442667,-0.23788181,9.857195,11.765066
54433928,회계/재무,2.107257,-0.15784965,-0.13767192,5.3108273,12.848985
54432339,회계/재무,1.4675381,-0.04127484,0.27550405,6.0894566,12.144056
54430552,회계/재무,-0.82245016,0.9508351,0.7697633,9.396215,5.5315175
54430298,회계/재무,0.76576704,0.11957492,0.29982623,7.0859923,11.529424
53984040,회계/재무,-0.21186453,-0.23933461,0.08930092,9.917017,11.549812
54428452,회계/재무,-0.1387967,-0.5439587,-0.020622926,9.64384,10.706897
54405469,회계/재무,-0.33675045,-0.16450423,0.30605215,12.210957,8.078066
54421954,회계/재무,1.5821482,-0.10696251,0.04042218,5.704079,12.392041
54419628,회계/재무,-0.7919635,0.7283417,0.5230446,9.804948,4.7120457
54419402,회계/재무,-0.1065423,-0.25751898,0.041690234,9.893429,11.692712
54418732,회계/재무,3.6304605,0.19126625,-0.013023871,3.292385,12.729825
54417231,회계/재무,-0.4033523,-0.19592047,0.22050218,13.020329,8.191997
54417182,회계/재무,-0.300225,0.6992904,0.5112206,9.031118,4.338811
54415056,회계/재무,-0.47595093,-0.4791132,-0.1083229,10.77612,10.568268
54410992,회계/재무,-0.042842563,-0.3468024,-0.028060792,9.287243,11.555768
54409817,회계/재무,0.36493555,-0.061487474,0.02051515,8.331808,12.294285
54346520,회계/재무,-0.71431404,-0.30205253,-0.2527019,10.972376,12.322662
54405826,회계/재무,-0.28044626,-0.5185256,-0.15904173,10.30692,11.475497
54404194,회계/재무,2.3076885,0.03520378,0.12481608,4.6865215,12.4181385
54402787,회계/재무,0.12564005,0.732767,0.39750835,8.629205,3.6439493
54397683,회계/재무,-0.28175664,-0.42255858,-0.16449991,10.100378,10.769944
54397371,회계/재무,0.7059635,-0.08740563,0.36980996,7.3792224,12.118267
54395546,회계/재무,-0.001064758,-0.37402767,-0.093304306,9.640926,12.070797
54393444,회계/재무,0.20419945,-0.27075854,0.053151913,8.501911,11.430498
54390557,회계/재무,-0.4229418,-0.3148541,0.13614175,10.688255,10.29805
54244129,회계/재무,-0.88424164,0.9840412,-0.17143476,11.294813,4.1762986
54384059,회계/재무,-0.53576106,-0.63585556,-0.34679586,10.934163,12.363286
54382603,회계/재무,0.08907898,-0.32048753,-0.045936543,8.882677,11.681098
54382082,회계/재무,-0.6620569,-0.13211733,0.30218616,11.896411,8.090532
54380449,회계/재무,-0.84814537,0.77231926,-0.49675596,12.118568,4.631084
54373998,회계/재무,-0.9472538,0.18618582,-0.27547777,12.814989,4.0707498
54366078,회계/재무,-0.76402533,-0.30029494,0.20868495,12.7225275,7.9974785
54366026,회계/재무,-0.4694058,-0.049133968,0.20319079,10.052323,7.504544
54446700,회계/재무,-0.4135583,-0.13265839,0.25395608,12.973971,8.176637
54281886,회계/재무,-0.68675804,0.35423473,-1.1192429,13.206334,3.3417103
54273038,회계/재무,-0.89350533,0.5940017,0.6247839,9.700023,6.0755544
54353275,회계/재무,-0.50029486,0.63477093,0.5577657,9.405641,3.794555
54428005,회계/재무,-0.41631362,-0.20209882,0.29500115,10.428026,9.473245
54334469,회계/재무,-0.16192093,0.11993361,0.22597621,10.017972,8.153329
54364606,회계/재무,0.99630743,-0.120771416,-0.12553167,7.3761063,12.59328
54404822,회계/재무,-0.4604234,-0.32049668,0.2858709,10.9109955,9.524677
54308456,회계/재무,-0.9252724,-0.0042721033,0.21334371,10.004352,7.446618
54307903,회계/재무,-0.409075,0.18167312,-0.17816055,12.877124,3.9626753
54432670,회계/재무,-0.7046599,0.38497654,0.39428136,9.809091,4.3740196
54346822,회계/재무,-0.59609693,1.1509535,-0.8912108,13.418495,3.2933557
54416683,회계/재무,-0.19353154,-0.33235508,-0.00041145794,9.668627,10.983706
54431259,회계/재무,2.7383387,-0.09797558,-0.055390406,4.1488056,12.644526
54450389,회계/재무,0.47763908,-0.35199928,-0.017984489,7.962848,11.7628
54353803,회계/재무,-0.06464934,0.7867265,-1.1424721,13.635859,2.8801448
54396500,회계/재무,0.98636156,0.9778776,-1.3890526,13.819446,2.4933581
54450326,회계/재무,-0.44953328,0.18384191,0.45971948,9.334448,6.0895147
54333321,회계/재무,-0.28976682,-0.24569696,0.28717,10.279719,9.65663
54381034,회계/재무,-1.0460823,0.56763214,-0.025069505,11.148531,4.1637464
54394372,회계/재무,-0.7977378,0.5551122,0.5194724,9.774583,4.770405
54416624,회계/재무,-0.781515,-0.45374256,-0.25238904,11.619312,11.304096
54366606,회계/재무,-0.029485658,-0.2229771,0.23167928,9.798211,9.806189
54452836,회계/재무,-0.31093422,-0.21206671,0.23939823,10.115294,10.03592
54452812,회계/재무,-0.13870801,0.5658173,-1.7018197,13.374557,2.6367395
54452702,회계/재무,-0.6535983,0.49133706,0.37587044,9.86224,4.763596
54452694,회계/재무,-0.095312506,0.29533342,0.030368939,9.016163,6.185424
54452610,회계/재무,-0.69869894,0.23035316,-0.027383627,12.191801,4.253815
54452566,회계/재무,0.15226285,0.834474,0.4301039,8.917609,6.122862
54434847,회계/재무,-0.8091227,0.7955078,-0.17428666,11.188935,4.0691695
54452200,회계/재무,1.4874694,0.0809338,-0.09757112,5.9704022,12.698853
54378396,회계/재무,0.10774121,-0.3765511,-0.034000304,8.7985115,11.523302
54283451,회계/재무,-0.052943613,0.5192362,-1.2262001,13.573999,2.713424
54451771,회계/재무,-0.9433646,-0.52276796,-0.83342683,11.761883,11.643513
54451683,회계/재무,-0.32791328,-0.3861412,-0.10057695,10.431825,11.476634
54451457,회계/재무,0.60592145,-0.21626474,0.020193072,7.716767,12.004615
54451346,회계/재무,-0.68322176,-0.16862439,0.07600252,10.14959,9.199228
54451314,회계/재무,-0.760306,-0.4306593,-0.082768984,11.390158,10.81124
54451064,회계/재무,-0.4713475,0.5351286,-1.58748,13.3067465,2.7063677
54450844,회계/재무,-0.08961282,0.8740043,0.460331,8.762937,3.728296
54434307,회계/재무,-0.36700353,0.3583801,0.030183276,9.926594,3.4115343
54331363,회계/재무,-0.8438619,0.68431115,-0.10478782,11.236146,4.3139715
54450679,회계/재무,-0.5497212,0.24986438,0.17632987,10.969777,7.595957
54450172,회계/재무,-0.94444567,-0.20335478,-0.5015445,11.467471,11.931588
54379343,회계/재무,0.6398022,-0.22466265,0.19355436,7.2267146,11.84765
54449789,회계/재무,-0.5407093,-0.3724708,-0.046918646,11.253646,11.263281
54449557,회계/재무,-0.30746195,-0.00287362,0.16143835,9.856483,8.966182
54449489,회계/재무,2.0029652,-0.15270658,0.015572622,5.451459,12.254149
54449381,회계/재무,0.12839748,0.17642246,0.28562316,9.937776,8.894292
54449187,회계/재무,0.32993326,-0.42123115,-0.0988594,8.195456,12.519715
54186696,회계/재무,3.6905394,0.81782484,0.24778779,3.2063398,12.84286
54449040,회계/재무,-0.5168759,-0.24328808,0.32001096,10.429431,9.491108
54205550,회계/재무,-0.83796763,0.5016448,0.14181446,11.113666,4.170053
54448926,회계/재무,1.2446536,-0.10637251,0.066248424,6.2225647,12.3372965
54448732,회계/재무,-0.80812114,-0.104530536,0.21187767,10.90252,8.072089
54448152,회계/재무,-0.7547883,0.6094726,-0.027043361,10.184528,6.8981323
54448120,회계/재무,-0.35207507,-0.4897669,-0.009390482,10.185026,11.552319
54448114,회계/재무,0.36621183,-0.3338357,-0.17057101,8.255477,12.44163
54447963,회계/재무,0.45554677,-0.43378407,-0.11209879,8.060717,12.607419
54310254,회계/재무,0.5129513,-0.46149507,-0.2831139,9.498598,12.746509
54447804,회계/재무,0.62141085,0.72915393,0.3280278,8.0972805,3.6542726
54447783,회계/재무,0.33278215,-0.40694022,0.03528282,9.009897,12.386505
54447660,회계/재무,-0.18928379,-0.13793212,0.38378838,12.8864,8.2895155
54447404,회계/재무,0.29062298,-0.21332556,0.17142573,8.6187105,12.132174
54447389,회계/재무,-0.18129046,0.825354,-1.5075829,13.517078,2.9342
54447337,회계/재무,0.39195657,0.92732507,0.39613268,8.134117,3.6324747
54347138,회계/재무,-0.3311283,-0.20121993,-0.4807688,8.50212,10.921738
54447149,회계/재무,-0.46121788,-0.65573925,-0.41706562,10.857117,12.395743
54138323,회계/재무,0.145667,-0.20397343,0.38035417,9.134591,9.850088
54371153,회계/재무,-0.51942587,0.12432314,-0.64862776,12.992628,3.7818398
54371167,회계/재무,-0.6692331,0.7264213,-0.17996901,11.614565,4.439788
54446622,회계/재무,-1.0233216,0.17228279,-1.263994,12.950313,3.0550818
54371208,회계/재무,-0.8380569,-0.19923547,0.31733185,10.577484,8.986976
54446431,회계/재무,-0.70734525,0.7162679,0.099162795,9.661168,3.1439102
54446231,회계/재무,-0.78501284,0.24022228,-1.2059994,12.966779,3.0723667
54446221,회계/재무,-0.601545,-0.550666,0.007970494,10.9460745,12.781423
54445960,회계/재무,2.5700853,-0.12534882,-0.0051104506,4.497757,12.870022
54445876,회계/재무,-0.8571619,0.6965854,0.37754288,9.994862,4.842282
54317146,회계/재무,-1.0027092,0.67824167,-0.75272286,12.037558,4.789885
54422175,회계/재무,1.4116088,-0.22679621,0.1168144,5.8147717,12.068534
54421900,회계/재무,-0.8753155,0.65067273,0.29398325,10.150112,4.621029
54445430,회계/재무,0.32332703,-0.28116935,0.12581334,8.682798,11.703079
54445186,회계/재무,-0.7918233,0.52321273,0.19042706,9.942273,3.2218504
54445144,회계/재무,-0.90427667,0.7033099,-0.5800867,11.891563,4.1952605
54445117,회계/재무,-0.5143702,0.79683805,0.6436292,9.432052,4.2560573
53968812,회계/재무,-0.5828582,-0.36248857,0.14766161,10.364506,10.003246
54445007,회계/재무,-0.7152026,0.19517365,-0.2388566,12.85104,4.051683
54434059,회계/재무,-0.621187,-0.24782786,0.2027891,11.031688,8.773495
54444812,회계/재무,-0.8102678,-0.48894703,-0.12700978,12.318035,10.805433
54346479,회계/재무,-0.42422065,0.00583144,0.20903216,10.062382,9.3578005
54444377,회계/재무,-0.6915854,-0.33368587,0.098481365,10.902361,8.887945
54444321,회계/재무,-0.5139475,0.35163343,0.11673154,9.91738,3.3112328
54433960,회계/재무,-0.5300356,-0.48297104,-0.08978055,11.523351,9.15619
54359655,회계/재무,-0.6139188,-0.45417038,-0.047301587,11.440298,9.018637
54444228,회계/재무,1.5068703,-0.0634273,0.03141042,5.8902125,12.504178
54434300,회계/재무,1.1473863,-0.12377334,-0.17590621,6.593974,11.820159
54443978,회계/재무,-0.3351369,0.40273935,0.25772133,9.133408,6.086422
54420308,회계/재무,1.8574739,-0.014527357,0.18214154,5.421916,12.2419
54420318,회계/재무,2.137055,0.15266782,0.12687752,4.931797,12.453582
54443721,회계/재무,-0.57605153,-0.17065182,0.46674788,10.386168,9.427586
54420352,회계/재무,-0.21195763,0.886055,0.56310767,9.18207,3.6882167
54420363,회계/재무,-0.49912584,0.8361907,0.502473,9.320913,3.8111923
54363874,회계/재무,-0.27363297,-0.22064333,-0.111698516,10.816298,11.605085
54180172,회계/재무,-0.1696179,-0.46664235,-0.017866842,10.2380705,11.46277
54443458,회계/재무,-0.09925849,0.7118596,-1.7261188,13.490751,2.5575612
54418504,회계/재무,-0.660594,0.53402245,-1.451433,13.251389,2.7009072
54443344,회계/재무,-0.13545477,0.631846,-0.585517,13.169557,3.5904343
54443190,회계/재무,0.591192,0.6010642,-1.2109382,13.773109,2.5413013
54443045,회계/재무,-0.6952138,-0.45980003,-0.2031044,11.940228,10.885259
54339696,회계/재무,-0.6614378,-0.1971967,0.4678454,10.5702505,9.244519
54443023,회계/재무,-0.5480861,-0.17931189,0.2613794,10.244827,9.726836
54058745,회계/재무,-0.25411448,0.5527392,0.1910579,9.057755,3.1627088
54214608,회계/재무,-0.64347714,0.40363953,0.53628296,10.026752,4.056571
54427191,회계/재무,0.76972556,-0.15736993,0.10771365,7.316137,11.993712
54442507,회계/재무,-0.35976323,-0.6347262,-0.34321105,11.110418,12.167822
54442431,회계/재무,0.21287821,-0.31529984,0.04825003,8.525563,11.409612
54442342,회계/재무,-0.91894495,0.18182525,-0.95056045,13.049195,3.6077566
54442321,회계/재무,-0.834918,-0.25212446,0.074548945,11.059432,12.914985
54442109,회계/재무,-1.2186302,0.64798474,-0.7973855,11.992512,4.7600064
54327143,회계/재무,-0.8474429,0.637015,-0.19054991,11.323401,4.1701546
54389397,회계/재무,-0.27889973,-0.25828132,0.14904326,9.955772,10.1973095
53828909,회계/재무,-0.08517054,-0.17208812,0.09828851,9.158947,9.889954
54386009,회계/재무,-0.8246989,0.4829445,0.27312237,9.996041,3.3942666
54331504,회계/재무,-0.9305144,0.75965756,-0.07715472,11.258778,4.252796
54441662,회계/재무,-0.76677763,-0.48927435,-0.14273074,11.511002,11.781036
54441405,회계/재무,-0.92677695,0.36637864,0.11544223,10.266207,3.518573
54440674,회계/재무,-0.4533059,-0.33061573,0.03568297,10.352901,10.289662
54440513,회계/재무,-0.90166485,0.6513308,0.41042668,9.530299,4.723245
54440432,회계/재무,-0.36946288,-0.22952664,-0.13516118,10.015636,11.9204445
54433470,회계/재무,-0.47567225,-0.48469672,-0.031888492,10.2254505,10.843626
54430943,회계/재무,-0.7554709,-0.104378544,0.18964292,11.119033,8.44843
54430994,회계/재무,-0.7354847,-0.090182975,0.17467065,11.036831,8.500562
54440314,회계/재무,-0.06209365,-0.28746334,0.40718096,9.991743,10.754368
54416172,회계/재무,-0.49723625,0.51078564,-1.138836,13.335507,3.1521251
54429154,회계/재무,0.27220324,-0.39675358,-0.20614412,9.197036,12.616429
54405664,회계/재무,1.3214568,0.09410041,-0.31604013,6.2461004,12.756623
54439579,회계/재무,0.8920268,0.92682666,0.24623467,8.042842,3.6665497
54410786,회계/재무,0.1368262,-0.34477416,-0.1385054,9.550993,12.203264
54439435,회계/재무,-0.47119835,0.6265528,0.24052367,9.559773,3.4083097
54428665,회계/재무,-0.62627304,-0.22104712,0.32672247,10.366906,9.255913
54434936,회계/재무,-0.27833098,-0.5483004,-0.14348225,10.292969,11.385067
54420291,회계/재무,-0.18785574,-0.27539635,0.057045262,12.979175,8.467426
54077725,회계/재무,0.55331004,-0.34925303,-0.087225944,7.901497,12.371482
54438481,회계/재무,-0.25984165,-0.27046096,-0.2671217,10.972434,10.73072
54438437,회계/재무,-0.7910384,0.3265241,0.10409328,10.311133,3.5329156
54438294,회계/재무,-0.81958956,0.26481447,0.17919809,10.387102,3.7566009
54438291,회계/재무,-0.9113788,0.48502108,-0.2988752,11.988374,4.4615536
54438207,회계/재무,-0.655049,-0.37989712,0.0225297,10.982554,10.710966
54438203,회계/재무,-0.6285163,-0.37111792,-0.07396456,11.387361,9.369149
54438196,회계/재무,-1.0123363,0.39053455,-0.011543468,10.360976,3.6250548
54437915,회계/재무,-0.092110775,0.64776784,0.1476583,8.79369,3.3348377
54407844,회계/재무,-0.8490879,0.33173,0.3594876,9.918023,4.4465985
54435888,회계/재무,-0.9715575,0.37762147,0.4082025,9.803429,4.8883333
54434932,회계/재무,-0.9003458,-0.3339358,0.31018764,11.2724,10.193394
54434846,회계/재무,-0.46144557,0.45799142,0.52531344,10.114577,4.0433154
54434491,회계/재무,-0.6841737,0.008075685,0.3170413,11.164176,8.347808
54434410,회계/재무,0.32996762,1.1473172,-0.7313665,13.74407,2.5810966
54434158,회계/재무,1.7575747,-0.17373356,0.011061059,5.5693784,12.2462225
54433927,회계/재무,-0.89337987,0.07247793,-0.010355783,10.798801,8.121535
54433771,회계/재무,-0.10480713,-0.31424075,-0.32441556,9.576445,11.987341
54433765,회계/재무,-0.8713042,-0.72254753,-0.35822973,11.09833,12.168938
54433328,회계/재무,-0.6195,-0.23787262,0.33032307,10.838576,8.534579
54331705,회계/재무,0.14510058,-0.52823603,-0.28590164,9.764769,12.741654
54433221,회계/재무,-0.6938941,-0.571347,0.037345834,10.863497,10.792754
54267476,회계/재무,2.1664755,-0.07295712,-0.03251255,4.888186,12.514766
54433109,회계/재무,-0.07867724,0.47812617,-0.90452534,13.549837,3.0498474
54306973,회계/재무,-0.92435527,-0.18119776,-0.40965188,11.513467,11.792031
54433047,회계/재무,-0.67378074,0.45253664,-0.5952416,13.192652,3.597639
54432996,회계/재무,-0.7967325,-0.13080515,0.23294851,10.189287,7.603538
54365547,회계/재무,1.1258733,-0.1626211,-0.002006692,6.763975,11.928912
54337629,회계/재무,-0.09260545,-0.22379848,0.40548664,9.355635,9.705885
54432718,회계/재무,-0.49608567,0.69638646,0.4158215,9.52427,4.208458
54432699,회계/재무,-0.7890978,-0.5161814,-0.23216806,11.596112,11.224183
54432479,회계/재무,-0.9982175,-0.04106154,-0.45642292,11.552895,11.807505
54353586,회계/재무,-0.5849676,-0.2802223,0.068245605,11.320169,11.190407
54431877,회계/재무,1.4890988,0.555844,0.17966962,8.8158,6.2887974
54431598,회계/재무,-0.87621343,-0.4143132,0.18934937,11.454746,10.542912
54431409,회계/재무,0.35466808,-0.32991055,-0.036556438,8.425492,11.590653
54431273,회계/재무,-0.17370217,-0.1423813,0.22209702,10.480694,8.702765
54431160,회계/재무,-0.7559872,0.41749442,-1.561879,13.166096,2.6852238
54431123,회계/재무,-0.63141954,-0.67668813,-0.30080822,11.041741,11.745959
54431111,회계/재무,-0.45846188,-0.5266755,-0.2392006,11.140019,11.995305
54430868,회계/재무,-0.46523216,1.1920722,0.14592043,9.316135,4.4834447
54430825,회계/재무,-0.67447555,-0.3015417,0.05604897,11.366222,10.449141
54430818,회계/재무,-0.55167085,-0.31942588,0.14887808,11.165906,10.35753
54430764,회계/재무,-1.1187193,0.6291777,0.21888591,10.301803,4.6234813
54283911,회계/재무,0.62945664,-0.14218095,0.034254637,8.055439,12.55247
54410118,회계/재무,1.6656193,-0.16009343,0.0067826277,5.8109937,12.680879
54430545,회계/재무,0.23624977,-0.2488341,0.07544185,8.730998,11.496506
54430494,회계/재무,1.081812,-0.29651454,0.100984894,7.029497,12.336885
54430275,회계/재무,-0.65301216,-0.4256525,-0.13850354,11.445648,11.740139
54430145,회계/재무,-0.52264255,-0.20149808,0.10256081,10.298509,9.892467
54430119,회계/재무,-0.30974543,0.58163583,-1.5332074,13.291798,2.713641
54430065,회계/재무,-0.11476072,-0.32970968,-0.20885892,9.8608055,11.884058
54429916,회계/재무,0.4203346,-0.4394866,-0.18188186,8.911165,12.497073
54397480,회계/재무,-0.0627753,-0.2966557,-0.22017962,9.888498,11.38888
54429698,회계/재무,2.2008498,-0.16547045,-0.048598196,4.888708,12.792048
54429624,회계/재무,-0.19393198,-0.3965076,0.05254231,11.033999,11.389107
54429306,회계/재무,-0.5796637,-0.10918398,0.19942279,12.912986,8.244787
54429018,회계/재무,-0.6883853,-0.32099694,0.10315739,12.863043,8.029406
54393707,회계/재무,-0.10573588,-0.5551038,-0.32015094,10.256705,12.681855
54428917,회계/재무,-0.47191915,-0.20017,-0.07503367,9.87458,10.564358
54361692,회계/재무,-0.95300514,0.05670363,0.013703325,11.598326,5.3873463
54428876,회계/재무,-0.57110196,0.4052165,-0.4415734,12.9103155,3.8799858
54361720,회계/재무,-0.8262735,-0.3019989,-0.033962216,11.195274,9.36714
54392383,회계/재무,-0.5713454,-0.107508734,0.43279245,11.950695,8.024949
54428301,회계/재무,-1.1774594,0.11955898,-0.621284,12.211026,11.131858
54427757,회계/재무,-0.07948291,-0.13495505,0.21580866,13.069784,8.386238
54427680,회계/재무,-0.46455082,-0.39406413,-0.020234691,11.076455,11.3863535
54427570,회계/재무,-0.39853954,-0.44966766,0.099043466,11.04963,11.330362
54426752,회계/재무,-0.7859017,-0.572275,-0.32507628,11.099374,12.349322
54421805,회계/재무,-0.2479698,0.624793,0.3737827,9.0652685,3.3762286
54382605,회계/재무,-0.49209094,-0.36906385,0.16183083,11.2095585,11.144037
54063264,회계/재무,0.4871045,0.38925403,0.19662192,8.475386,3.460651
54314790,회계/재무,0.21206062,-0.28086448,-0.060632262,9.191884,11.483033
54422875,회계/재무,-0.23609558,0.017744286,0.02045889,9.946277,11.236797
54422430,회계/재무,-0.41102195,-0.29435563,0.353348,10.5138855,9.552677
54422269,회계/재무,3.4793222,0.05908395,-0.050221268,3.2467852,12.792122
54422020,회계/재무,-0.34943843,-0.34724838,0.09469294,10.855703,9.072293
54421584,회계/재무,1.6160809,-0.21087708,-0.09801991,5.922744,12.170107
54421552,회계/재무,2.852909,0.34900156,0.14522137,3.6960871,12.661377
54089149,회계/재무,-0.5779927,-0.13147579,0.27247807,10.670803,8.417595
54362643,회계/재무,3.1528504,-0.011463213,-0.088818215,3.373662,12.809906
54420213,회계/재무,-0.69304276,-0.41436735,0.10184114,11.348339,9.021396
54419893,회계/재무,-0.5070434,-0.5527615,0.052454103,10.425425,11.315217
54419648,회계/재무,0.006757435,-0.3628972,-0.16250408,9.225565,11.457641
54283374,회계/재무,-0.3453498,-0.108981796,0.23293677,9.428089,9.5407
54419474,회계/재무,0.0071593043,-0.26901925,0.10729342,8.887543,10.868309
54213514,회계/재무,-0.68719345,-0.37246665,0.11573647,10.675139,10.027255
54419366,회계/재무,0.7213525,-0.30733004,-0.11385004,7.6866455,12.589092
54419064,회계/재무,-0.112935856,0.5863197,0.39052483,9.008003,3.740151
54385707,회계/재무,-0.9829351,0.65416634,0.066999555,11.248449,4.13313
54418842,회계/재무,-0.38022006,-0.41240287,-0.08506954,10.967172,11.696333
54418837,회계/재무,-0.5026865,0.36603177,0.25086254,9.829492,3.940101
54418716,회계/재무,-0.5239125,-0.13295646,0.27278683,12.892479,8.099296
54418669,회계/재무,-0.8977568,0.33773127,-0.32449383,11.81363,5.2124715
54418548,회계/재무,-0.7625164,0.31751367,-1.0609015,12.987173,3.21754
54334678,회계/재무,0.097565435,-0.33554408,0.06513039,8.855439,11.355984
54418305,회계/재무,-0.53144,-0.38920942,0.049010884,10.598604,10.504265
54418262,회계/재무,-0.8336308,0.69835246,0.5484551,9.56532,4.5492115
54418105,회계/재무,2.122141,0.90584683,-1.404524,13.899015,2.3924675
54417933,회계/재무,-0.599414,-0.33586803,-0.0089433845,11.250201,11.393771
54417661,회계/재무,-0.5735641,-0.28110752,0.26778752,12.824034,8.179749
54417660,회계/재무,0.7591846,-0.2643058,-0.22527273,7.8658814,11.334642
54417598,회계/재무,2.3035903,-0.08261747,-0.0113253,4.7117724,12.758334
54417504,회계/재무,-0.46419457,0.5609984,0.44821897,9.505905,3.7058575
54417449,회계/재무,-0.6390869,-5.4945507e-05,0.2662527,11.192448,8.393548
54417183,회계/재무,-0.5842082,-0.27483645,0.18126343,12.773026,8.073647
54417153,회계/재무,-0.80935687,-0.610831,-0.34390515,11.341768,12.021636
54417107,회계/재무,2.4013171,0.9727567,-0.087727144,4.786931,12.252932
54416751,회계/재무,0.70993507,0.007581121,0.056422688,7.4894347,11.651573
54308666,회계/재무,-0.55008274,-0.39775836,0.05707814,10.5920515,10.563495
54416413,회계/재무,-0.17931727,-0.49299532,-0.08592477,9.951338,10.749771
54416105,회계/재무,0.121213235,0.5658524,0.101645105,8.591151,3.4123116
54415926,회계/재무,1.490008,-0.2802536,-0.13016438,6.023739,12.712578
54415922,회계/재무,-0.78411424,0.42178446,0.46339357,10.134781,3.9824142
54268769,회계/재무,0.7130287,-0.24934378,0.12891227,7.548169,12.300653
54103848,회계/재무,-0.354569,-0.17851266,0.1629581,10.292322,9.955121
54415403,회계/재무,-0.65976584,-0.61942697,-0.18260239,11.124927,12.11139
54415007,회계/재무,-0.44251943,-0.44289878,-0.07896021,10.7262,11.506314
54410178,회계/재무,2.136284,1.0801921,-0.35812223,4.813803,12.342409
54410282,회계/재무,-0.5312889,-0.15419143,0.25164494,10.363843,9.011752
54414917,회계/재무,-0.34869722,-0.64255565,0.37168205,9.862507,10.556004
54397437,회계/재무,0.48813564,-0.13459748,0.017089738,7.6535926,12.05333
54291502,회계/재무,-0.19255644,-0.28496775,0.17958635,11.076915,11.339631
54411892,회계/재무,0.079647414,-0.09066902,0.37383693,9.272385,9.825062
54411058,회계/재무,-0.57581127,-0.3887073,0.2517989,10.756433,9.995558
54410923,회계/재무,-0.3722251,0.7077813,0.45735714,9.208483,3.672679
54410707,회계/재무,-0.7005232,0.5788082,0.2701206,9.651273,3.5205479
54410580,회계/재무,-0.5921288,-0.14024436,0.2842218,11.17349,8.333458
54303683,회계/재무,-0.21608888,-0.41445142,0.27033496,9.88719,11.392736
54410198,회계/재무,-0.7719452,0.41623643,0.4540797,10.002451,4.2518783
54410160,회계/재무,-0.64606714,0.42017856,0.48912132,10.02619,4.19056
54410001,회계/재무,0.98094547,-0.4010358,-0.18844032,7.677266,12.685718
54409995,회계/재무,-0.55042386,-0.41540453,-0.031691473,10.473733,10.445695
54409994,회계/재무,2.6497183,-0.066293426,0.081657834,4.1614795,12.601238
54409881,회계/재무,0.11438928,-0.27512434,-0.15076743,9.385715,11.831879
54409798,회계/재무,-0.66243786,0.52273476,0.23258065,9.678485,3.153864
54409734,회계/재무,-0.9128634,0.5308357,0.208492,10.193356,3.545656
54409396,회계/재무,-0.26992097,-0.31739265,0.020854866,10.017814,11.406754
54409021,회계/재무,-0.41040832,0.6876111,0.2884274,9.592288,3.3945456
54408998,회계/재무,-0.51486343,0.869299,0.46513382,9.314629,3.3617837
54408759,회계/재무,1.5342872,-0.10590306,-0.026240112,5.949328,12.724431
54408696,회계/재무,2.6538079,0.0066657066,-0.010178355,4.284722,12.879179
54349082,회계/재무,-0.55336255,-0.21298683,0.18783864,10.723046,8.974375
54407183,회계/재무,-0.86258346,-0.7314802,-0.60348725,11.683145,11.3838005
54406697,회계/재무,-0.74960434,-0.43648764,0.072064064,11.33315,11.509178
54181597,회계/재무,-0.42035475,0.82228136,0.64286864,9.043533,4.568345
54336262,회계/재무,-0.5992978,1.2433149,0.6018987,9.099345,4.6181626
54406424,회계/재무,-0.7295236,-0.31611592,-0.06939292,11.2130575,10.619157
54347750,회계/재무,-0.026837379,0.40780032,0.15085053,8.670221,3.4087179
54395424,회계/재무,2.2246675,-0.12354538,-0.07180597,5.0032005,12.888258
54405771,회계/재무,2.941771,0.06837116,-0.08315756,3.950452,12.812356
54405655,회계/재무,-0.0019669398,-0.31274542,-0.109571755,9.223197,11.463511
54405507,회계/재무,-0.041713797,-0.4924285,-0.101439245,9.437415,11.632198
53971545,회계/재무,0.6576036,-0.29001158,0.014195538,7.9399524,11.557301
54398145,회계/재무,-0.4117851,0.08230861,0.46135518,10.012009,7.9324207
54404879,회계/재무,-0.60071856,0.34662434,0.3002842,10.622521,3.8078911
54314564,회계/재무,-0.7547258,-0.58654785,-0.17791776,12.230793,10.713546
54404235,회계/재무,-0.46020582,-0.38199282,0.06291774,11.051317,11.219166
54404061,회계/재무,-0.28403118,-0.012935639,-0.17363179,9.800555,9.046326
54403679,회계/재무,-0.25971785,-0.25894648,0.16488591,12.9793415,8.299966
54395453,회계/재무,0.9523229,0.13019888,0.32169616,7.0188713,11.491044
54403144,회계/재무,-0.5445415,-0.563114,0.022467386,10.993755,12.903961
54403003,회계/재무,-0.72604173,-0.6656869,-0.017726846,10.987565,12.921222
54402764,회계/재무,-0.9083382,0.608683,0.329942,9.992875,4.613952
53952453,회계/재무,-0.5757035,-0.40578374,-0.49248484,11.468783,9.105049
54380238,회계/재무,-0.18241625,-0.3130843,0.092233524,11.02545,11.438262
54380292,회계/재무,-0.39623675,-0.113357045,0.17097758,10.488967,8.91371
54231263,회계/재무,-0.6361107,-0.5306971,-0.17875622,10.275287,10.877083
54398013,회계/재무,0.36884448,-0.27042463,0.017766947,8.293288,11.497393
54360339,회계/재무,-0.17920512,0.48222238,0.04127107,8.933099,6.1386294
54397882,회계/재무,-0.3230364,0.74412185,0.50577384,8.928527,4.11205
54397281,회계/재무,-0.58610463,-0.25272036,0.085578695,10.954777,10.3535185
54397104,회계/재무,-0.6683001,-0.31864828,0.20040299,12.836273,8.095489
54396987,회계/재무,-0.27883485,-0.4116645,0.063634165,9.695531,10.616384
54160377,회계/재무,-0.79850805,0.60129833,0.41462255,9.723696,3.8437498
54396314,회계/재무,-0.6168207,-0.06959404,0.38276443,9.968499,7.775226
54354063,회계/재무,-0.5786008,-0.510242,-0.10232092,11.298969,11.973876
54071544,회계/재무,-0.3435126,-0.29101112,0.20764454,10.217368,9.9646
54277666,회계/재무,-0.58309007,-0.46937793,-0.056775752,11.128242,11.283457
54395831,회계/재무,1.3652179,-0.24071631,-0.029330736,6.1776323,11.96872
54395786,회계/재무,0.412955,-0.35379955,-0.0765946,8.571264,10.991524
54395762,회계/재무,0.293221,-0.30899346,-0.029828694,8.592563,11.022084
54395476,회계/재무,1.3871783,-0.26135603,0.09315485,6.804651,12.539879
54395229,회계/재무,-0.6385814,-0.13410221,0.0051949997,10.132385,9.238753
54394508,회계/재무,2.7452514,0.03155375,0.030005718,4.0974693,12.713534
54393671,회계/재무,-0.86057925,0.34232056,0.5993576,9.684645,6.1484885
54187872,회계/재무,2.1190293,1.1167692,-1.6685982,13.892739,2.4207702
54393206,회계/재무,-0.39143416,-0.22175479,0.3100837,10.385324,9.710593
54393003,회계/재무,-0.33979842,-0.37030473,-0.023434892,9.984347,11.072542
54392471,회계/재무,-0.66448545,-0.18571538,0.24249913,10.988521,7.7051706
54392375,회계/재무,-0.2171147,-0.34824726,-0.09067044,9.27031,11.472085
54306965,회계/재무,-0.6862011,-0.4585659,0.09525886,11.093715,10.570159
54292999,회계/재무,-0.41675276,-0.37017533,-0.037933473,10.491481,10.890908
54391231,회계/재무,-0.40304345,-0.3660445,-0.031772498,10.289694,11.1285925
54391181,회계/재무,0.95325977,-0.24570069,0.11131228,7.267264,12.262853
54390947,회계/재무,-0.7082321,-0.020268628,0.24072027,12.530634,8.035709
54390359,회계/재무,-0.12293537,0.988287,-0.89436567,13.602393,2.825322
54390318,회계/재무,-0.5435789,-0.5679868,-0.16523667,11.21218,11.985891
54390224,회계/재무,-0.11348621,0.025074733,0.0029323362,9.852864,9.0284
54389516,회계/재무,-0.5216266,-0.105303824,0.3195841,10.561281,8.530107
54389367,회계/재무,-0.999769,0.74359924,-0.07435958,11.152189,4.062572
54365786,회계/재무,-0.5840812,-0.30139118,0.3209324,10.555671,9.877831
54385696,회계/재무,-0.90274936,0.8490424,-1.1206207,12.11297,4.662687
54385341,회계/재무,-0.72229534,0.014424014,0.3602037,11.208722,8.341159
54385080,회계/재무,-0.44699305,-0.39628065,0.21221495,10.446551,10.213298
54384923,회계/재무,1.7343118,-0.099033244,0.083219685,5.3953576,12.362185
54384075,회계/재무,3.1612532,0.8531336,0.25899327,3.318126,12.793193
54383759,회계/재무,-0.8785701,0.35145697,0.49632272,10.361567,4.4637895
54383574,회계/재무,-0.37719125,-0.42668048,-0.1374153,10.389939,11.531643
54383490,회계/재무,-0.33032474,-0.5520349,-0.03283219,9.763568,12.214227
54383322,회계/재무,-0.65998936,-0.17877588,0.37218547,10.8036785,8.486179
54383252,회계/재무,-0.53173095,0.56104714,-1.0544637,13.331727,3.1594963
54242735,회계/재무,-0.8188607,0.3157749,-0.14650126,12.861749,4.0816374
54382419,회계/재무,-0.97648007,0.71032625,-0.5939067,12.195313,4.469784
54381382,회계/재무,-0.38276663,-0.39408088,0.21289697,10.254919,10.327722
54381346,회계/재무,-0.9880362,0.5313727,0.4462054,9.967027,5.1563354
54381296,회계/재무,-0.1567814,0.6361624,-1.3473774,13.531157,2.807449
54381163,회계/재무,0.9603531,-0.20210458,0.0055154474,7.3837976,12.434006
54380136,회계/재무,-0.44408795,-0.13388985,0.4136281,9.5841675,9.437686
54379736,회계/재무,0.1984987,-0.39987215,-0.075496815,8.595943,11.936582
54106340,회계/재무,-0.89394164,-0.5448722,-0.14059198,11.607776,10.763543
54078159,회계/재무,1.1467464,-0.22566918,-0.010218188,6.9799824,12.336868
54359310,회계/재무,-0.4987969,-0.33349377,0.08188037,11.1301985,10.944033
54378881,회계/재무,-1.161466,0.91986537,0.0064769904,10.393016,3.4605732
54378794,회계/재무,-0.16471973,0.08624895,-0.09876384,8.957989,6.199085
54272215,회계/재무,-0.7212534,0.11470272,0.28879687,11.267378,8.258196
54378084,회계/재무,-0.45550275,-0.44076273,0.1621934,11.341434,9.162605
54377836,회계/재무,1.806815,-0.060393624,-0.048755627,5.253857,12.400379
54347287,회계/재무,-0.88245404,0.34319,0.24991818,10.08291,4.2058015
54377756,회계/재무,-0.79193306,0.16402742,-0.16481297,12.856059,4.0349965
54377093,회계/재무,0.5501304,-0.28307885,-0.06450729,7.9958386,12.106158
54376793,회계/재무,-0.81344527,0.28241795,-0.05823052,12.840643,4.0669312
54376734,회계/재무,-0.9406314,0.98618865,0.5148209,9.4239,4.7297935
54376047,회계/재무,-0.8703086,0.45797306,0.33581656,9.929035,4.4363613
54375890,회계/재무,1.4854509,-0.034384865,-0.0059251157,5.9407806,12.366298
54375760,회계/재무,-0.7104066,-0.18249045,0.3429851,10.8454485,8.162763
54219867,회계/재무,0.0059992797,0.6862428,-1.8201882,13.4793215,2.5655437
54375184,회계/재무,-0.7083751,-0.24643785,0.10483908,10.91388,9.0213375
54374569,회계/재무,-0.6621577,-0.6572991,-0.24615248,11.364551,12.054226
54374534,회계/재무,-0.8268262,0.7893541,-0.16060238,11.197859,4.056726
54361774,회계/재무,-0.45231935,-0.36541867,0.06956376,10.279689,10.033001
54374188,회계/재무,-0.038809698,0.6547614,0.13467668,8.771494,3.2768402
54374114,회계/재무,-0.72525007,-0.30235752,-0.4986316,11.442461,11.939518
54373975,회계/재무,-1.0468942,-0.5094213,-0.22595437,11.811251,11.207908
54373759,회계/재무,-0.5808164,0.1128394,0.57589847,9.683622,6.3534675
54364705,회계/재무,0.0008314179,-0.29876527,0.04786001,9.014262,10.498045
54373605,회계/재무,-0.72192633,-0.3513324,-0.053999368,11.482478,11.060064
54366566,회계/재무,-0.35080373,0.5403688,0.5024822,9.107286,3.4258425
54361956,회계/재무,-0.5471696,-0.35000443,0.11972964,10.9857645,10.225062
54373111,회계/재무,-0.8795454,-0.48860377,-0.555583,11.71218,11.633495
54372101,회계/재무,0.62515783,-0.21631247,0.06064335,7.673345,12.429432
54372042,회계/재무,-0.47003594,-0.42436087,0.19459546,10.539777,10.594391
54371984,회계/재무,2.9298573,0.12397482,0.1399091,3.9267735,12.669018
54371629,회계/재무,0.24413805,-0.34908244,-0.0031717322,8.319581,11.337444
54371310,회계/재무,2.1551065,0.92380047,0.35251534,4.9218335,12.04162
54371112,회계/재무,0.5610808,0.37057152,-1.0006143,13.744188,2.5812633
54371066,회계/재무,-0.9266701,0.19733067,0.5365532,9.420874,6.1531944
54120241,회계/재무,-0.0966922,-0.0535494,0.2666155,10.392414,8.61036
54187694,회계/재무,-0.8010044,0.009882857,-0.04870585,11.874018,9.255462
54366864,회계/재무,2.1661203,-0.0045298673,0.026580902,4.9419627,12.44994
54366772,회계/재무,-0.7502154,-0.35781956,0.01682564,11.094174,11.676278
54366391,회계/재무,0.82177544,0.9537604,0.29398507,8.028396,3.6419518
54366376,회계/재무,-0.72054404,0.6427627,-0.3989224,12.18879,4.523498
54365306,회계/재무,-0.5584106,0.9485311,-0.77005273,13.470938,3.262126
54365266,회계/재무,-0.8290384,0.5072994,-0.15994862,10.732847,3.8622472
54365039,회계/재무,-0.69227755,0.381133,-0.7168651,13.043566,3.7142808
54364981,회계/재무,-0.74040633,-0.3159875,0.09689159,10.131855,7.585714
54364784,회계/재무,-0.2902221,0.28150666,-0.95798975,13.190741,3.3619828
54364555,회계/재무,-0.52936614,-0.36312512,-0.10819039,11.033598,10.47144
54364048,회계/재무,-0.7415116,0.6046954,0.5361707,9.542194,4.633614
54363835,회계/재무,0.8293645,-0.15435486,0.14238536,7.255452,12.092394
54363681,회계/재무,-0.07671615,1.0012873,0.24120489,8.811475,3.2032692
54363553,회계/재무,-0.6284495,0.81681246,0.45372507,9.378906,3.5160189
54363535,회계/재무,-0.79231894,-0.1696546,-0.05065889,11.169377,8.5239525
54307763,회계/재무,-1.0626658,0.23819444,0.12254329,11.675052,5.232244
54361760,회계/재무,0.810663,-0.13513294,0.13658105,7.3840466,12.351657
54361475,회계/재무,-0.19088838,-0.51581085,-0.4257419,10.323935,12.589457
54360930,회계/재무,2.845972,-0.0019362936,0.050207105,4.071783,12.62784
54360645,회계/재무,0.13712028,-0.38638815,-0.05746544,8.660531,11.437475
54360474,회계/재무,0.08518221,-0.21117166,0.08508432,9.074055,10.033377
54360182,회계/재무,-0.8076062,-0.17966557,-0.62328213,12.305219,10.915334
54359830,회계/재무,-0.7868315,0.56283146,-0.833154,13.236573,3.3477767
54325241,회계/재무,-0.47518912,-0.407124,-0.114801414,10.420629,10.415975
54292896,회계/재무,0.5783356,0.6901403,-1.6566017,13.742904,2.4750938
54359498,회계/재무,0.2000808,-0.4187306,-0.32584602,9.736199,12.7662
54359311,회계/재무,-0.21629183,0.54333425,-1.1681142,13.448878,3.0352747
54324878,회계/재무,0.6423379,-0.22095844,0.2955571,7.4687467,12.216911
54359179,회계/재무,-0.348114,-0.35187352,0.06545451,10.177155,10.195652
54358740,회계/재무,0.6547816,-0.13374342,0.02789281,7.5005774,11.629289
54358357,회계/재무,-0.8235014,0.53849286,-0.14136308,10.387678,5.144648
54238159,회계/재무,3.2936819,0.13168582,0.055966284,3.3581815,12.747007
54357847,회계/재무,-0.40358052,-0.45247778,-0.007431113,10.961269,12.890326
54357803,회계/재무,0.8125406,1.0439525,0.23441426,8.046415,3.7118568
54334391,회계/재무,-0.6579518,0.25399554,-0.43884674,12.912447,3.8014667
54337314,회계/재무,-0.83019,0.36936042,0.47579113,9.721007,4.8143435
54322127,회계/재무,-0.9526789,0.84533376,0.5459082,9.640577,4.73153
54322132,회계/재무,-0.893013,0.7588097,0.64960974,9.614556,4.6768003
54354037,회계/재무,-0.7989737,0.40575445,0.3054919,9.932137,4.282829
54353920,회계/재무,-0.89212865,0.88266236,-1.4965672,12.116412,4.674172
54339308,회계/재무,-0.53254896,0.49477383,-1.5486157,13.236348,2.735477
54353450,회계/재무,-0.92131275,0.56310344,0.16887477,10.179094,3.508816
54352955,회계/재무,0.39662772,0.14841981,0.41217372,9.495126,8.246416
54352681,회계/재무,-0.43240994,0.63917655,0.52453923,9.377321,3.8730345
54352323,회계/재무,-0.23285188,0.020323064,0.12555252,11.365532,8.504122
54351636,회계/재무,-0.68105346,0.47605672,-1.4899501,13.184323,2.8055437
54351132,회계/재무,0.43453732,-0.4268173,-0.30095628,8.881594,12.885941
54325154,회계/재무,-0.8580537,-0.4069392,0.093281835,12.2733555,10.662292
54214899,회계/재무,-0.7036525,0.63071966,0.53735095,9.842325,4.6798797
54350794,회계/재무,-0.43265474,-0.46717808,-0.08131354,10.354419,11.42021
54350734,회계/재무,-0.90240085,-0.5384937,0.13496093,11.683426,11.14847
54350364,회계/재무,-0.3155973,-0.41508234,0.124282,10.151501,11.338653
54350298,회계/재무,-0.3792389,0.25785422,0.2665595,11.8453,7.8634233
54350134,회계/재무,-0.23796433,0.47623003,0.25303325,9.091326,3.3896408
54350042,회계/재무,-0.4513301,-0.3906145,0.11274634,11.371866,9.17956
54349736,회계/재무,-0.7807196,-0.39637485,0.11910258,12.779004,7.9726315
54314807,회계/재무,0.80520177,-0.37580946,0.0061127488,6.9531345,11.733545
54349315,회계/재무,0.8688267,0.77037525,0.35016856,8.058641,3.6488907
54302675,회계/재무,1.662471,0.7751457,0.24186528,5.00612,11.949521
54284381,회계/재무,2.219072,0.06735818,0.06895985,4.7953587,12.781742
54348125,회계/재무,2.8628037,0.08360227,0.009592523,3.995865,12.712408
54348065,회계/재무,-0.6541933,-0.3892081,0.048565444,10.750291,10.60179
54347850,회계/재무,-1.1512642,-0.2750685,-0.2058166,10.2099695,7.374099
54347702,회계/재무,1.6310725,-0.25550607,-0.1367644,5.910682,12.696637
54347685,회계/재무,-0.19200888,-0.45055765,0.031722326,10.467016,11.530228
54347404,회계/재무,-0.65386844,0.46855336,0.64995694,10.131149,3.9957273
54347377,회계/재무,-0.584442,-0.43726584,-0.15522204,11.4377365,11.2864275
54347255,회계/재무,-0.6763349,-0.44913518,-0.116515614,11.470041,11.711771
54332091,회계/재무,-0.33149537,0.6831771,0.46777582,9.180295,3.7236938
54320201,회계/재무,3.489274,0.071634434,-0.062220044,3.2205935,12.816556
54345845,회계/재무,-0.7391825,0.7901373,0.7393267,9.160017,4.5930142
54345406,회계/재무,-0.77806365,0.11177629,-1.0414469,12.5526905,3.6591556
54321717,회계/재무,-0.6369061,-0.04267679,0.35677472,10.804471,9.252598
54319558,회계/재무,-0.60198253,-0.2130054,0.18506858,10.918439,8.663102
54283731,회계/재무,-0.34095642,0.21097425,0.29390776,10.250879,4.515122
53976253,회계/재무,-0.6420405,-0.3980878,-0.106004246,10.748865,11.037391
54340586,회계/재무,-0.8366988,0.5548379,-0.2100802,11.326491,4.1806536
54340515,회계/재무,-0.49056605,-0.37913144,0.04793099,10.432108,10.63007
54340174,회계/재무,0.3550836,-0.48358157,-0.10717923,9.520724,12.255766
54340085,회계/재무,-0.44483954,-0.48830146,-0.1789217,10.14045,10.732157
54339680,회계/재무,0.14711857,-0.20845276,0.06900134,9.185846,12.035667
54338780,회계/재무,0.9567687,-0.27337384,-0.04377171,7.3628387,12.630015
54338366,회계/재무,-0.86020046,0.6416546,0.35706472,9.666222,3.6478822
54338345,회계/재무,-0.95044416,0.48407608,0.22681902,9.819844,3.2470791
54338120,회계/재무,1.7596318,-0.1742934,-0.050250098,5.7587175,12.655394
54337927,회계/재무,-0.412334,0.5101867,0.40467277,9.741183,3.769827
53913993,회계/재무,-0.50342846,0.37080428,0.2844474,9.868953,3.817535
54337493,회계/재무,-1.0292082,0.5740533,-0.9957098,12.058894,4.749867
54337484,회계/재무,2.2856152,-0.08614808,-0.041244436,4.62822,12.500239
54337470,회계/재무,-0.6295792,-0.3413681,0.3495477,11.015599,8.89635
54323433,회계/재무,-0.741994,-0.3787504,0.029837374,11.444125,11.029925
54336426,회계/재무,-0.11837744,-0.47822243,-0.06307558,9.447412,10.651548
54335664,회계/재무,0.6621402,-0.28175655,-0.120271005,6.9156704,11.945365
54335587,회계/재무,0.113069244,-0.31685475,0.06427416,8.85447,11.682416
54335124,회계/재무,-0.1436144,-0.3279964,0.07544299,9.162109,11.323985
54335106,회계/재무,1.513202,-0.03350228,0.14769842,5.799708,12.332172
54334945,회계/재무,0.5796785,-0.3395089,0.03525662,8.036122,11.77738
54321020,회계/재무,-0.02197548,0.08781635,0.30209088,9.713117,8.126172
54334322,회계/재무,-1.2929208,0.5877468,-1.1927254,12.09742,4.6956124
54333017,회계/재무,-0.80482435,-0.27605596,0.23607992,10.947572,7.7295423
53982271,회계/재무,-0.22951066,0.66871685,-1.2189423,13.574516,3.067049
54279876,회계/재무,-0.7141581,0.56075895,-1.0690826,13.298476,3.3318822
54320985,회계/재무,-0.666196,-0.11042041,0.35951632,11.361538,8.196523
54325118,회계/재무,-0.31589708,-0.25991422,0.13347596,10.079184,10.106985
54331925,회계/재무,-0.7697158,-0.07308282,0.27534828,10.897313,7.6396503
54329888,회계/재무,1.323248,-0.25030026,-0.08765474,6.6145916,12.661081
54310849,회계/재무,-0.41068628,-0.29707438,0.124721035,11.281709,11.262784
54304532,회계/재무,-1.0437411,0.44159323,0.28569463,10.495119,3.9434462
54307157,회계/재무,-0.73431826,-0.14967543,0.43629637,9.957451,7.7141094
54307181,회계/재무,-0.6322463,-0.11258697,0.36723685,9.949725,7.7457376
54328854,회계/재무,-0.5182487,0.4530014,-1.6209682,13.22614,2.728616
54327189,회계/재무,0.8798647,-0.31218898,-0.11188608,7.9099207,12.740367
54326650,회계/재무,-0.73898524,-0.3055626,0.20159017,12.604923,7.9574523
54326182,회계/재무,-0.16126081,0.7709828,0.5148612,9.052312,3.8511498
54325762,회계/재무,-0.55952257,0.3412049,0.35131818,9.797344,3.7023952
54157641,회계/재무,-0.56638527,0.25452265,-0.76482993,12.986373,3.565389
54112494,회계/재무,1.3525406,0.5065767,0.388228,6.8855577,11.4046545
54324502,회계/재무,-0.9423642,0.65968984,0.36316013,10.105281,3.5406642
54323992,회계/재무,-0.53982663,-0.49765062,-0.13046563,11.036686,11.66945
54323862,회계/재무,-0.66032887,0.030785885,0.47218668,10.086368,7.8163238
54323469,회계/재무,0.7965917,-0.40478724,-0.23711114,7.766938,12.765669
54322726,회계/재무,-0.5877397,-0.43573466,-0.17684563,10.46371,11.587509
54322668,회계/재무,-0.037569188,-0.44321084,0.073774934,9.587944,11.0575695
54322006,회계/재무,-0.8832541,0.4945702,0.4777096,9.819589,4.8595133
54321728,회계/재무,-0.35320017,0.663518,-1.7115942,13.417445,2.625878
53903903,회계/재무,-0.5239925,-0.120714895,0.2241425,12.884939,8.314153
54312424,회계/재무,0.7532938,-0.31136417,-0.19958214,7.849203,12.730723
54320320,회계/재무,3.079418,-0.010603102,-0.082799904,3.986083,12.872038
54319904,회계/재무,-0.3378608,-0.4814957,-0.065848306,10.058412,11.416421
54319417,회계/재무,-0.72731286,0.2290872,-0.67015374,12.959564,3.6265426
54318265,회계/재무,0.05761816,-0.265576,-0.047576275,9.458851,11.960544
54215567,회계/재무,-0.6473554,0.17949228,-0.58818316,12.929786,3.7163925
54314060,회계/재무,-0.6462258,0.46632662,0.38635826,9.90501,3.874104
54313562,회계/재무,0.24146502,-0.2465523,-0.08925397,9.150856,12.0381975
54313209,회계/재무,-0.91937315,-0.449113,0.14544612,11.611197,11.145814
54313093,회계/재무,-0.7735528,-0.31560305,0.04203344,11.371563,10.429943
54243240,회계/재무,-0.9823597,0.82033974,-0.3894451,12.278535,4.4122744
54256930,회계/재무,0.9748214,-0.19080341,0.07277672,6.8977823,11.979584
54178166,회계/재무,-0.81225425,-0.03786098,0.19129884,10.979498,7.6739683
54244988,회계/재무,1.8475723,-0.21463078,0.086423464,5.2272806,12.375426
54312333,회계/재무,-0.94533175,0.37801033,0.28503832,10.071209,4.1604714
54312316,회계/재무,-0.036453288,-0.21655229,0.33291906,9.25085,9.804307
54312214,회계/재무,-0.06038824,0.6348181,0.33989787,8.711668,3.372983
54312052,회계/재무,-0.80802006,0.2984669,0.078118265,10.2195,3.5021145
54311311,회계/재무,0.42523548,0.8399762,0.54826444,8.659066,4.5016036
54311162,회계/재무,-0.008440973,-0.29164347,0.23502487,9.254579,10.673669
54207631,회계/재무,0.24881643,0.70010376,0.34835273,8.377679,3.549762
54310686,회계/재무,1.6920464,-0.29335126,-0.15137291,5.2205915,12.473767
54310581,회계/재무,0.75539196,-0.27084586,-0.039902948,7.544303,12.488856
54310096,회계/재무,1.6435527,-0.09972779,0.080447234,5.7575765,12.295487
54309704,회계/재무,0.42290574,-0.3310786,-0.17139833,8.667361,11.825518
54308157,회계/재무,-0.5452628,-0.42716986,0.21761285,10.918281,10.139745
54060567,회계/재무,-0.27908292,-0.4972965,-0.27616975,10.619188,12.43842
54206043,회계/재무,1.1418592,-0.22021957,-0.049180735,7.274557,12.500321
54307010,회계/재무,1.5565927,0.75216556,-1.2187809,13.936295,2.443657
54306160,회계/재무,-0.66880393,0.32232252,0.28350848,9.964602,4.209392
54279371,회계/재무,-0.65417117,-0.41813776,0.21736352,11.146902,10.296584
54256619,회계/재무,-0.8738934,-0.32345608,-0.0041645267,12.714662,8.0457325
54305006,회계/재무,-0.43309075,0.08960914,-0.30778003,12.959766,3.9120893
54304116,회계/재무,-0.903088,-0.7103564,-0.10165389,10.993869,12.905056
54016935,회계/재무,1.8635718,-0.14978233,0.07743168,5.5370083,12.160592
54302423,회계/재무,-0.31171668,-0.26364356,0.11573836,10.9600725,11.46165
54290581,회계/재무,-0.76597035,-0.52097374,-0.112969905,10.926663,11.43916
54288161,회계/재무,-1.0113512,-0.29838493,-0.13090494,11.483428,10.966931
54297778,회계/재무,2.6434317,-6.540264e-06,0.08919301,4.201806,12.68342
54281916,회계/재무,0.02210991,-0.2675934,-0.09570448,13.0349,8.468101
54300120,회계/재무,1.7891344,-0.26886934,-0.2456573,5.454466,12.836831
54292305,회계/재무,-0.8133596,0.5285043,0.5907872,10.006109,4.3340726
54278778,회계/재무,2.1521583,-0.0073417374,0.028073765,5.058254,12.589514
54277678,회계/재무,-0.561673,-0.13082917,0.36883384,10.850011,9.273163
54296377,회계/재무,0.94041663,-0.28817898,-0.023152335,7.202792,12.530101
54296268,회계/재무,-0.555842,-0.48909977,0.06477374,10.641481,10.77497
54296267,회계/재무,-0.11698807,-0.34491366,0.034632802,11.38555,9.222382
54296090,회계/재무,-0.11105147,-0.22028662,0.3634479,9.269915,9.704873
54273102,회계/재무,3.1497653,0.07959395,0.06843506,3.629356,12.633399
54295722,회계/재무,-0.6460354,0.22207285,0.33105996,9.997237,4.0006967
54295478,회계/재무,-0.18075444,0.6329712,0.2297653,8.871098,3.2638028
54294240,회계/재무,-0.29428095,0.34170836,0.24713464,9.22638,3.9345903
54294084,회계/재무,-0.27502403,-0.31937617,-0.10807191,10.622246,11.027221
54294005,회계/재무,0.028356204,0.55845606,0.36993927,8.773393,3.567051
54293956,회계/재무,3.2462254,0.15972956,0.06661975,3.4108415,12.734515
54292547,회계/재무,-0.7896095,0.40451136,0.29778516,10.03097,3.9021974
54292528,회계/재무,-0.794501,0.40178534,0.5615341,9.511126,6.051886
54292509,회계/재무,-0.354172,-0.47002423,0.0034142742,10.26221,11.538777
54181419,회계/재무,1.2840086,-0.16354802,-0.07108432,6.2495637,12.466911
54291544,회계/재무,-0.42496422,0.017744485,0.42320195,9.853021,7.9153585
54291529,회계/재무,0.07599125,0.2814472,0.44452184,9.706301,8.089264
54291299,회계/재무,3.3630953,0.13573544,0.017686456,3.3011954,12.725301
54289504,회계/재무,-0.43832558,-0.21125509,0.20645191,10.753147,8.601625
54289413,회계/재무,-0.49411917,-0.34006998,0.030064939,10.618079,10.232035
54289277,회계/재무,1.5731326,0.48833975,0.37415674,5.4374866,12.449225
54272226,회계/재무,-0.0056788474,-0.35884795,-0.028794056,9.744536,11.149949
54288398,회계/재무,0.96763134,-0.098910354,0.053865783,7.353703,11.43738
54204574,회계/재무,-0.52798235,-0.33879957,-0.033271536,10.479508,10.742502
54283434,회계/재무,-0.26098368,-0.27257815,0.3018569,9.309417,9.649026
54283423,회계/재무,2.3716862,0.016427882,-0.053592034,4.589136,12.501913
54282507,회계/재무,-0.48332432,-0.33028263,0.21358041,11.037318,9.015464
54203684,회계/재무,2.7463002,0.040112846,0.07752711,4.1890454,12.586353
54281536,회계/재무,-0.377819,-0.14618091,0.13993372,10.577301,8.7908
54281005,회계/재무,0.2434156,-0.2240837,-0.01927639,8.521823,12.087074
54253709,회계/재무,3.702618,0.121217035,0.010220115,3.1393359,12.832864
54280866,회계/재무,0.2176075,-0.35536036,-0.11249268,8.905206,11.737783
54280087,회계/재무,-0.77695394,0.1772393,-1.0086324,12.999518,3.3606184
54194649,회계/재무,0.5115361,-0.32920548,-0.021077378,8.079284,11.850621
54278856,회계/재무,-0.78144974,0.5850194,0.44371685,10.184065,3.6322398
54273276,회계/재무,-0.31195858,0.55056834,0.3817294,9.113445,3.4812572
54272487,회계/재무,0.8158752,-0.3808198,0.10304181,7.7497196,12.456619
54270816,회계/재무,-0.4462098,0.8684408,0.70923907,9.094157,4.4925885
54270318,회계/재무,-0.8647396,-0.21528733,0.26639357,10.926974,7.775353
53968684,회계/재무,0.38736847,-0.47316986,-0.38040257,9.652093,12.815351
54269916,회계/재무,0.03770545,-0.31026265,0.23888698,9.059644,12.212872
54269836,회계/재무,1.9526662,-0.15644933,-0.107001446,5.3119392,12.588046
54269832,회계/재무,-0.70259887,0.5633843,0.31854302,9.725697,3.7942233
54268988,회계/재무,-0.60917854,-0.0840509,-0.101580024,11.958297,9.111325
54268835,회계/재무,-0.6750787,-0.3946177,0.017065497,11.188115,10.803564
54268660,회계/재무,-0.24177554,-0.36664468,-0.03291483,10.114588,11.13049
54183144,회계/재무,-0.27585408,-0.29132274,0.17348002,11.160718,9.373502
54268176,회계/재무,-0.4985028,-0.07469797,0.24726139,10.01733,9.165456
54267492,회계/재무,-0.40313023,-0.40683746,0.09248246,10.999152,10.406093
54219176,회계/재무,0.67131376,-0.24089082,0.18241924,7.5345826,11.8688965
54266835,회계/재무,-0.15156929,-0.1120474,0.1828765,9.467893,11.393439
54256813,회계/재무,-0.37577304,-0.23525731,0.36298978,10.263297,9.642957
53934877,회계/재무,3.81213,0.2338795,-0.041109104,3.1183167,12.818389
54244579,회계/재무,-0.86949104,0.3691331,0.34460148,10.184545,4.5517564
54246486,회계/재무,-0.011251644,-0.17011026,-0.0077127083,9.322169,12.366304
54259169,회계/재무,-0.78017056,0.5810475,0.4277626,9.827235,4.907329
54258858,회계/재무,3.2450933,0.7605094,0.1686509,3.3710277,12.805213
54258265,회계/재무,0.6049433,0.74453104,0.3598893,8.114307,3.5866635
54226039,회계/재무,-0.72260344,-0.41467434,0.0333146,11.358875,10.503615
54257983,회계/재무,3.0816808,-0.041890897,-0.1498632,3.879916,12.828656
54257657,회계/재무,-0.6839841,0.83654577,0.41748208,9.254005,5.874442
54200418,회계/재무,-0.08450931,-0.15858799,0.29289258,9.271933,9.755646
54254640,회계/재무,-0.18011568,-0.4536119,-0.05878865,9.893802,11.281503
54246721,회계/재무,-0.41255492,0.62987554,0.36735058,9.50762,3.514012
54252957,회계/재무,0.5889287,-0.12144381,0.088966995,7.325096,11.4127035
54217417,회계/재무,0.49412093,-0.16352755,-0.5221593,8.053047,11.187842
54252505,회계/재무,-1.0700023,0.6212158,0.056685515,9.890367,6.101956
54248298,회계/재무,-0.9197237,-0.6650471,-0.25091907,12.300675,10.767023
54248290,회계/재무,-0.8146507,-0.4316912,0.022981675,12.32113,10.7273855
54247420,회계/재무,0.18264705,-0.28244478,-0.13816331,8.537983,11.490157
54246837,회계/재무,-0.38443723,-0.35278308,-0.19280434,9.861509,11.729642
54246415,회계/재무,0.7443292,-0.34382927,-0.2587713,7.8881664,12.860219
54245533,회계/재무,-0.54414296,-0.099916615,0.30324054,10.630137,8.399019
54245049,회계/재무,0.47175968,-0.13874462,0.011133199,7.4382906,11.32599
54244751,회계/재무,0.30047408,-0.11366407,0.10892236,7.41873,11.257701
53969793,회계/재무,-0.50734913,-0.35423613,0.16690484,10.736679,10.402766
54243373,회계/재무,-0.4965906,0.82906926,0.5887244,9.210789,5.439123
54243046,회계/재무,0.97880167,-0.13354568,0.13404173,7.1072235,11.764565
54242169,회계/재무,3.6521647,0.25039583,0.0056508607,3.1624963,12.809524
54241570,회계/재무,0.89794344,-0.028970646,0.21302693,7.04046,11.699895
54241505,회계/재무,3.8765194,0.11695128,-0.04736578,3.1694484,12.815059
54240697,회계/재무,-0.5576257,-0.34634262,0.051263027,10.728379,10.457817
54239910,회계/재무,-0.14581129,0.21090037,-0.21993823,10.177471,9.467076
54239583,회계/재무,0.045779303,-0.29631,-0.024240784,9.195442,11.664517
54223923,회계/재무,0.6656397,0.53568274,0.4471407,8.150493,3.615822
54237904,회계/재무,-0.3451707,0.047426365,0.04568413,12.568236,8.74688
54172946,회계/재무,0.15630975,-0.053850755,0.30768964,13.0878105,8.385519
54225859,회계/재무,-1.0063215,0.16414796,0.33258173,9.982603,6.56561
54217319,회계/재무,-0.68925637,0.65432376,0.42529503,9.757401,3.9787028
54206208,회계/재무,-0.1960119,-0.110830635,0.28186944,9.533748,11.340734
54227447,회계/재무,-0.5306048,-0.3245063,0.087816246,10.720137,10.098102
54217409,회계/재무,0.41099986,-0.39986807,-0.21614577,7.4568033,12.195114
54201009,회계/재무,-0.45749295,0.61327624,0.5142606,9.328112,3.5473013
54219678,회계/재무,-0.7334197,-0.40054932,0.14012484,11.3618145,10.470411
54219458,회계/재무,-0.900837,-0.4892456,-0.10001777,11.531325,10.6793995
54217938,회계/재무,-0.57902634,-0.28099543,-0.18793054,12.684774,8.553175
53902358,회계/재무,2.9078074,0.07001538,0.051070344,3.8551252,12.644395
54215159,회계/재무,0.32528734,0.54673433,-0.871909,13.702116,2.703771
54214658,회계/재무,-0.63649845,0.15506795,-0.32026258,12.914884,3.9458063
54214128,회계/재무,-0.7718475,-0.5056348,-0.040491536,11.4870825,10.71322
54213276,회계/재무,-0.7152811,-0.1894857,0.14823285,12.738647,8.054069
54173481,회계/재무,-0.53610533,0.63177556,0.53371775,9.396437,3.578177
54193089,회계/재무,0.4372231,-0.31783605,-0.048687823,8.759304,12.416041
54207813,회계/재무,-0.2988982,-0.41647837,0.060134,10.365082,10.841672
54206713,회계/재무,3.3170273,0.08101224,0.031764843,3.2833838,12.798018
54177370,회계/재무,-0.5860991,-0.34004277,0.0653536,10.848419,10.186394
54204930,회계/재무,-0.75183576,-0.21894354,0.22335742,10.9857855,7.69379
54204665,회계/재무,-0.055180736,-0.40694198,-0.26876655,10.090507,11.679876
54202721,회계/재무,-0.7363992,-0.5160132,-0.1355202,10.594182,11.17356
54201345,회계/재무,-0.6305015,-0.41642967,-0.1286399,12.973406,8.094921
54200864,회계/재무,-0.8689335,0.32483554,0.3568723,9.949815,4.328636
54200161,회계/재무,-0.5588704,0.0033806062,0.4019798,10.213552,7.875498
54199648,회계/재무,1.3366032,-0.34624866,-0.35882372,6.2130117,12.810088
54181120,회계/재무,-1.0598922,-0.28664154,-0.15491363,11.720373,10.808003
54173921,회계/재무,1.5516863,-0.13687989,0.13085468,5.953782,12.26994
54181100,회계/재무,-0.8641283,-0.28528118,-0.1484826,11.039752,8.792967
54194480,회계/재무,-0.72842467,0.11350746,0.45447773,10.226231,7.740616
54194374,회계/재무,2.6189473,0.10570904,0.20208734,4.5982223,12.628937
54193735,회계/재무,-0.18694861,-0.3660971,0.0072636846,9.809011,11.220658
54193508,회계/재무,1.7350298,0.09507734,0.3433885,5.5189753,12.278681
54193148,회계/재무,-1.1383915,0.88251245,-0.18724333,11.295272,4.1304393
54192980,회계/재무,1.5259721,-0.16964602,-0.0007861797,5.9639063,12.454569
54191697,회계/재무,1.7054224,0.62600386,0.34330583,5.0664334,11.916264
54191441,회계/재무,-0.78601897,0.04495394,-0.7000748,12.859099,3.555358
54188062,회계/재무,1.8892356,-0.12537082,0.056961153,5.5586534,12.2013445
54187678,회계/재무,-0.73709905,-0.19454347,0.2741672,11.996561,8.179822
54186832,회계/재무,-0.3082774,-0.42971203,0.029021246,10.311733,10.732233
54181746,회계/재무,0.03929987,-0.15113798,-0.10342452,8.610442,12.4314375
54181732,회계/재무,-0.23366906,0.6060433,0.4434712,9.02134,3.4108927
54181215,회계/재무,0.1641353,-0.5176558,0.05137272,9.106361,12.3884115
54180892,회계/재무,-0.7521413,-0.6028422,-0.04867394,11.714339,11.570944
54179752,회계/재무,-0.23644556,0.30501622,0.3541598,9.738441,8.057315
54175374,회계/재무,-0.23008054,-0.47975448,-0.09856974,10.353516,11.500761
54174972,회계/재무,-0.5997409,-0.27799118,0.41568175,10.5506525,8.717099
54174949,회계/재무,0.937658,0.60658,0.29776382,8.061685,3.6490235
54173632,회계/재무,-0.28613275,0.65009457,0.34525874,9.073588,3.5211403
54173573,회계/재무,-0.022408726,-0.25478083,0.19885056,9.110271,10.759195
54173081,회계/재무,0.3548339,-0.18926366,0.24198104,8.882813,10.1987
54172000,회계/재무,0.281623,0.55372906,0.15032183,8.5230255,3.4493995
54171602,회계/재무,-0.750967,-0.037741456,0.17195593,10.117967,7.5097365
54160531,회계/재무,-0.4524344,0.28601804,-0.66358167,13.08071,3.677753
54159225,회계/재무,-0.013743145,-0.11446847,0.0539518,13.153329,8.377029
54157722,회계/재무,-0.3979544,-0.36948672,-0.16467528,10.581308,11.328863
54148673,회계/재무,0.8484947,-0.29916477,-0.011809311,7.474162,12.553226
54137481,회계/재무,-0.905069,0.49663684,0.3751125,10.039425,4.0534425
54135255,회계/재무,-0.7491789,0.3065522,-1.3638062,13.205853,2.8187776
54041129,회계/재무,-0.2594486,-0.04610868,0.35860974,12.980331,8.364872
54124122,회계/재무,-0.38981006,0.52806586,0.48427814,9.16642,3.5757008
54109975,회계/재무,-1.1247547,0.30042946,-0.37429452,11.595484,4.7017303
53935763,회계/재무,-0.20685904,-0.15505116,0.40701428,10.512072,8.660589
53922498,회계/재무,-0.5198538,0.44676036,-1.3503649,13.000179,2.9695103
54109034,회계/재무,-0.63162076,0.15812813,-0.62333375,13.0605755,3.7587457
54049457,회계/재무,-0.78685784,0.1390549,0.31851357,11.577728,5.42677
54075490,회계/재무,-0.07460283,-0.10961721,0.27841997,10.153251,8.899038
54075211,회계/재무,-0.53997785,-0.31752527,0.18636733,10.6622925,9.960264
54058352,회계/재무,-0.62906724,0.12326166,-0.5087507,12.945063,4.050042
54060285,회계/재무,-0.4771754,-0.27522653,0.30215952,10.405856,9.715501
54060012,회계/재무,-0.7307591,-0.33234477,0.04710785,11.309024,8.925709
54056940,회계/재무,-0.21878727,-0.44582847,0.02233188,10.183511,11.539391
54039917,회계/재무,-0.057997845,-0.16337836,0.19821195,9.292611,9.734685
54027507,회계/재무,-0.6319259,-0.28753516,0.31470522,10.61854,9.788324
54017438,회계/재무,-0.6576105,-0.24957934,0.18401186,11.257662,10.298501
53933973,회계/재무,-0.42426023,0.5782563,0.25597173,9.525363,3.4877942
53929734,회계/재무,-0.789763,0.7437958,0.45686805,9.459034,4.667119
53946726,회계/재무,0.094260685,0.67678976,0.26632953,8.521027,3.87555
53946713,회계/재무,1.0696056,0.21580613,0.024325138,6.9492474,11.986041
53946690,회계/재무,0.98877007,0.8383903,0.2306646,8.067463,3.8173003
53853540,회계/재무,-0.28504017,-0.44487303,-0.090155154,10.378179,11.535297
53966382,회계/재무,-0.61481565,-0.017940508,0.40535882,9.984984,7.7275267
53931727,회계/재무,0.29742122,-0.44077754,-0.28788504,9.337953,12.617377
53928439,회계/재무,-0.35274068,-0.44750318,-0.52919513,9.192994,12.372891
53920680,회계/재무,-0.73310524,-0.15946981,0.034039754,12.44764,8.116982
53916185,회계/재무,-0.5816401,0.265545,0.51104146,10.057218,4.031644
53897762,회계/재무,1.5899974,-0.25985327,-0.11139202,6.125404,12.802496
54307188,회계/재무,1.7944921,0.8900043,0.35525247,4.9434037,11.967052
54452898,회계/재무,2.3897467,0.2353708,0.067194566,4.554543,12.464332
54452757,회계/재무,-1.1550317,0.3475954,0.08275992,10.500644,3.6156902
54452754,회계/재무,-1.1946516,0.23607752,-1.4376847,13.005503,2.9214737
54451948,회계/재무,-0.8419585,-0.029425934,0.12234276,11.4197,8.862894
54451533,회계/재무,-1.1313049,-0.50574553,-0.39624566,12.370417,10.81324
54414894,회계/재무,-0.4222153,-0.13658059,-0.12867208,9.865863,9.785534
54365098,회계/재무,0.15773715,-0.24430314,0.072907865,8.795964,11.97009
54440455,회계/재무,-0.4728207,-0.06182645,0.026695954,9.8869295,9.649979
54430394,회계/재무,-1.3212293,-0.18697263,-0.2527879,12.378908,10.882817
54448791,회계/재무,1.1190168,-0.20071103,0.073419675,7.002896,12.571053
54408335,회계/재무,0.06450187,-0.31920126,0.0019528489,9.592076,10.633182
54445480,회계/재무,3.270177,0.18863037,0.046021983,3.3796058,12.689829
54380995,회계/재무,-1.0100017,0.09377206,-0.32654148,11.838724,5.078677
54445100,회계/재무,-0.65655434,-0.17888924,-0.324786,12.023515,9.152393
54392302,회계/재무,0.66754705,-0.31775203,-0.14109212,7.92438,12.745113
54241901,회계/재무,-0.792809,0.86482507,0.39171985,9.906236,4.6884108
54443885,회계/재무,0.018940277,-0.3052085,-0.2897015,9.0128145,11.70937
54443103,회계/재무,-1.3005371,0.6853983,-0.665012,11.233949,3.86351
54203584,회계/재무,1.5862526,-0.024654916,-0.07196442,5.702127,12.064945
54415064,회계/재무,-1.0180607,0.40625307,-0.36971414,10.24517,6.8863893
54441973,회계/재무,0.5165804,-0.3884564,0.062785216,7.5941567,11.652524
54331516,회계/재무,-0.5516206,-0.21937087,0.11983264,9.981602,9.663587
54441663,회계/재무,-0.94157654,0.50452757,0.13144411,9.890045,3.2518203
54353864,회계/재무,0.2524957,-0.24439861,-0.3631962,9.28359,12.638028
54438180,회계/재무,-0.6132386,-0.47798067,-0.27256805,11.031146,11.813802
54429962,회계/재무,-1.1217604,0.31994203,0.31359747,9.802671,6.0458384
54429120,회계/재무,-1.1076888,0.34250912,-1.5281816,12.955645,3.0184503
54324225,회계/재무,0.92070776,-0.2942376,-0.020248292,6.9361024,11.807337
54426246,회계/재무,-0.06340774,-0.6435588,-0.37491897,10.8681345,12.87132
54380282,회계/재무,-0.98909944,-0.41626874,-0.32514575,12.379342,10.857634
54420461,회계/재무,-1.0816352,0.7678921,-1.0265061,12.1215105,4.6533513
54419531,회계/재무,-0.738754,0.8753908,-0.27644932,10.114229,3.3459136
54282381,회계/재무,2.5759542,0.56948817,0.17055376,4.441646,12.399324
54415803,회계/재무,0.8533066,-0.16451855,0.110928684,7.3620205,11.379557
54283062,회계/재무,0.9738575,-0.23486167,0.13709693,6.8324776,11.768963
54365858,회계/재무,0.20821458,-0.39971963,-0.13479805,8.695259,11.959737
54409906,회계/재무,-0.61004984,-0.57542044,-0.047414128,11.078249,11.389956
54407909,회계/재무,-0.7384881,0.078722745,-1.4336511,13.036734,2.8074198
54346756,회계/재무,-0.5196218,-0.3702219,0.15465975,11.339879,9.204202
54406836,회계/재무,0.0668824,-0.3943587,-0.07695604,9.033989,10.787412
54406395,회계/재무,-1.1233236,-0.54024315,-0.31835,12.376004,10.795321
54405531,회계/재무,0.022439733,-0.38027948,-0.09580939,9.170065,11.831769
54403856,회계/재무,-0.7375582,-0.526802,-0.07087937,11.168131,11.14786
54403411,회계/재무,0.49809757,-0.39763388,-0.23687069,8.0057955,12.725646
54403045,회계/재무,0.61576104,-0.3968265,-0.1768962,7.8846684,11.512719
54337564,회계/재무,3.2001946,0.029009622,-0.04970698,3.3345106,12.689398
54283931,회계/재무,-0.3043258,-0.59047353,-0.41516095,10.220166,12.657602
54295978,회계/재무,2.4359574,-0.07384557,-0.055885576,4.440443,12.550161
54190238,회계/재무,1.8173043,-0.10613917,0.06830251,5.3400106,12.343083
54381941,회계/재무,-0.20168878,-0.45981494,-0.027212998,9.629576,10.550511
54380268,회계/재무,-0.20956594,-0.41276354,-0.07162066,9.679093,12.140982
54378451,회계/재무,-0.9798949,0.43402624,-0.16379175,10.195447,3.4019837
54377464,회계/재무,1.2957258,-0.18440928,0.20452198,6.423793,12.002779
54216431,회계/재무,3.2294605,0.039755065,-0.055596646,3.335408,12.81312
54374126,회계/재무,-0.5966556,-0.90527964,-0.4540476,12.390502,10.822902
54374121,회계/재무,-1.0320438,0.26788226,-0.5698073,10.516781,5.2463894
54373642,회계/재무,2.185792,-0.11448149,0.055079713,4.6976027,12.477797
54372010,회계/재무,-0.16502766,-0.13916598,-0.034233753,13.07011,8.285314
54353732,회계/재무,-0.27631125,-0.8223923,0.021079758,9.655011,10.954168
54353719,회계/재무,-0.30372828,-0.8099448,0.009467217,9.662929,10.939596
54363764,회계/재무,-0.78643453,-0.35540852,0.054876126,11.383743,10.465567
54363707,회계/재무,-0.92158043,-0.29452133,-0.6997241,11.819424,11.441677
54176542,회계/재무,-0.64312065,-0.30248687,-0.52317566,10.637746,11.487609
54345641,회계/재무,-0.7607355,-0.6495213,-0.3002007,12.314072,10.690744
54337256,회계/재무,0.4048657,-0.42816713,-0.111932285,9.19883,12.701085
54332335,회계/재무,0.841655,-0.17447016,-0.37426353,7.6528535,12.643679
54323147,회계/재무,-0.5229078,-0.061015375,0.21910068,11.442238,8.56672
54322016,회계/재무,-0.77806646,0.19475782,0.40999258,9.871152,7.1881843
54313114,회계/재무,0.28728735,-0.41828907,-0.33732155,8.903757,11.062462
54310857,회계/재무,-0.25236645,0.37271973,0.3877045,9.2409935,6.1641135
54309898,회계/재무,2.9210448,-0.12622939,-0.24872652,3.9522722,12.832079
54308700,회계/재무,-0.55077165,-0.15849215,0.2395958,11.397442,8.51158
54308681,회계/재무,-0.5501306,-0.08353903,0.21292116,11.496053,8.548571
54306816,회계/재무,2.4517775,-0.19281156,-0.08488741,4.4153824,12.522707
54306626,회계/재무,0.9699067,-0.10718597,0.11555334,6.8163857,11.794922
54260971,회계/재무,0.7116317,-0.27565464,-0.19817638,7.9343314,12.783158
54003920,회계/재무,0.24474166,-0.56760377,-0.29205677,9.761749,12.761994
54282224,회계/재무,2.712951,0.39608115,-0.50202966,4.0251913,12.6715555
54225514,회계/재무,2.2257211,0.23600365,-0.5611918,4.4929686,12.482259
54182473,회계/재무,-0.5104989,-0.1109466,0.15255061,12.976797,8.173511
54270128,회계/재무,3.6083224,0.16361551,0.0359026,3.1612563,12.885993
54266812,회계/재무,-0.73379886,-0.48677775,-0.15651809,10.458765,11.677645
54255163,회계/재무,-0.4618569,-0.32834262,-0.08460242,10.965472,12.405241
54247359,회계/재무,1.4737532,-0.062816516,0.11544041,5.95133,12.033631
54247353,회계/재무,-0.20852305,0.6164081,0.14062478,9.02613,3.1525607
54245057,회계/재무,2.6119893,-0.053478718,-0.08294686,4.237803,12.87415
54241607,회계/재무,-0.7717603,-0.458731,-0.04851683,11.297976,10.476898
54184761,회계/재무,-0.55146366,0.55994016,-1.7077801,13.317336,2.6884472
54230603,회계/재무,0.9644325,-0.33197486,-0.09765909,6.747292,11.758314
54224018,회계/재무,0.15732901,-0.1663056,0.027177751,13.08607,8.338251
54219973,회계/재무,2.4030428,0.013293984,0.022784716,4.49469,12.4818
54194473,회계/재무,-0.050182894,-0.3283601,-0.03699131,13.013766,8.572072
54193353,회계/재무,0.68346316,-0.1865966,0.00078958325,7.604598,11.552316
54178743,회계/재무,3.7591672,0.77241546,0.14958864,3.234783,12.874148
54154875,회계/재무,-0.5182998,-0.6240472,-0.33559132,12.313216,10.712071
54029744,회계/재무,-0.65493494,-0.5903053,0.03590651,11.284343,9.48295
54385467,회계/재무,-0.83020985,0.56188315,0.5711489,9.794049,3.883966
54451333,회계/재무,-0.8916558,-0.2554093,0.30893773,10.98721,7.748149
54450312,회계/재무,-0.68461025,0.6594683,0.5054305,9.477186,3.8333135
54448519,회계/재무,1.0799605,-0.28142068,-0.022852005,6.6506257,11.935882
54448211,회계/재무,0.88078994,-0.06979891,0.10648564,7.2788267,11.541693
54305657,회계/재무,-0.15907754,-0.16144705,0.14907141,13.07102,8.302254
54442883,회계/재무,2.0934308,-0.27645153,-0.12567422,5.085687,12.424485
54418968,회계/재무,-0.5720732,0.4880111,0.417003,9.859654,3.9335558
54403661,회계/재무,-0.5800634,0.8393004,0.64774597,9.395437,3.754602
54402819,회계/재무,0.16705725,-0.21563073,0.21724811,8.766673,10.923868
54394362,회계/재무,-0.57272345,-0.028349383,0.26258343,10.809745,8.634026
54385686,회계/재무,0.78706896,-0.12418717,0.11695133,7.5295405,12.250414
54385118,회계/재무,-0.7220048,0.091655225,0.5969328,10.465318,4.1726675
54111910,회계/재무,-0.59956217,-0.42044273,0.1131527,10.107813,10.608127
54374785,회계/재무,1.618288,0.032791708,0.13929212,5.85923,12.531194
54373985,회계/재무,-0.6796977,0.4836098,-1.5024952,13.183298,2.7694726
54373738,회계/재무,1.507121,-0.49614057,-0.3708519,6.278881,12.879891
54361134,회계/재무,-0.6379281,0.4148765,0.28337696,9.675844,3.3624065
54359173,회계/재무,0.69542307,0.5044713,0.018124834,8.87585,6.2303376
54337882,회계/재무,0.56205016,0.9191702,-1.5284977,13.712973,2.5762594
54207145,회계/재무,-0.56725556,-0.08809184,0.33965886,10.455714,9.462434
54327069,회계/재무,0.4680173,-0.11948733,0.1517856,8.172075,12.148715
54352121,회계/재무,0.3988993,-0.2634761,0.24023409,7.82273,11.885633
54348053,회계/재무,3.209058,0.06108808,-0.0013075516,3.4357097,12.68592
54322021,회계/재무,0.38421267,-0.23844236,0.17044854,8.000317,11.656573
54340057,회계/재무,-0.5130681,0.55923814,-1.248689,13.212311,2.874117
54105343,회계/재무,1.8873101,-0.06686379,0.0459349,5.455243,12.642937
54318923,회계/재무,0.9109446,-0.19562949,-0.27902287,7.7131505,12.8946705
54311781,회계/재무,-0.7101318,0.7565764,0.5112039,9.876353,4.72202
53943948,회계/재무,-0.70681405,0.32169703,-0.3615266,12.912359,4.1156325
54327226,회계/재무,-0.502979,0.26007813,0.33692926,11.855802,7.922019
54327210,회계/재무,-0.5172836,0.5998598,-1.3181992,13.401787,2.9966295
54323070,회계/재무,-0.91284513,0.8469087,-0.18951954,11.310418,4.1685653
54320532,회계/재무,0.16473922,0.3732902,0.2805315,8.9662485,6.185589
54073735,회계/재무,-0.32483357,-0.3699878,0.07180062,10.349265,10.681343
54318606,회계/재무,0.39112416,-0.29925865,-0.036326464,8.417802,11.994434
54315478,회계/재무,-0.4765404,-0.24778485,-0.13212267,11.904584,9.329986
54087716,회계/재무,-0.8031922,0.3428188,0.41405508,9.834016,4.4289875
54311288,회계/재무,1.2117524,-0.12998763,0.2912671,6.3658776,12.202265
54283712,회계/재무,3.0919492,0.22716711,0.02238999,3.5233192,12.773773
54300643,회계/재무,-0.54485726,-0.35046682,0.13675462,10.674368,10.20906
54294865,회계/재무,-0.7823181,0.361386,0.12629715,9.771363,3.454863
54289190,회계/재무,0.6764448,0.64317775,0.34526837,8.890965,6.2140903
54283476,회계/재무,3.4446342,0.120889984,-0.03363588,3.2120018,12.757063
53934232,회계/재무,0.8686757,-0.26567507,0.012714939,6.798284,11.927273
54278987,회계/재무,-0.28402337,1.0614905,0.75964844,8.97556,4.3371263
54201883,회계/재무,0.9863924,1.2588983,0.47482264,8.112919,3.728319
54271626,회계/재무,-0.20601308,-0.35616377,0.03302072,9.325861,11.526874
54269796,회계/재무,-0.6107514,0.4937454,0.42301804,9.840201,3.943122
54267969,회계/재무,-0.048564218,-0.34969956,-0.114026114,9.379196,11.615038
54245304,회계/재무,-0.53357935,-0.12668303,0.42418614,10.547806,9.567423
54260298,회계/재무,-0.61047065,-0.3526829,0.12879299,10.72991,10.179051
54255268,회계/재무,-0.7150169,0.06537932,-0.11573762,12.874555,4.0135245
54253024,회계/재무,1.8223554,-0.09905095,-0.017125292,5.5112963,12.505973
54459695,회계/재무,1.2964052,-0.20524141,-0.09382815,6.3393965,12.723108
54446325,회계/재무,0.4852607,-0.011593755,-0.061787862,7.9370923,12.572716
54446311,회계/재무,0.022090228,-0.59639263,-0.2812715,10.64008,12.7484
54417884,회계/재무,-0.6452146,-0.5270015,-0.25099543,11.394805,11.283027
54413954,회계/재무,1.8578467,0.19828966,0.22818862,5.2833652,12.3640175
54347022,회계/재무,-1.016932,0.105399385,0.104205035,10.134511,7.5604444
54318653,회계/재무,-0.7275295,0.07463902,-0.02081073,10.173827,7.324745
54326267,회계/재무,-0.72086513,0.26648286,0.5279336,9.747934,6.330627
54174463,회계/재무,1.6936389,-0.07062062,-0.050541013,5.2820435,12.441983
54461254,회계/재무,-0.1222806,-0.2296487,-0.032747697,9.588381,12.000783
54358665,회계/재무,-0.9023215,0.54406655,0.23897673,9.867139,4.773853
54447096,회계/재무,0.40517673,-0.44295684,-0.07651263,8.196089,11.804009
54248239,회계/재무,-0.050131224,0.14217578,0.22735325,9.923317,8.151517
54416135,회계/재무,-0.23583783,-0.46127054,-0.13290578,9.88493,11.134886
54414512,회계/재무,-0.46151954,-0.521792,-0.34240544,10.589879,11.243161
54373983,회계/재무,0.98777246,-0.25833622,0.041635092,6.833752,11.928453
54407860,회계/재무,-0.50723034,0.30139363,0.17076154,8.946027,6.222889
54406528,회계/재무,-0.35793334,-0.07576463,-0.010381977,10.12968,7.314849
54397874,회계/재무,-0.69055843,0.10354093,0.18322033,11.16289,8.255654
54393139,회계/재무,2.6156666,-0.029422967,-0.14003827,4.2266283,12.857135
54377561,회계/재무,-0.5100431,0.14972462,0.30030924,10.172135,8.02904
54336417,회계/재무,-0.3372775,0.6119158,0.004215618,8.966277,3.4083216
54335490,회계/재무,-0.42442352,-0.6800728,-0.21096188,10.929983,12.634376
54320828,회계/재무,-0.79805964,0.6227296,0.34392604,9.614307,4.8139
54265325,회계/재무,-0.6364547,-0.29806262,0.23622689,10.753156,8.263994
54252968,회계/재무,-0.4917672,0.2385795,0.35911748,9.907007,7.5758805
54106047,회계/재무,-0.7468046,-0.4047887,-0.2941909,10.607313,11.535061
53952963,회계/재무,-0.7272344,-0.017034136,0.24433453,9.979415,7.5754466
54385689,회계/재무,2.2570894,-0.0635537,0.05563404,4.730837,12.4303465
54272099,회계/재무,-0.68696964,-0.38790548,0.027355764,13.0029335,8.069948
54406533,회계/재무,0.06322582,-0.2068943,-0.277749,9.8463745,11.774365
54011847,회계/재무,-0.13831644,0.34590688,0.3124569,9.082355,6.1469564
54203912,회계/재무,-0.52659446,0.016486846,0.18830088,9.977224,7.5613027
54464322,회계/재무,-0.39455843,-0.44579753,-0.023391021,10.098259,11.017923
54458441,회계/재무,-0.08237847,0.63201404,0.2433571,8.882744,3.2001019
54339109,회계/재무,-0.82206887,-0.04996883,0.18532395,11.460403,8.780759
54451221,회계/재무,-0.7308229,-0.048746105,0.31409934,10.745691,8.780679
54450396,회계/재무,-0.60434467,-0.44224444,-0.086298965,10.537293,11.225119
54449868,회계/재무,-0.5114151,-0.16876483,-0.21288842,11.942747,9.172131
54441212,회계/재무,-0.58009475,-0.5807424,-0.18469152,11.076607,11.809217
54372072,회계/재무,1.208242,-0.3329011,-0.22483847,6.418148,12.8268385
54438137,회계/재무,1.4143128,-0.3104935,-0.27762887,6.309954,12.860472
54431895,회계/재무,-0.6176028,-0.2063546,-0.28039962,11.972409,9.18028
54429915,회계/재무,0.6931336,-0.0959373,0.09616026,7.3887444,11.458697
54420606,회계/재무,-0.6543248,-0.31614396,0.22434041,12.870869,8.0830555
54447594,마케팅,-0.58326066,0.5686625,0.1824739,8.992211,9.267718
54418621,마케팅,0.97143686,0.048283037,0.092570424,4.9115405,8.85322
54331242,마케팅,-0.3794164,-0.2260889,0.047615204,10.04409,8.152893
54440786,마케팅,-0.22488306,1.0370674,-0.052256823,6.282309,11.38022
54326762,마케팅,-0.537891,-0.0083474815,0.42210802,9.238119,9.993332
54187227,마케팅,3.332662,-0.14211065,0.2792389,1.9441173,7.9652386
54335957,마케팅,-0.76268643,-1.2852372,-0.9395524,10.726705,4.892849
54407650,마케팅,-0.7155829,-0.8651099,-0.21156836,10.344681,5.438563
54259594,마케팅,-0.90561146,-0.53021234,-0.29698512,10.458698,5.613348
54147163,마케팅,-0.50491416,0.5037393,-0.22973981,6.8977556,10.725964
54428065,마케팅,-0.735349,-0.56403923,-0.025702735,10.310332,8.063252
54438771,마케팅,-0.39568365,0.7874672,-0.6259332,8.03148,8.8154125
54332735,마케팅,1.1664113,-1.0357004,0.0725962,5.8872223,5.511312
54145986,마케팅,-0.55664617,0.5555141,-0.29939455,7.9620485,8.958284
54434598,마케팅,0.39219254,-0.5530414,-1.145191,11.073504,5.0473304
54396615,마케팅,-0.3301376,0.69882077,-0.49658835,7.8653793,8.921308
54392079,마케팅,1.6846151,0.2943833,-0.014393734,3.516849,8.682722
54273062,마케팅,0.9311954,0.8149678,-0.5653176,4.9365816,10.1020355
54350423,마케팅,-0.09698047,-0.019004233,-0.081576586,8.618918,10.049681
54350355,마케팅,-0.63576275,-0.45357636,-0.024154324,7.567992,4.5204
54378720,마케팅,0.910379,-0.42783755,0.49267069,5.082343,8.531588
53710591,마케팅,-0.7584873,-0.33452475,0.83490074,11.884401,7.7152653
54321952,마케팅,0.7502368,1.0143864,-0.42395678,4.892978,10.121674
54440328,마케팅,-0.5002399,0.38225734,-0.13460878,10.541628,9.095565
54449986,마케팅,0.20412801,0.560094,0.08004246,5.984562,10.306949
54393079,마케팅,-0.30602348,0.75858325,-0.32637456,6.233888,10.81212
54402356,마케팅,-0.026574204,1.0876777,-0.123928726,7.603307,11.98294
54317587,마케팅,0.04367488,0.30538952,0.077273294,7.063676,9.942356
54303652,마케팅,-0.035704877,1.1764631,-0.44384226,5.7297344,11.282534
54395512,마케팅,-0.6406246,-0.50806934,-1.1809986,11.193652,5.8818493
54370527,마케팅,2.7783318,0.116999246,-0.23225878,2.593064,8.123369
54370529,마케팅,-0.29368174,0.8806578,-0.075415984,6.320673,11.573679
54426834,마케팅,3.4475791,-0.09680718,0.16049206,1.8591253,7.900423
54439417,마케팅,0.26425886,0.43529025,-0.15740323,6.477991,9.713358
54426679,마케팅,0.5601408,0.89359206,-0.51822704,5.0898776,10.331273
54426651,마케팅,2.5396972,-0.011591506,-0.3040589,2.7168112,8.210343
54350448,마케팅,0.5269317,-0.1320791,-0.040566657,5.3597355,8.896333
54350609,마케팅,0.42976034,-0.17375933,0.30786374,5.352315,8.810204
54350401,마케팅,-0.97123045,0.1826264,0.44773886,8.380373,10.195575
54421893,마케팅,0.028607937,0.69917184,-0.04492437,6.264836,10.3699
54223915,마케팅,-1.0361443,-0.611258,-0.36701295,10.692689,5.964875
54433127,마케팅,0.3309082,-0.51436454,0.42711794,6.526874,5.5156565
54410144,마케팅,2.4074633,-0.09371156,-0.28321218,3.0981195,8.554537
54443255,마케팅,-0.49152407,0.36808902,0.014597675,10.520703,9.228449
54442255,마케팅,1.056945,0.14771996,-0.38842994,4.6280203,9.4451885
53148921,마케팅,1.5055971,-0.4273974,0.24971883,5.612695,5.392316
54340052,마케팅,-0.17199862,-0.06738472,0.22651634,8.611511,10.135438
54353652,마케팅,-0.18539849,0.62006885,0.43764386,8.33984,11.249502
54418615,마케팅,0.13704863,-0.59463656,0.30323243,7.34569,5.0796103
54431570,마케팅,-0.7556043,-0.17996588,0.37790763,10.426592,8.455959
54434532,마케팅,-0.65326035,0.16766855,-0.35750568,10.937947,8.177758
54433260,마케팅,0.14761229,0.8446858,-0.4864662,5.5722375,10.869567
54363265,마케팅,-0.120937906,-0.18315886,0.40208218,8.865137,9.835435
54206480,마케팅,-0.30767035,-0.27770734,0.540518,7.8273597,4.397818
54417081,마케팅,-0.5001869,0.16660242,0.0997506,7.973471,9.779588
54357915,마케팅,1.7516273,0.36080965,0.05608469,3.6762443,8.712792
54406443,마케팅,3.1110888,-0.20662071,0.14509888,1.9973944,7.903385
54333904,마케팅,0.5373884,0.5029105,-0.0036736683,6.224113,9.838268
54406327,마케팅,1.5744379,0.47721642,-0.089340106,3.8194885,8.892534
54344994,마케팅,0.028152695,0.23838499,-0.14430486,6.527511,9.9448
54389164,마케팅,2.3616529,0.21660988,0.056925774,2.916614,8.183244
54344997,마케팅,3.546523,-0.25537392,0.5058338,1.8364601,7.923343
54357937,마케팅,3.213098,0.076581866,0.07696173,1.9615058,7.8775663
54175882,마케팅,-0.2241544,-0.12041065,0.63381326,8.960721,10.458033
54449018,마케팅,0.5429738,-0.45955268,0.3104772,6.2542043,5.4696426
54448638,마케팅,-0.21187437,0.1520261,0.6024099,8.811547,9.951835
54451793,마케팅,-0.64541405,-0.29570094,0.74690294,8.216281,4.3853326
54451114,마케팅,-0.29633597,-0.009225735,0.4081675,8.77117,10.029289
54444316,마케팅,-0.99367654,-0.08951287,0.043919437,10.762551,8.211147
54442606,마케팅,0.56909066,0.02657794,0.2311262,5.228327,9.323649
54445745,마케팅,0.6376411,-0.23449561,0.2756313,6.3051076,5.2798023
54416917,마케팅,1.5329509,-0.4707044,0.48693395,5.560153,5.5493507
54445757,마케팅,-0.24204268,-0.04178402,0.43407115,7.715855,4.2752967
54444347,마케팅,1.0134867,0.48862606,0.12939106,4.74645,9.439134
54446174,마케팅,-0.6159591,-0.21534625,0.7523962,7.885791,4.0258207
54446028,마케팅,-0.30204538,0.1385651,0.44216803,8.354558,9.933184
54442597,마케팅,-0.89239675,-0.3146969,-0.6809729,11.01671,5.888001
54323170,마케팅,-0.40130356,-0.5338266,0.23754925,7.781836,4.1122084
54339513,마케팅,-0.6637492,-0.26274592,0.39072537,8.381012,5.1232324
54353261,마케팅,-0.02361223,0.37578344,-0.14212708,6.902585,9.8178425
54417878,마케팅,-0.41129008,-0.20428197,0.8762236,7.9501233,4.133429
54421150,마케팅,-0.3084909,-0.28017572,0.21694668,7.671723,4.3270416
54380380,마케팅,-0.40939254,-0.40622094,0.5784436,8.164052,4.516219
54380412,마케팅,-0.45601356,-0.29398528,0.71878403,7.920692,4.058923
54360974,마케팅,1.2036378,-0.7958854,0.6066867,5.7862954,5.335244
54417869,마케팅,0.18977907,-0.5549048,0.67277837,7.854881,4.2477617
54380461,마케팅,2.57492,-0.2703932,0.024063189,2.7126546,8.173964
54381816,마케팅,-0.30838788,-0.9072544,0.34205872,8.244628,5.144469
54433876,마케팅,0.9391614,-0.9027288,0.37647745,5.91184,5.6082187
54360838,마케팅,0.5632282,-1.0022981,0.5071034,6.540089,5.114161
54391045,마케팅,-0.54226476,0.11844396,0.48849443,8.386676,9.95246
54380344,마케팅,0.6998325,-0.5140883,0.3796339,6.1705475,5.4030776
54407819,마케팅,-0.5281709,-0.4926518,0.69800293,8.039308,4.196178
54389834,마케팅,0.19547516,-0.52536124,0.36079785,6.6567836,5.609157
54366515,마케팅,-0.4933359,-0.09318597,-0.103070796,8.056925,9.636524
54366530,마케팅,-0.33408314,0.025121542,-0.26851344,7.9792185,9.490807
54453270,마케팅,-0.55571383,-0.3972318,-1.5293422,11.037249,5.2974405
54453058,마케팅,-0.5491322,0.007899767,0.30274004,9.668169,10.1449995
54453056,마케팅,-0.3009579,-0.2006696,0.6691749,9.544161,10.558088
54452826,마케팅,-0.5338439,-0.74681866,0.29201525,8.245651,5.067057
54452791,마케팅,-0.40328866,0.9684894,-0.23148513,6.0910563,11.480648
54452779,마케팅,-0.65267366,1.163167,0.6585137,7.2718782,10.965083
54452497,마케팅,-0.027700113,-0.11387952,0.022075461,12.322889,7.493938
54452488,마케팅,2.8221395,0.22902112,-0.059267227,2.5114002,8.069158
54452262,마케팅,-0.6300853,-0.4943927,0.2744195,9.000654,7.8201222
54452152,마케팅,-0.34361258,0.036868125,0.38272193,9.393498,10.6125555
54381814,마케팅,-0.36641398,0.70320153,-0.01619965,6.415533,10.802354
54214804,마케팅,-0.27645665,0.69724596,-0.08598272,6.34402,10.683374
54279614,마케팅,-0.31617728,0.58913684,-0.08614161,6.392693,10.689718
54452046,마케팅,-0.17132898,-0.2739613,0.14409369,7.4467673,4.409072
54452029,마케팅,-0.15357007,-0.2837602,0.1524591,7.5979137,4.021134
54452011,마케팅,-0.304024,-0.33184135,0.20870198,7.560899,4.292108
54451839,마케팅,-0.17988935,0.11221224,0.12744908,7.526217,10.150767
54451815,마케팅,-0.9469551,-0.39868355,-1.3842785,11.070272,5.7925215
54451801,마케팅,-0.7213733,-0.4628017,0.7121852,8.094918,4.1864767
54451792,마케팅,-0.28087974,0.19123587,-0.18263628,8.449948,9.13333
54404668,마케팅,-0.8234549,-0.712932,-0.65288454,10.518715,4.9982715
54451755,마케팅,2.523267,-0.08676137,-0.007846161,2.6879342,8.183247
54451754,마케팅,-0.09297321,-1.1255541,0.017292777,7.5836945,5.424894
54451743,마케팅,-0.6706717,-0.051966574,0.2730012,10.158965,9.1130295
54451740,마케팅,0.49696594,0.3972186,-0.31873372,5.6794696,9.958329
54451700,마케팅,-0.6185888,0.14609496,0.45730844,9.302956,9.122066
54451584,마케팅,-0.5727787,-0.6979011,0.4469432,8.075857,4.648988
54451487,마케팅,-0.8208132,-0.76139224,0.08074969,10.290587,5.272162
54254715,마케팅,0.5085819,0.6720802,-0.024754781,5.7096195,10.147422
54451383,마케팅,-0.14705415,-0.25046152,0.0910399,10.509543,8.540968
54451301,마케팅,-0.6656842,-0.1737377,-0.69050896,12.121928,7.955933
54372065,마케팅,-0.6607918,-0.6686317,0.35126176,8.214481,4.637075
54451029,마케팅,-0.8315376,-0.6515253,0.32022914,8.450481,5.2356544
54451002,마케팅,-0.77723724,-0.48638305,-0.53818023,10.59225,5.4150724
54450985,마케팅,-0.8803679,-0.054122258,0.3568817,10.085799,9.5603695
54450889,마케팅,-0.6240006,-0.82375115,-0.75686806,10.633774,4.874053
54450794,마케팅,-0.51183355,-0.09864871,0.52815396,9.990327,9.014231
54450756,마케팅,2.4047294,-0.049112823,0.031278178,3.1913972,8.4414015
54410617,마케팅,-0.69306,-0.37410825,0.10701988,10.010796,9.426107
54435004,마케팅,-0.7435007,-0.187888,0.7379626,9.564833,9.502365
54381842,마케팅,-0.29180384,-0.12593995,0.12940322,9.604059,8.146741
54338623,마케팅,0.07386378,-0.06178243,0.37559846,8.940256,11.104321
54450137,마케팅,-0.34887862,0.006542029,-0.25750822,10.530804,8.779256
54450124,마케팅,-0.798511,-0.8249347,-0.5260936,10.992317,5.357741
54179112,마케팅,-0.28436306,-0.14675532,-0.25358567,10.185267,8.375779
54450018,마케팅,-0.946472,-0.6093483,-0.72561747,11.17144,6.2679815
54450017,마케팅,-0.59953064,-0.047399122,0.5621975,9.393208,8.937019
53904355,마케팅,-0.025519164,0.44382522,0.02502882,6.7511163,10.198189
54449908,마케팅,-0.6267625,-0.6340657,0.35838524,8.103873,5.29748
54449895,마케팅,-0.24775635,0.37377867,0.30440444,8.278421,10.841836
54449786,마케팅,0.6150635,0.8077575,-0.302985,5.1198545,10.189857
54025768,마케팅,-0.8169021,-0.4085382,-0.16406374,10.703232,5.8418856
54449693,마케팅,-0.8595426,-0.18842798,-0.25054586,12.100759,7.936962
54449618,마케팅,-0.24304177,0.4513305,0.17180029,12.519956,7.70358
54449610,마케팅,-0.48433325,0.22911921,0.70077837,9.580626,10.761297
54449530,마케팅,0.5219398,0.06967429,-0.26031137,6.0120335,9.598126
54449447,마케팅,-0.96792924,-0.81959474,-1.3403625,11.0022955,5.1646967
54449385,마케팅,0.074506104,-1.4189972,-1.3846765,10.797836,4.544388
54449283,마케팅,1.326556,0.6652914,-0.23983455,4.139145,9.181087
54057651,마케팅,3.1939888,-0.05230216,0.15273413,2.1519487,8.068705
54215306,마케팅,4.231117,-0.27244055,0.41378516,1.7552773,7.919487
54175514,마케팅,-0.4420071,-0.6330976,0.6017677,8.327087,5.2306447
54320823,마케팅,-0.70953876,-0.13610926,0.48709506,9.56754,9.08314
54320793,마케팅,-0.36680087,-0.7387662,0.28335485,7.761004,5.481512
54159528,마케팅,0.8930096,-0.5240844,0.5867132,6.0314074,5.3448377
54447831,마케팅,-0.41466177,0.7092252,-0.13702364,6.460878,10.691807
54447798,마케팅,0.88543946,0.18458283,-0.54704636,4.539689,9.398915
54447777,마케팅,1.0717361,-0.1901752,0.41122946,5.6569257,5.4967113
54447773,마케팅,1.1664898,-0.20757985,0.42632538,5.6532726,5.482817
54311116,마케팅,0.17494546,0.5667478,0.07456749,6.7642026,10.35762
54256916,마케팅,-0.59254116,-0.15952024,0.106000684,9.075009,8.230461
54447403,마케팅,-0.24024487,0.5084883,-0.14358337,6.8269105,10.184958
54447208,마케팅,1.6165091,0.2144231,-0.051949084,3.8713126,8.819558
54422540,마케팅,-0.8958453,-0.74090576,-0.2077302,10.42502,5.584124
54376716,마케팅,-0.22160208,0.16061777,-0.3587092,7.600378,9.289842
54447185,마케팅,-0.6015653,0.9677083,-0.108080395,7.090132,11.623607
54447177,마케팅,3.1786137,-0.14957418,-0.042669885,2.1915042,8.022667
54447169,마케팅,-0.27686813,0.28603485,-0.04368047,7.492724,9.816415
54447159,마케팅,-0.019269839,0.33075476,0.13614358,7.1341805,10.3267355
54434438,마케팅,0.31858343,0.4179494,-0.26886952,6.0804353,9.758092
54447039,마케팅,0.36078587,0.6905682,-0.019815471,6.3533983,9.758521
54446943,마케팅,-0.25201508,0.7689126,-0.06648382,6.3885026,10.746708
54191390,마케팅,-0.424087,0.68186516,0.041837882,6.685802,11.004001
54446823,마케팅,-0.040309593,0.19785449,0.057532754,7.6754723,9.927828
54011837,마케팅,0.19518796,-0.24821112,-0.007630072,6.9772844,4.9307847
54278731,마케팅,2.9667354,-0.012972043,-0.24594086,2.4850538,8.148005
54145325,마케팅,0.14592057,0.35751483,-0.3343964,6.0823708,9.899324
54371131,마케팅,-0.40354848,0.4565901,0.34070396,9.40398,10.7621355
54371128,마케팅,-0.22506136,-0.6113561,0.74416596,7.742587,3.9671843
54446745,마케팅,0.066198796,0.4369929,0.20586596,7.1557355,10.2913885
54430091,마케팅,-0.08013128,0.09555971,-0.42061695,6.8920083,7.5635357
54446681,마케팅,-0.5923161,-0.1457115,-0.08132172,10.164832,8.272372
54371092,마케팅,-0.26208308,-0.540485,0.33841845,7.6692624,4.010461
54446666,마케팅,-0.5305612,-0.29913667,0.024767509,10.313448,8.274385
54371115,마케팅,-0.44779417,-0.063068695,0.92902327,9.229914,11.690487
54371096,마케팅,-0.42158362,-0.09319639,0.5141913,9.273808,10.15377
54371083,마케팅,-0.017125022,0.1654424,0.49856582,8.811293,11.197444
54428785,마케팅,-0.3874272,0.13955314,0.37365648,9.224561,10.738721
54428820,마케팅,-0.24495116,0.021802291,-0.25376534,8.565047,7.5041604
54428855,마케팅,-0.24218072,0.38516375,0.34628475,8.202614,10.873067
54446371,마케팅,-0.25849617,-0.6501895,0.65891534,7.8281217,4.7110667
54440700,마케팅,-0.53574383,0.031575732,0.18180543,10.030923,9.437426
54446208,마케팅,-0.6375275,-0.52746785,0.014243125,10.101428,5.330997
54445972,마케팅,0.078734435,0.37092042,0.084261365,7.9654684,10.923804
54445609,마케팅,-0.6375275,-0.52746785,0.014243125,10.179182,5.2984056
54445601,마케팅,-0.17790471,0.56857055,0.031498462,6.628281,10.467116
54433459,마케팅,-0.49115053,0.6952746,-0.030624265,6.594602,11.075313
54259486,마케팅,0.011380626,0.7149132,0.023688834,6.821112,9.897926
54259477,마케팅,-0.047094993,0.19803731,-0.18837716,8.522034,7.7054462
54445336,마케팅,-0.35159925,1.2243736,-0.5001583,5.8316,11.434668
54445321,마케팅,-0.20334832,-0.72996414,0.13505451,7.2212863,4.986737
54445315,마케팅,-0.47318724,-0.5163075,0.30060807,8.008825,5.0599046
54445273,마케팅,-0.5897611,0.06317853,-0.70715994,10.83398,5.7198067
54433313,마케팅,-0.71045905,-0.0021671222,0.37940767,10.218363,8.998658
54445143,마케팅,-0.88453436,-0.1865516,0.17492434,11.860868,7.647884
54445028,마케팅,-0.4111163,0.29354686,0.4626729,9.208914,11.501526
54321970,마케팅,-0.8641319,-0.5507257,0.15399368,10.595007,6.187978
54432983,마케팅,-0.37670797,-0.28592926,0.3267365,10.339054,9.361489
54135279,마케팅,-0.60987216,-0.47709224,0.6486829,7.8667192,4.0880194
54433974,마케팅,-0.32837704,1.0405868,-0.23285058,6.2137094,11.480777
54444312,마케팅,-0.2644395,-0.5323223,0.04503494,7.49849,4.969521
54291668,마케팅,0.7684732,0.7493441,-0.14122866,5.1638713,9.692812
54059650,마케팅,-0.34427953,0.19022408,-0.70416224,7.7189894,8.118171
54444229,마케팅,-0.5248317,0.7733344,0.1630117,6.435509,10.8427305
54291661,마케팅,2.145169,0.13864349,-0.3310764,3.2488346,8.659695
54027975,마케팅,2.1165926,0.05950923,-0.2410878,3.1890764,8.577198
54040833,마케팅,-0.3890859,0.1688475,-0.24729592,7.544429,9.239076
54444141,마케팅,-0.11205116,0.5463539,-0.6696584,6.229258,9.991907
54323938,마케팅,0.4711813,-0.47406963,-0.46330756,10.659855,8.636676
54160014,마케팅,-0.556469,-0.033079896,-1.19779,11.125498,5.8146033
54314345,마케팅,-0.32682994,-0.79830974,0.23966043,7.8372817,5.313656
54443582,마케팅,3.544038,-0.009382351,0.5079649,1.9444985,7.9979615
54442645,마케팅,1.7243289,-0.24736042,-0.09405606,3.3143744,8.638741
54442594,마케팅,-0.3836958,0.8511193,0.12991999,6.6621456,11.01088
54116958,마케팅,0.7836038,-0.42292,0.19314897,6.141909,5.2680373
54426945,마케팅,-0.25184062,0.55834407,0.18807393,8.564152,11.7266655
54442297,마케팅,-0.5728937,1.1001868,-0.04760904,6.301449,11.577204
54442089,마케팅,-0.6520384,0.3304948,0.34821427,9.153479,9.211538
54442087,마케팅,-0.65940565,1.1272928,0.6971787,7.248547,10.904409
54417413,마케팅,-0.6041427,-0.26079598,0.40386137,8.137529,4.394322
54434358,마케팅,0.7566794,-0.16858949,0.3212835,5.1148744,8.706682
54434645,마케팅,-0.3569552,0.76848507,-0.04872536,7.056536,10.9298115
54360089,마케팅,-0.5571721,-0.33974093,0.53787005,8.274459,4.4843087
54439220,마케팅,-0.30212602,-0.12971352,0.2062529,8.935047,10.401641
54241082,마케팅,-0.39166185,-0.094705746,-0.15124732,7.244255,9.605615
54441504,마케팅,0.23730356,0.04614298,0.13218325,10.35331,8.748061
54441503,마케팅,-0.24410553,0.065283686,0.2718921,6.8162627,7.480831
54441390,마케팅,-0.6562548,0.40324748,0.5588936,8.484359,10.412636
54441376,마케팅,0.14625259,-0.7506911,0.12603576,7.689213,5.6733837
54441346,마케팅,-0.5013913,-0.23106724,0.50818896,8.253786,4.3957524
54410267,마케팅,0.6926804,0.4856495,-0.5209992,5.1095695,9.939332
54441290,마케팅,0.14694488,1.0605952,0.2904401,7.793696,11.936541
54441250,마케팅,-0.12304181,0.214957,0.028066939,8.323856,10.292943
54385349,마케팅,-0.55901796,-0.35166124,0.14284505,9.774339,8.416205
54441104,마케팅,-0.8496533,-0.20658574,0.016982108,9.904102,8.987103
54441080,마케팅,0.09711795,-1.0421532,-0.13224682,6.9222164,5.0152493
54397564,마케팅,0.08297244,0.0027130595,-0.51674175,10.6089945,8.657606
54439338,마케팅,-0.40147832,0.21971612,0.57459736,9.44906,10.906941
54215135,마케팅,-0.35151753,-0.29008934,-0.45656046,8.089561,8.3428135
54397596,마케팅,-0.5442911,0.052744072,0.42864478,10.009683,9.192174
54440762,마케팅,-0.60565656,-0.40585497,-1.2492651,11.011129,5.1423874
54440747,마케팅,3.487932,-0.1284378,-0.0989702,1.8826239,7.9581113
54440724,마케팅,-0.48561123,0.33411106,-0.15731332,10.91255,9.324612
54440723,마케팅,-0.54223484,0.027779385,-0.01491656,10.92966,9.305018
54440565,마케팅,-0.4070212,0.42826602,-0.2199454,8.203415,9.119107
54440563,마케팅,-0.337629,0.301242,0.13239782,9.31628,10.545316
54440561,마케팅,0.6989534,-0.3698282,-0.42054543,6.4489527,5.0304666
54440550,마케팅,-1.0827419,-0.2027313,-0.56003606,10.974857,8.070929
54440541,마케팅,2.2337112,-0.7203299,-1.8335972,3.2034101,8.668655
54440401,마케팅,1.1741419,0.13963167,0.3793011,4.0623918,8.68034
54432591,마케팅,-0.46981326,0.27492243,-0.08044672,8.588039,10.024055
54422454,마케팅,-0.27638593,0.1689294,-0.09952372,7.4849606,4.914426
54428369,마케팅,-0.6043439,-0.46121803,-1.2756468,11.176134,5.6841817
54430449,마케팅,-0.57430667,0.052944288,-0.38329765,12.1545515,7.9337854
54430482,마케팅,-0.58372355,-0.2907384,-0.029572839,11.714115,8.0529785
54431767,마케팅,-0.26466063,-0.5305751,0.20335813,7.930983,4.867131
54426943,마케팅,-0.7272554,0.0993612,-0.75378466,7.824712,9.101195
54428361,마케팅,-0.7203683,-0.42694578,-1.2018564,11.121084,5.7856183
54422507,마케팅,-0.38265762,-0.8631976,-0.10040318,8.44724,5.1224566
54426814,마케팅,-0.25389558,-0.90769374,-0.6077599,7.4924526,5.4390707
54439408,마케팅,-0.54977983,-0.2164046,0.47662613,8.803624,7.624838
54421892,마케팅,-0.40782857,-0.5496119,0.07791464,7.585506,5.0412493
54421857,마케팅,0.027056135,-0.2717951,-0.39741212,8.426199,7.4469614
54416221,마케팅,-0.5783839,-0.2361178,0.26561886,8.065029,4.3586755
54421919,마케팅,0.02951112,0.60670215,-0.4267729,5.71121,10.722663
54417548,마케팅,-0.7679619,-0.7470656,0.16807437,10.385403,6.207664
54403888,마케팅,0.18680605,-0.17286733,0.5892255,8.786342,9.828381
54349039,마케팅,-0.0096448725,-0.75337344,0.245912,7.622331,5.0473056
54440308,마케팅,-0.15299888,0.07369427,0.8459444,9.105662,11.041956
54349935,마케팅,1.6070613,-0.32025355,0.15262672,5.538408,5.3502645
54360134,마케팅,0.07063879,-0.21514882,0.59210485,8.827267,9.912736
54429172,마케팅,-0.3215318,0.8043769,0.3990759,8.367718,11.901994
54334965,마케팅,1.0050164,0.055056907,0.48400995,4.9434505,9.041159
54312835,마케팅,0.36808863,0.78826106,0.09336707,8.168069,11.917168
54312811,마케팅,1.9688725,0.25433272,0.38752455,3.5992136,8.580251
54439602,마케팅,-0.7045556,-0.34408048,-0.047772504,11.820022,7.772106
54393156,마케팅,0.32997724,1.0237294,0.015124833,7.6786575,11.962007
54393174,마케팅,1.1702796,0.61035126,0.31589776,7.874916,11.941714
54416246,마케팅,1.8902828,0.25635543,0.11395239,3.2840886,8.332543
54416253,마케팅,0.4025035,0.77778244,0.27289382,8.2985525,11.903375
54439481,마케팅,1.4323224,0.42113847,0.12048136,3.979661,8.923193
54408858,마케팅,-0.37440836,-0.44903764,0.23562229,8.7004795,7.539231
54421064,마케팅,-0.28278062,0.83546686,-0.23982984,6.3011274,10.696667
54417276,마케팅,0.283416,0.6672975,-0.60439104,5.8951135,10.318326
54438920,마케팅,-0.27566063,0.1733059,0.1532659,8.267141,10.485122
54438896,마케팅,-0.4899324,0.3949404,0.34364864,8.367691,10.279413
54438778,마케팅,-0.19727705,0.86928904,-0.3563471,6.2143145,11.31951
54438777,마케팅,0.47018328,-0.23566923,0.5027724,7.215893,10.380343
54438773,마케팅,0.141631,0.7277748,0.23775995,6.9924154,10.620061
54438765,마케팅,-0.48623756,0.638195,0.42635316,7.3560843,10.83522
54438759,마케팅,-0.018419864,-0.13657394,0.7088837,7.816022,4.2605047
54438433,마케팅,-0.48067766,0.6330227,0.0934287,6.7297454,11.826304
54438417,마케팅,-0.52750856,-0.24075203,0.2731617,11.8483515,7.8442082
54438415,마케팅,-0.7153377,-0.4137223,0.4289691,11.615599,7.981613
54438295,마케팅,-0.26461112,0.27150682,0.71393096,9.224835,11.732007
54438293,마케팅,-0.24895382,0.23673046,0.592821,9.201252,11.756866
54438275,마케팅,-0.4745727,0.57788366,0.0024521344,6.734194,11.846138
54438237,마케팅,-0.59327364,-0.5131572,-0.039143525,8.379516,5.009305
54438018,마케팅,0.083732724,-1.2650074,-0.0065407436,7.73163,5.1728287
54437981,마케팅,0.6375933,0.50365263,-0.0427026,5.3968153,9.650595
54437978,마케팅,-0.18033865,0.16065636,0.2896244,8.33181,9.555726
54437977,마케팅,-0.18962376,0.2938433,0.19430465,7.749279,9.953839
54437976,마케팅,-0.21653707,1.0215014,-0.09110696,6.215307,11.5181675
54437966,마케팅,-0.116319075,0.46832344,0.10691399,8.287659,11.0292
54437943,마케팅,-0.3384731,0.17920996,0.1597444,8.359009,9.56866
54437942,마케팅,0.3493009,0.35725227,-0.14713793,6.104058,9.739652
54437914,마케팅,0.40576383,0.44758168,-0.034102272,6.7791486,9.8222065
54437913,마케팅,-0.24010417,0.21751551,0.11876542,7.852651,9.86617
54437856,마케팅,1.8438904,-0.1359593,0.33829302,3.445938,8.403735
54419475,마케팅,1.6899551,-0.5799604,-0.01736747,5.551685,5.1772456
54420436,마케팅,-0.42216164,0.20756134,0.31451565,8.246334,9.908971
54421826,마케팅,-0.55966735,-0.23489197,0.72622395,7.9092875,3.9870894
54418595,마케팅,-0.3612726,-0.09058469,0.45187536,8.863629,9.7001095
54314308,마케팅,0.74212164,0.68757915,-0.5459443,4.9056,10.165711
54417790,마케팅,-0.8036432,-0.26794466,-0.5329394,10.896953,5.570506
54416627,마케팅,-0.9514449,-0.7809987,-0.24168749,10.408872,5.4374485
54417965,마케팅,-0.2934832,-0.2758696,0.5029361,10.470032,9.500979
54410562,마케팅,-0.7100981,-0.98543274,-0.6809388,10.66912,4.770202
54410006,마케팅,2.8651423,-0.25954506,0.054400917,2.477467,8.054506
54312030,마케팅,-0.4319687,-0.18114749,0.5791243,9.405911,10.468856
54415385,마케팅,0.0061740195,-0.41566935,-0.19737662,8.305003,7.288585
54410021,마케팅,-0.6254848,0.6018915,-0.15532862,6.987935,10.961183
54436379,마케팅,-0.61900055,0.06579034,0.71288276,9.3708515,11.571886
54435077,마케팅,-0.6021865,0.069708705,0.024169063,6.8199596,7.6039066
54398617,마케팅,-0.18101948,0.56060773,-0.08407789,6.647203,10.054322
54434844,마케팅,0.37832198,-0.4455276,0.117665306,6.8827796,4.9091496
54434826,마케팅,-0.007038434,0.50848097,0.15446113,6.9480596,10.43074
54409279,마케팅,-0.26938322,0.08070302,-0.7172504,7.9385433,8.96137
54397163,마케팅,0.44962862,0.4923656,-0.48789895,5.387466,10.077399
54434653,마케팅,-0.8729901,-0.15782547,-0.31561166,10.84271,6.103302
54434603,마케팅,-0.5980684,-0.8613716,-0.11799631,8.545234,5.034559
54434589,마케팅,-0.75425065,-0.022847828,0.25408652,10.271257,9.115762
54434569,마케팅,-0.26718262,0.2617555,0.50188905,9.332935,11.469419
54434503,마케팅,1.3319489,0.25298488,-0.44712132,4.294886,9.334547
54434019,마케팅,-0.90229475,-0.62578225,0.14613166,10.753422,8.133563
54393256,마케팅,-0.4134696,0.5517993,0.035976946,6.733401,10.877054
54307741,마케팅,-0.40293026,0.18284507,0.08065653,7.9449863,10.228961
54240276,마케팅,-0.23365532,0.13578817,-0.34829885,6.8787794,7.4699903
54347889,마케팅,-0.7352434,-0.00036571137,-0.103710465,7.4190297,10.223026
54433289,마케팅,-0.24863754,-0.45006254,0.666791,11.753723,7.821465
54433212,마케팅,2.4769075,-0.22038879,0.047184978,2.6955407,8.213784
54433173,마케팅,-0.3838365,0.122548744,0.6827728,9.42262,10.95606
54433078,마케팅,-0.68204904,-0.25314102,0.12514834,8.848545,7.7445207
54432979,마케팅,-0.41747504,0.8700865,-0.06428976,6.6727867,11.832763
54432587,마케팅,-0.6797287,-0.34339398,0.04750281,10.747875,8.291357
54432443,마케팅,-0.59901303,-0.75642455,0.36287665,8.14602,5.274487
54432119,마케팅,-0.6321908,0.19363397,-0.07827821,10.388091,8.978107
54432058,마케팅,1.1218343,0.64064884,-0.18826163,4.6235957,9.694612
54170181,마케팅,-0.21045382,-0.90770507,0.14948289,7.4941716,5.1692033
54410675,마케팅,-0.37832102,-0.44259486,0.114540584,8.079909,5.058771
54392795,마케팅,-0.119883865,0.40561098,0.5398846,8.340608,10.937101
54431562,마케팅,0.20293677,0.946654,-0.33613545,5.637083,11.019132
54422517,마케팅,-0.5782463,0.10658248,-0.133057,8.870805,8.004476
54310736,마케팅,-0.6044831,-1.2317476,0.07986878,9.173359,5.1645775
54310807,마케팅,-0.5882017,-1.2244393,0.112105,9.071505,5.2165403
54310487,마케팅,-0.7703272,-1.1180649,0.105455875,9.376358,5.214597
54431357,마케팅,-0.6173046,-0.65936077,-0.81678545,10.701875,4.9765677
54431315,마케팅,-0.52732426,0.8941177,0.07039282,6.8065596,11.997281
54119323,마케팅,-0.19565745,-0.63560694,-0.058036875,7.5561957,4.966268
54119352,마케팅,-0.34270173,-0.706794,0.3055553,7.5576096,5.05851
54431204,마케팅,-0.42185903,0.72366893,-0.19213125,6.9038544,10.893919
54431193,마케팅,-0.47204202,0.49939144,-0.62743104,7.0066843,10.254908
54431187,마케팅,0.0034809283,0.30745006,-0.08953108,6.58321,9.732796
54431176,마케팅,-0.09510344,0.98057866,-0.55201477,5.8914604,10.874946
54431167,마케팅,-0.56753004,0.49746615,-0.17850439,12.466076,7.7379427
54431117,마케팅,-0.646118,0.5528517,0.030330533,6.776523,11.245532
54431100,마케팅,-0.3032993,0.050761297,-0.17298159,7.4421635,8.855448
54104677,마케팅,1.609551,-0.1080457,-0.23053692,3.820705,8.777006
54430901,마케팅,-0.6597428,-0.2528358,-0.64225507,10.115011,8.1409445
54430613,마케팅,-0.75780976,-0.21184406,-0.13879955,10.701414,6.1687756
54430585,마케팅,-0.75941217,-0.7515309,-0.37228855,10.533378,4.9692574
54295781,마케팅,-0.5627042,0.6203817,-0.5628632,8.239006,8.813274
54381106,마케팅,-0.5036348,-0.666882,0.44656575,8.165237,5.615584
54430307,마케팅,-0.64945394,-0.37284663,0.40725115,8.321665,4.8118873
54430264,마케팅,-0.536012,0.48577675,-0.95895994,7.709568,8.088846
54254045,마케팅,0.22162122,0.825154,0.21576586,5.716292,10.205719
54430229,마케팅,-0.66098934,-0.44297943,-0.7203059,11.106797,5.9013267
54395147,마케팅,0.50466293,0.5454867,-0.23018244,5.459119,10.121016
54430184,마케팅,-0.3285255,-0.08412948,0.36807021,8.607753,9.411834
54111371,마케팅,0.7971083,-1.1945407,-0.30114627,6.1434364,5.319258
54430121,마케팅,3.13297,-0.2742351,0.106712215,2.0717328,7.951714
54430028,마케팅,0.7784392,0.18323006,-0.07179244,4.902566,9.024653
54380160,마케팅,1.6623641,-0.24858265,0.1813522,3.9454844,8.556607
54352436,마케팅,1.2678542,0.41333464,-0.30145773,4.194845,9.149334
54429862,마케팅,-0.71670187,-0.106154166,0.45384982,10.183569,9.371457
54429776,마케팅,-0.37309352,-0.08577067,-0.07942117,9.755635,8.8979025
54429656,마케팅,-0.30296537,0.2652175,0.18689622,8.064525,9.720118
54429639,마케팅,-0.2826215,0.22759633,0.64780724,9.114992,11.313493
54429590,마케팅,-0.5911108,0.9070613,1.1445177,7.491577,11.107366
54429582,마케팅,-0.55894065,0.18254158,0.3494846,9.389191,9.242308
54429548,마케팅,0.70390064,-0.074410096,0.03810139,5.3021665,8.567203
54323350,마케팅,0.39966694,0.24029405,-0.04846627,5.825235,9.524664
54429481,마케팅,-0.4698164,0.43820485,0.6228253,8.39721,10.463341
54429416,마케팅,-0.44593546,0.57133204,0.011363373,6.919646,10.38016
54429254,마케팅,2.4351573,0.06986538,-0.27633587,2.8332026,8.371556
54413747,마케팅,-0.6393592,-0.70450085,0.29342258,8.270874,5.2560315
54429138,마케팅,0.056705568,-0.057383955,0.11581009,8.693691,10.254552
54428883,마케팅,-0.6057054,0.28680298,-0.10570471,8.745214,8.718195
54428419,마케팅,0.006693322,0.49837115,0.25136924,8.113033,11.283261
54292769,마케팅,-0.5012451,-0.3564247,-0.25206387,10.302459,8.280364
54308880,마케팅,-0.8075089,-0.3853602,0.2940696,8.374675,4.7510943
54428181,마케팅,-0.3654818,0.43097892,-0.10752705,6.870129,9.979322
54336256,마케팅,2.4116566,0.038707178,0.15228303,2.9166834,8.266895
54427873,마케팅,-0.4486361,-0.68505615,-0.31446865,7.9106584,4.975288
54427734,마케팅,-0.30475578,0.34796503,0.0012988627,7.355308,9.51516
54427668,마케팅,-0.51747775,0.114551686,-0.030916795,10.922501,9.321876
54427642,마케팅,-0.30365592,0.522224,0.04263964,7.8626614,11.422548
54427559,마케팅,0.25815728,0.6519805,-0.07492282,7.7835927,11.387733
54353416,마케팅,4.2738276,-0.7103905,0.47063196,1.7430686,7.8977985
54377204,마케팅,-0.23205447,0.41579723,-0.2619821,6.720476,7.6448774
54426941,마케팅,-0.53831834,-0.02298166,0.9231133,9.218142,10.44592
54426625,마케팅,-0.4288532,0.35442835,0.53566235,9.158378,11.674184
54426304,마케팅,-0.42681143,0.9893553,-0.38173568,6.5056148,11.811447
54426249,마케팅,-0.16310188,0.73322314,0.40835595,7.835303,11.898011
54426221,마케팅,-0.46885163,0.24267924,0.7652319,9.536669,10.899961
54374228,마케팅,1.9268385,0.13501266,-0.073234774,3.3358748,8.524392
54404424,마케팅,-0.11586206,-0.5182627,0.7137469,7.7376666,4.1959786
54407998,마케팅,0.73194456,-0.29356918,0.48750857,6.0253673,5.3217864
54404322,마케팅,0.3941598,0.7860455,-0.21587941,5.697865,9.752202
54406385,마케팅,-0.42496434,0.25034353,-0.3919483,8.275824,9.136882
54396996,마케팅,-0.98957294,0.028025717,0.25171888,10.805256,8.179214
54379038,마케팅,-0.6246098,0.3107329,0.45814025,8.521083,10.113412
54396974,마케팅,-0.7029584,-0.19783778,0.28614047,9.854426,8.592598
54389373,마케팅,0.94655764,-0.47069696,0.10353421,6.049253,5.4724708
54397074,마케팅,-0.63404393,-0.20006812,0.046013243,9.606989,8.429255
54389369,마케팅,1.401273,-0.43889698,0.329508,5.7618656,5.377162
54397069,마케팅,-0.60178286,-0.21450068,0.017802974,9.475312,8.6648655
54390546,마케팅,0.1023892,-0.63584405,-1.0027452,8.168556,8.218536
54423757,마케팅,0.46944293,0.7848618,-0.072203435,5.5331793,10.191742
54422970,마케팅,-0.111368485,-0.081939936,-0.09633898,10.578127,9.073547
54422759,마케팅,0.96215564,0.02065401,-0.019685743,4.8129106,8.827268
54422701,마케팅,-0.6022577,0.30083254,0.23359817,8.196559,10.21
54422631,마케팅,-0.49383563,0.2745189,-0.1585474,8.53254,9.026628
54422612,마케팅,-0.5008043,-0.46349922,0.06567486,10.057303,8.121791
54422344,마케팅,-0.55418015,0.33186656,-0.099587694,7.3889213,9.4204445
54422312,마케팅,-0.03662818,0.0035707147,-0.51051867,7.3579288,9.2596
54422202,마케팅,2.9495938,-0.050820943,-0.14547081,2.4059594,8.149751
54422160,마케팅,-0.72587705,-0.4604872,0.26233757,10.624791,8.101614
54422153,마케팅,-0.484397,-0.6756491,-0.08492787,8.536885,5.037806
54422047,마케팅,0.36950356,0.54921883,0.105306745,6.2430406,10.055829
54422002,마케팅,-0.8285072,-0.17136855,-0.79753864,10.774221,5.298411
54147294,마케팅,1.2449524,0.094177105,-0.0541735,4.3086553,9.103982
54421797,마케팅,-0.6967161,-0.24677259,0.39180267,9.747516,8.918029
54421736,마케팅,-0.08999698,0.6116288,0.31718108,8.237213,11.346948
54421677,마케팅,-0.6224902,0.19953278,0.1309445,12.522511,7.662866
54421609,마케팅,-0.34323618,-0.49817798,0.16920769,7.8697405,5.44468
54421575,마케팅,-0.44676554,-0.6198228,0.23976947,8.426889,5.0144625
54421573,마케팅,0.2598913,0.7374724,-0.7688623,5.489931,10.701106
54385414,마케팅,-0.410593,0.45916915,-0.039246578,6.7976823,7.5894613
54421474,마케팅,1.2606604,0.1319977,-0.00976455,4.0345745,8.867197
54421227,마케팅,-0.29963085,1.124614,-0.13029538,6.1924744,11.536826
54421177,마케팅,-0.33446413,0.07073779,-0.44791424,7.0497847,4.825278
54421132,마케팅,0.06249541,-0.2696346,0.3745469,7.604042,4.3818307
54420973,마케팅,-0.69177717,0.187356,0.049022216,10.414464,9.038449
54420417,마케팅,0.0008396479,0.34112704,0.45597446,8.681203,10.879892
54420279,마케팅,3.8116262,-0.24841514,0.20086645,1.791551,7.901902
54379294,마케팅,-0.7313848,0.04354732,0.035976436,8.920922,7.8646183
54420097,마케팅,-0.025311591,0.79151124,-0.1624768,6.028077,10.53831
54110097,마케팅,1.5395789,0.54940647,-0.7021337,4.4164333,9.697433
54420009,마케팅,-0.5585497,-0.93490785,-1.1146098,10.812617,4.8423057
54322077,마케팅,-0.37319314,0.14021035,-0.82231534,7.75833,8.176494
54419917,마케팅,0.04789568,0.30022842,0.59517276,8.738929,11.083804
54419693,마케팅,-0.45346472,0.5520206,0.017808078,7.5627375,10.33334
54112696,마케팅,1.6307669,0.27462962,-0.0036631639,3.7533693,8.823027
54419631,마케팅,3.0749857,-0.266793,0.282989,2.0095065,7.94216
54055651,마케팅,-0.50234,-0.13762519,-0.23918785,10.260789,8.339068
54419273,마케팅,-0.11472264,0.2989279,-0.12382896,7.835067,9.965554
54379585,마케팅,-0.85394007,-0.96783155,0.23298565,10.290517,5.4421
54173673,마케팅,-0.1408616,-0.88568425,0.45130736,7.555083,5.341241
54002410,마케팅,0.19919743,0.048427448,-1.7699361,11.089439,4.9961534
54418661,마케팅,-0.74883354,-0.5008141,-0.6234151,10.99221,5.7093363
54418658,마케팅,-0.15121134,-0.6963993,0.2339711,7.8001704,5.0475063
54418650,마케팅,-0.4808018,-0.4619844,-0.0062027737,7.7581096,4.8447714
54371876,마케팅,-0.56716156,-0.776486,0.36989287,8.321445,5.2544136
54371872,마케팅,-0.1344134,-0.1224171,-0.07703219,10.250416,8.406112
54404500,마케팅,0.115767315,0.77409375,-0.109311596,5.8379583,10.652662
54418401,마케팅,-0.5831801,-0.13095877,-0.26347092,10.735919,8.52648
54418100,마케팅,-0.07160856,-0.7859275,0.36670253,10.730007,9.252581
54050929,마케팅,1.3329669,-0.08717489,0.22352882,5.6291976,5.4986515
54417995,마케팅,-0.83919835,-0.339385,-0.17638125,10.81144,8.157554
54417796,마케팅,1.8163201,0.06488455,-0.28830865,3.6589265,8.714547
54417719,마케팅,-0.39189705,0.31151423,0.27064413,7.921995,10.422663
54417573,마케팅,1.0110145,-1.0174859,-0.41599488,5.9440684,4.969281
54417383,마케팅,-0.46361387,0.23041394,-0.13462645,9.82267,8.80336
54417283,마케팅,-0.39106715,0.42313996,0.16251042,8.442057,9.339811
54377262,마케팅,-0.8584414,-0.657401,-0.34503964,10.568675,5.560546
54417200,마케팅,-0.358691,1.1648489,-0.2847584,5.925571,11.452958
54417123,마케팅,-0.63897383,-0.6760533,-0.003999552,10.32165,5.7244315
54417106,마케팅,0.4837211,0.05078006,-0.9019864,7.6936665,8.077739
53932739,마케팅,-0.43770435,-0.43779603,-0.0962262,11.377465,8.113314
54416990,마케팅,0.7176208,-0.041822907,-0.15641783,5.122419,8.8457575
54385555,마케팅,-0.7074865,-0.51975214,-1.3953327,10.598616,5.114974
54271214,마케팅,-0.3719683,-0.50214785,0.56678224,8.278787,4.671812
54226854,마케팅,-0.7973462,-0.79539365,-0.13911845,8.977278,7.6284566
54416863,마케팅,-0.7302339,0.7560452,-0.29945272,7.259114,11.399133
54416846,마케팅,2.4397733,0.1902446,-0.15271169,2.7326696,8.30514
54416794,마케팅,-0.8546418,-0.30703637,0.1759609,11.797698,7.690044
54416735,마케팅,-0.6755164,0.43821037,0.1274458,8.999855,9.126918
54103911,마케팅,1.9615228,0.24239999,-0.5978995,3.2899299,8.7186775
54416600,마케팅,-0.21225652,0.74512714,0.25630024,7.996956,10.993765
54416581,마케팅,-0.21490929,-0.31172153,-0.30998152,7.6482835,7.8074074
54416451,마케팅,-0.62418556,0.7788966,0.06826181,6.404659,11.562624
54416370,마케팅,-0.12920874,-0.09165012,-0.43381113,6.977188,7.3523517
54103650,마케팅,1.0712932,0.42597845,-0.25885284,4.3911796,9.377397
54416244,마케팅,-0.037180677,1.2813171,-0.5309684,5.7956247,11.327082
54416066,마케팅,-0.4215364,-0.47114938,0.09388266,10.099537,8.2396965
54415951,마케팅,-0.94839174,-0.9598211,-0.18522032,10.790237,6.130784
54174556,마케팅,-0.17548011,0.45497522,-0.7210383,7.639043,8.045102
54415785,마케팅,-0.16300331,0.21070695,-1.1026748,7.6916227,8.052653
54415473,마케팅,-0.7403613,0.02878005,0.78149533,10.14452,9.697625
54130855,마케팅,-0.50368977,-0.591981,-0.15375558,10.196505,8.125973
54078967,마케팅,2.3473902,-0.008330439,-0.13396113,2.8475137,8.366206
54079001,마케팅,3.3049743,-0.19271153,0.02253007,1.9428403,7.9629984
54414649,마케팅,-0.37275013,0.15537408,-0.017989198,8.296087,9.165067
54414542,마케팅,-0.15970546,0.1439337,0.28760603,9.0245,11.342201
54391928,마케팅,1.5399451,-0.009467728,-0.08404721,4.1188564,8.774996
54393955,마케팅,-0.87964827,-0.8195492,-0.39568198,10.766053,5.2098036
53149013,마케팅,0.62424767,-0.38977134,0.091492265,6.2751756,5.3530397
54377408,마케팅,-0.2221489,0.84832066,-0.18123789,6.026076,11.258015
54347620,마케팅,-0.64480114,-0.22656158,-0.05764514,10.84546,8.350847
54411041,마케팅,-0.5234506,-0.20626728,0.22913179,11.652135,7.6546164
54411034,마케팅,0.6486012,0.5587667,-0.68942535,4.9513516,10.050478
54410970,마케팅,-0.6769444,-0.050680917,0.016883371,7.4886804,8.6548815
54348640,마케팅,-0.4160295,-1.108198,0.064039625,7.595919,5.3896675
54372230,마케팅,-0.4580144,0.27539384,-0.45363513,7.9674034,8.9189625
54410509,마케팅,0.022922948,0.62629795,-0.092330985,6.4658227,10.208579
54410360,마케팅,0.62364936,0.79587615,-0.70966476,5.010532,10.239397
54410326,마케팅,0.10451593,0.85179764,-0.28210154,5.797823,10.546814
54410215,마케팅,-0.49599993,-1.255983,-1.2385294,11.059112,5.3127556
54410114,마케팅,-0.5205851,0.27214602,-0.24583049,8.607554,8.923462
54410110,마케팅,-0.35979763,0.69169956,0.18936133,6.916973,10.224322
54409845,마케팅,0.076650426,0.9040609,-0.47952208,5.5596504,10.868746
54409737,마케팅,-0.916185,-0.9576766,-0.6974031,10.88232,5.6970806
54409678,마케팅,0.20254903,0.73815805,-0.40277568,5.669723,10.532625
54192923,마케팅,-0.76996875,-0.4482145,-1.2936641,11.055926,5.529756
54390160,마케팅,-0.77187043,0.8361863,-0.098697804,6.4201584,11.773794
54325683,마케팅,-0.3565537,1.0005527,0.2163497,6.843939,11.375752
54312296,마케팅,-0.30619383,0.673781,0.3284823,6.6929603,11.529378
54408945,마케팅,-0.47040874,0.7374604,-0.16677581,12.517206,7.709453
54408702,마케팅,-0.31881,0.26524153,-0.12926446,8.416592,9.0795355
54408633,마케팅,-0.27135193,-0.15615962,1.2136928,9.194058,10.970203
54177071,마케팅,-0.5748926,0.0613823,-0.278491,9.993036,8.6797495
54408327,마케팅,-0.24410853,-0.27507195,0.25392246,10.516514,9.490956
54408287,마케팅,-0.63698983,-0.08520635,0.22293282,10.011309,8.88892
54408170,마케팅,-0.63261735,-0.11968039,0.092129305,10.140131,8.742258
54408153,마케팅,-0.5269215,-0.2296926,0.62824047,9.253386,11.006501
54398480,마케팅,-0.05013047,0.72606534,-0.12958094,6.587056,10.32342
54407760,마케팅,-0.0024502994,-0.8362189,0.28040728,7.241379,4.999238
54407626,마케팅,0.2886327,-0.39277992,-0.5848083,10.77826,8.801853
54407562,마케팅,-0.046922296,0.043408643,0.36841336,7.547617,4.233649
54407175,마케팅,1.6633347,0.2791097,-0.593322,3.7834005,8.943966
54407134,마케팅,-0.30864832,0.5277248,0.13522853,6.565494,11.221562
54407036,마케팅,-0.44377506,0.71957636,0.66154927,8.937171,11.719877
54407018,마케팅,-0.68385935,0.87479234,-0.015901914,6.445373,11.825915
54393581,마케팅,-0.77109694,-0.27121386,0.15818015,9.937756,8.225053
54384322,마케팅,-0.045169644,0.64670163,-0.23012136,6.1334357,10.407371
54406833,마케팅,-0.3963416,1.0382477,-0.33558857,6.023319,11.568466
54406767,마케팅,-0.48483407,-0.25975302,-0.0862231,12.154986,7.6745844
54406513,마케팅,-0.70199746,-0.038055103,0.5306003,8.057106,4.1960535
54406432,마케팅,-0.7738283,-0.33012685,-0.09555389,7.657126,11.268673
54350013,마케팅,-0.4559659,0.33374897,0.03397471,7.2054124,10.232654
54406055,마케팅,-0.043804485,0.19214295,0.45899037,8.862277,11.096826
54405780,마케팅,-0.3099353,0.4550576,0.37246266,8.850996,11.576393
54405727,마케팅,2.8567114,-0.7917598,-0.14068897,2.6933506,8.013026
54405650,마케팅,-0.17683318,0.07885752,0.41814122,10.505411,9.3259115
54405590,마케팅,-0.08143607,0.45360792,0.39099798,6.972422,9.899489
54360663,마케팅,-0.66709745,-0.33243755,-0.46169934,8.250368,8.533949
54405540,마케팅,-0.3027309,-0.6108521,0.29821852,8.120999,4.943818
54405258,마케팅,-0.5132532,1.1571287,-0.03997024,6.2736826,11.592282
54405016,마케팅,-0.85546225,-0.51019573,0.3158351,10.348771,6.010353
54388614,마케팅,-0.39893267,0.94297934,-0.04463035,6.7450423,9.9824295
54404689,마케팅,-0.64832485,0.28609404,0.037822403,8.988475,8.383365
54404648,마케팅,-0.80156803,-0.38440704,-0.16381527,10.877321,5.524214
54404646,마케팅,-0.41913456,0.03340341,0.3519406,9.066968,10.295283
54288556,마케팅,-0.19933961,0.9591357,-0.304468,6.329928,10.708521
54332061,마케팅,-0.6101664,0.5953725,0.1547582,8.93698,9.243987
54403754,마케팅,-0.53659135,0.2318834,0.48163477,9.456483,10.822644
54403665,마케팅,-0.7743733,0.003703233,0.73931074,8.2005625,4.2265177
54403318,마케팅,-0.25206614,0.028901298,-0.21819393,8.011904,10.290485
54403050,마케팅,-0.7718948,0.26813844,-0.29013234,7.489627,9.327264
54403020,마케팅,-0.38678402,0.5659642,0.32554972,8.109726,11.094772
54397306,마케팅,2.9199865,0.14168373,-0.0818826,2.509815,8.215973
54402870,마케팅,-0.58254474,0.1647376,-0.06836411,8.990072,9.800034
54402692,마케팅,-0.4833592,0.05033491,0.106676355,9.573695,10.03276
54377039,마케팅,-0.021416545,0.47237495,0.13958749,6.902956,9.827317
54320843,마케팅,1.6615227,0.17579243,-0.71874964,3.2303834,8.739483
54383224,마케팅,-0.59101045,0.37953347,-0.10485677,7.5659757,10.541853
54398352,마케팅,-0.60716313,-0.88001287,-0.49061278,9.559214,4.9029922
54365960,마케팅,-0.38946694,0.25244853,0.32241365,8.642152,9.989597
54398094,마케팅,-0.20122881,-0.113832034,-0.62216425,7.9456544,8.241259
54397990,마케팅,1.431614,-0.2754305,-0.3134748,3.9254546,8.701432
54397917,마케팅,-0.20803545,0.086837776,0.036517344,8.337547,9.270312
54397908,마케팅,-0.64744127,-0.7130206,0.05327233,8.732307,5.0954413
54397872,마케팅,-0.8481698,-0.6943805,0.2003806,11.84059,7.644234
54397686,마케팅,-0.6241702,1.0419375,-0.09725707,6.66209,11.873758
54397594,마케팅,2.5367537,0.299183,-0.16129567,2.772256,8.142614
54397498,마케팅,2.5486894,0.31772378,-0.40933096,2.6562166,8.343064
54397369,마케팅,1.203219,0.56795454,-0.24093708,4.7752066,9.90728
54397266,마케팅,-0.7152357,-0.7097327,-0.4669416,10.512692,5.007819
54397235,마케팅,-0.46513784,-0.13014954,0.45374504,10.308779,9.503583
54397165,마케팅,-0.32451937,-0.054614983,0.6583567,9.323739,10.862254
54397161,마케팅,-0.34010473,1.0498949,-0.06865475,6.6599507,11.82887
54397082,마케팅,-0.49986267,-0.4243745,0.37109575,8.30477,4.8743086
54396877,마케팅,-0.5832265,-0.19799303,-0.10559642,9.153879,8.030454
54396788,마케팅,-0.53447694,-0.16540052,-0.53018427,10.986534,5.3470607
54396559,마케팅,-0.46282828,-0.6042104,-0.018815221,7.1874924,6.9744487
54396546,마케팅,-0.33836007,-0.026609376,-0.5609006,7.6542854,8.020055
54396407,마케팅,1.2791281,-1.0348952,0.48511082,5.662956,5.1117096
54396378,마케팅,1.6085154,0.28043652,-0.38684055,3.965243,9.011022
54283022,마케팅,-0.1699482,-0.22114913,0.004163308,10.772665,9.246206
54378007,마케팅,-0.89160836,-0.34017062,-0.22943284,12.052058,7.985431
54396142,마케팅,-0.3404996,-0.42086944,0.17207517,7.8738613,4.894682
54396100,마케팅,-0.6444573,-0.23908497,0.23284712,8.811278,7.6566477
54396071,마케팅,-0.49749592,-0.19110247,0.4779922,7.999826,4.309394
54395716,마케팅,-0.6558449,-0.58969784,-0.8545487,10.778496,5.3419175
54395590,마케팅,-0.30344173,0.8633103,0.4997276,7.125523,11.978667
54395585,마케팅,-0.103827365,1.0223006,0.13618442,6.584116,10.410908
54059395,마케팅,-0.6855419,-0.066523254,0.3425732,9.8232355,9.095636
54395124,마케팅,1.3607069,0.5956038,-0.05491454,4.0429907,9.133802
54394993,마케팅,-0.80535495,-0.43192285,-0.41390938,10.419446,5.127914
54394969,마케팅,-0.33514875,0.76797867,0.057093754,6.6463037,11.1384945
54365752,마케팅,3.1869993,-0.2596865,0.15363398,1.9981916,7.960429
54394692,마케팅,-0.6791038,-0.60694927,-0.503519,11.090949,5.8040605
54394554,마케팅,-0.6126625,-0.5809599,-0.016286967,10.35808,8.056595
54394492,마케팅,-0.18338197,-0.8089135,0.3015608,7.409159,6.562095
54394482,마케팅,0.5431558,-1.3699849,0.4255786,6.4511676,5.1554685
54394252,마케팅,0.066195875,-0.724348,0.07911854,7.244864,5.090567
54394090,마케팅,-0.542044,-0.7885692,0.523696,8.496913,5.1646523
54393970,마케팅,-0.37392417,0.35254106,0.09499887,7.9211273,9.909704
54296309,마케팅,-0.23052275,-0.6194405,0.34366316,7.5720663,4.9951897
54326197,마케팅,-0.48083606,-0.07439992,0.7830185,9.527498,11.127304
54393743,마케팅,-0.8411637,-0.37962452,0.041344374,10.547485,5.955235
54393728,마케팅,-0.67108506,-0.72281164,-0.01605551,10.220688,5.125912
54393705,마케팅,-1.0438608,-0.84156156,-0.7437206,10.936724,5.545711
54393642,마케팅,-0.84176373,-0.5504399,-0.35317972,10.4410515,5.3127837
54393510,마케팅,-0.09486474,1.0966742,-0.2083681,5.9367504,11.365108
54383422,마케팅,1.830245,-0.4638827,0.84438425,5.4353485,5.4848166
54092673,마케팅,-0.00036049678,-0.09920841,-0.16221946,8.501833,7.4638224
54393170,마케팅,-0.44069538,0.81875914,-0.2114543,6.3353014,10.829069
54393115,마케팅,-0.6672266,0.20925203,0.52835935,9.602455,10.767237
54393101,마케팅,-0.8321206,-0.09355263,-0.11559107,10.910275,8.184212
54393042,마케팅,-0.3359294,0.25262696,0.32777664,9.045926,10.721055
54393034,마케팅,-0.29683024,0.28834745,0.2946091,8.938188,10.616886
54393025,마케팅,-0.45985553,0.71177614,-0.009577111,6.820651,11.13417
54374234,마케팅,0.59774977,-0.4753237,0.45031682,6.282378,5.4585342
54392978,마케팅,0.029240906,-1.0220703,-0.8577592,10.811948,4.6625137
54392828,마케팅,-0.14493383,0.15987359,-0.6156748,7.6733775,8.0333185
54392798,마케팅,0.7801024,0.76188296,0.03640958,5.388462,9.88749
54392755,마케팅,-0.023463143,0.32737866,-0.36569837,6.437076,9.798726
54217412,마케팅,-0.4509406,-0.5203462,-0.26159292,10.322379,8.16807
54392378,마케팅,0.29404646,0.009502767,0.30453795,5.37212,8.898783
54392224,마케팅,-0.56487733,0.42343482,-0.40754887,10.594695,9.005625
54392143,마케팅,-0.19897053,0.49896622,0.03340315,7.0658703,9.941268
54392133,마케팅,-0.5514017,0.6994045,-0.32088757,6.5638905,10.607512
54337292,마케팅,-0.61105174,-0.04480831,0.028771544,10.160277,9.038134
54392068,마케팅,-0.70390356,-0.026222892,0.34306893,11.99505,7.668909
54321131,마케팅,3.749004,-0.1511828,0.21407706,1.7319902,7.96378
54391781,마케팅,-0.55787754,0.11990283,-0.12121706,7.3212066,4.6160564
54391565,마케팅,-0.1695937,1.1225098,-0.32270962,5.9305763,11.396746
54391341,마케팅,1.942857,-0.7520409,0.031776726,5.535397,5.108981
54391035,마케팅,-0.5720051,-0.023016773,-0.16637067,12.171013,7.764654
54380963,마케팅,-0.613347,0.23091778,0.7864942,9.37354,11.094982
54331990,마케팅,-0.39895073,0.84586596,-0.21503331,6.50088,11.781257
54378804,마케팅,2.8560956,0.2873341,0.09789197,2.3396292,8.060527
54389968,마케팅,-0.60777915,0.11999361,-0.0080334265,8.899401,8.033181
54389812,마케팅,0.9480983,-0.1470909,-0.49963564,4.534882,9.343177
53642662,마케팅,-0.5770413,-0.08872538,-0.28087208,10.795433,8.627926
52765921,마케팅,-0.38122144,-0.5640266,0.53823423,7.7057548,4.4879627
54389104,마케팅,-0.5784747,0.38855028,-0.009701364,7.542851,11.135521
54389077,마케팅,0.40112874,0.5424265,0.11872762,6.0464373,10.065969
54388696,마케팅,-0.8455293,-0.63040566,-0.18843232,10.919667,8.055514
54359608,마케팅,-0.23334363,-0.3782254,-0.3169235,7.5273156,5.4600234
54365961,마케팅,-0.59367806,-0.10186131,0.49057934,10.283657,8.1679535
54365777,마케팅,0.29941246,-0.79613066,0.11107714,6.7064443,5.0660257
54359438,마케팅,0.1798709,-0.1083907,0.17526619,7.3661213,4.6246877
54359427,마케팅,-0.4843712,-0.06113071,0.37168512,8.154777,4.3518987
54358428,마케팅,-0.19411892,0.6358528,0.19361252,7.041464,10.891974
54365915,마케팅,-0.21745536,0.7839825,0.023439813,6.826647,9.905467
54353187,마케팅,-0.6515844,0.6647681,0.019374931,12.585313,7.656678
54364505,마케팅,-0.40511522,-0.05341315,-0.2481895,12.226903,7.794928
54387318,마케팅,-1.0084385,-0.14789417,-0.24685048,10.488058,5.4943504
54309582,마케팅,-0.58050644,0.9329653,0.077755824,6.5260367,11.763741
54169935,마케팅,-0.45165193,-0.60682994,-0.38268253,10.320823,8.210365
54385477,마케팅,-0.26535493,-0.055681866,-0.16597258,6.898786,7.425229
54385461,마케팅,-0.4285841,0.46383807,-0.048632734,6.7420883,7.563887
54385436,마케팅,-0.30743122,0.43561968,-0.056195796,6.7471123,7.5347447
54385366,마케팅,0.2574083,0.5500623,-0.362638,6.1981726,9.677304
54385291,마케팅,-0.55718595,-0.36075583,-1.3225371,10.710942,4.833924
54385184,마케팅,-0.55251384,0.059259508,0.47307783,8.777847,11.517335
54384998,마케팅,-0.5592658,-0.29914826,0.41620335,9.299263,9.640542
54384517,마케팅,-0.23428911,0.42877606,-0.29336154,6.5879083,9.610947
54384512,마케팅,-0.00698207,0.45962295,-0.140961,6.3761435,9.566641
54384504,마케팅,-0.27805102,0.36778313,-0.70240235,6.57735,9.749872
54384498,마케팅,0.025796942,0.40880802,-0.20853987,6.386576,9.612852
54338488,마케팅,0.0037097812,-0.006158686,-0.027966218,8.556263,9.039784
54384412,마케팅,-0.4083017,-0.29407054,-0.11662461,10.771995,8.414626
54040242,마케팅,-0.4013003,0.09089379,-0.16601206,8.766735,7.6306562
54384361,마케팅,-0.8485411,-0.6319605,0.21477802,12.216195,7.5416417
54366067,마케팅,-0.029444134,0.4581429,-0.18250407,6.4954753,9.675129
54384276,마케팅,3.0171647,-0.15994099,-0.08444402,2.3966331,8.047917
54384220,마케팅,0.9468841,-1.2142577,-0.8243672,6.005794,5.052713
54279821,마케팅,-0.064844936,0.20949651,-0.027715474,7.5560555,10.751827
54383992,마케팅,-0.49445906,0.93828386,-0.31955078,6.0895095,10.832662
53899596,마케팅,-0.7180295,-0.05006443,0.15833712,10.323638,8.875704
54383527,마케팅,0.9548749,0.9650382,-0.48856294,4.965518,9.852146
54289112,마케팅,-0.6970845,-0.87151134,-0.6260331,10.52949,4.923634
54383200,마케팅,-0.63668424,-0.67451096,-1.0143437,11.077655,5.7714877
54383168,마케팅,-0.9140713,-0.80536276,-0.9167807,10.603613,5.3450966
54383089,마케팅,-0.7712274,-0.5855157,-0.24600087,10.6934395,6.1144075
54382999,마케팅,0.059785243,0.6575687,-0.40573516,5.7933145,10.437986
54382918,마케팅,-0.14126068,-0.3451213,0.28006557,8.77209,7.5898957
54382857,마케팅,1.7160739,-1.4289674,-0.2274619,5.622816,5.014258
54382775,마케팅,-0.86639583,-0.9182851,-0.15897465,10.325471,5.4768896
54382752,마케팅,3.7758784,-0.30096772,0.14534281,1.7928271,7.9373794
54382563,마케팅,-0.48489946,0.6813897,0.18570186,12.519667,7.708025
54382552,마케팅,1.305819,-0.38408667,-0.04420536,5.666438,5.1189456
54382300,마케팅,-0.63579834,0.26074526,-0.54349583,10.665207,8.90828
54382209,마케팅,1.1371014,0.46995983,-0.450135,4.490822,9.439483
54338825,마케팅,1.5210652,-0.80704355,-0.17404528,5.615528,5.015265
54381997,마케팅,-0.357596,-0.6793745,0.08113701,7.8938646,5.7858176
54245440,마케팅,-0.25046903,-0.1836937,-0.11473591,7.459671,4.680396
54381851,마케팅,-0.23005451,0.25323462,-0.45859784,7.224245,9.4289255
54216169,마케팅,-0.39077416,0.7728089,-0.019388348,6.653449,10.544066
54381651,마케팅,-0.55746824,0.045623776,0.032127384,10.702067,9.192163
54188205,마케팅,0.8213278,0.4281119,-0.6075718,4.8545203,10.074673
54188421,마케팅,2.4819016,-0.5722857,0.068836056,5.3594923,5.2273965
54381353,마케팅,-0.6951075,0.1567117,0.30899364,10.402448,9.281379
54381312,마케팅,-0.6799589,-0.021404823,-0.07380763,8.817817,9.477191
54381192,마케팅,-0.4255163,0.94046324,0.07955347,6.3863535,11.5036125
54381167,마케팅,1.3648024,-0.106313795,0.38748536,3.9560847,8.575282
54125405,마케팅,2.1832633,-0.14341067,0.16906032,3.0811174,8.304684
54125510,마케팅,0.13132794,-0.1409257,0.1312786,10.56416,9.588737
54380916,마케팅,-0.59490085,-0.89715433,-1.1572427,10.795742,4.808644
54380912,마케팅,-0.850181,-0.8066469,-1.0192028,10.88079,5.1197157
54380834,마케팅,-0.3213664,0.2231286,0.11647832,7.467433,9.468197
54380753,마케팅,2.0989373,-1.0468338,0.31889993,5.4990425,5.115565
54380744,마케팅,-0.18153559,0.20735961,0.46817493,8.974914,10.907794
54090521,마케팅,-0.6714239,-0.2498827,0.46493182,8.303329,4.617308
54338487,마케팅,1.8787283,-1.1720672,-0.09375026,5.591084,4.966642
54380469,마케팅,-0.42370355,-0.06810933,0.68616945,9.33661,11.619215
54380448,마케팅,-0.5939636,-0.029232107,0.7351263,9.380805,11.588071
54363984,마케팅,0.23562047,0.14578578,0.27066246,8.505456,9.998955
54071692,마케팅,0.037400544,0.6795772,0.060532667,6.2024837,10.469512
54352834,마케팅,0.2480732,0.31143677,0.060158588,8.493821,11.668071
54373679,마케팅,-0.7782285,0.07006683,0.11799175,9.980868,8.924818
54379531,마케팅,-0.7008508,-0.4017954,0.8667208,8.08876,4.1943
54336844,마케팅,-0.69636476,-0.13636929,0.34554443,8.821672,9.835858
54379023,마케팅,-0.7516052,0.043752212,0.31356862,9.15937,8.684722
54359325,마케팅,-0.021301107,-0.37704343,0.24749191,7.5486817,4.6977453
54378845,마케팅,-0.4908161,-0.42081845,0.38568243,8.1552925,5.1552987
54378829,마케팅,3.1288013,-0.20310728,0.30600905,2.0245218,8.047669
54378781,마케팅,-0.22934067,0.035593603,0.20625687,9.102251,9.858913
54378742,마케팅,-0.103553906,-0.11534734,0.3169558,9.203912,10.185607
54378373,마케팅,0.3749355,0.44365093,-0.31318575,6.337032,9.598233
54378363,마케팅,0.05861992,0.4439168,-0.10015613,6.5777974,9.721991
54378132,마케팅,-0.32984692,-0.47512272,-1.3697497,11.217641,5.0731225
54377969,마케팅,-0.29582992,-1.0510668,-0.28881323,12.228624,7.518534
54377903,마케팅,-0.19471467,-0.6815001,-1.3850714,11.139014,5.0609684
54377672,마케팅,1.3061327,-0.4755427,-0.21337171,5.8940835,5.2762733
54377609,마케팅,0.5395871,0.6156033,-0.29819784,5.145631,10.267475
54377582,마케팅,-0.57105464,0.3220093,-0.3285937,7.339114,8.827085
54376795,마케팅,-0.016602008,-0.07606203,0.16620347,8.594846,9.248235
54376779,마케팅,0.07272417,0.40288186,0.14753671,8.18165,10.939948
54376545,마케팅,-0.45193806,-0.39817685,-1.111142,11.1553755,5.023417
54376456,마케팅,1.6396666,0.05782185,0.1340998,3.8046494,8.690009
54349239,마케팅,-0.6018716,-0.13430774,0.007308836,9.621074,8.664533
54376348,마케팅,-0.09429435,0.027291955,0.54552305,9.110009,11.3434305
54376020,마케팅,-0.7412635,0.3692782,-0.033681918,10.660945,9.084546
54375957,마케팅,-0.7444602,-0.6112172,-0.26846138,10.515072,5.5361347
54375866,마케팅,-0.69384,-1.2312907,-0.2387841,10.503148,6.108098
54079268,마케팅,0.07177125,-0.045065627,0.33519214,8.923243,10.499334
54374622,마케팅,-0.34555385,0.01674971,0.68021774,9.206314,11.757264
54374587,마케팅,-0.083764784,0.6056581,0.19365843,8.091193,11.121953
54142115,마케팅,-0.58437806,0.015830634,-0.23409791,10.87923,8.751994
54142087,마케팅,0.671982,0.59668213,-0.48494145,5.0129604,9.774237
54374284,마케팅,-0.66969097,-0.23646078,-0.015105128,9.839604,8.520449
54374255,마케팅,0.43880263,-1.3724971,0.76746756,6.6277266,5.210884
54309783,마케팅,0.49495742,-0.035340086,-0.7317838,5.685334,9.492386
54359499,마케팅,0.9647008,-0.08913458,0.048969094,4.9139214,8.74506
54365100,마케팅,1.2112752,0.47634068,-0.4374544,4.349782,9.309096
54360373,마케팅,-0.658687,-0.06805126,0.28135276,9.480028,8.293755
54359522,마케팅,-0.7449035,-0.4948478,0.4012734,10.251273,6.5590754
54374131,마케팅,-0.6255052,1.0659336,0.9179599,7.69754,11.123477
54374106,마케팅,-0.34960803,0.5931865,0.38364458,6.706465,11.448914
54325377,마케팅,0.18590423,0.031463467,0.48740456,8.778252,9.74734
54373942,마케팅,-0.24813293,0.0489358,0.50294095,8.945302,11.541698
54373717,마케팅,1.016796,0.44412228,-0.16268906,4.683811,9.684283
54373671,마케팅,3.6747193,-0.19250768,0.31401077,1.7212873,7.964933
54373626,마케팅,0.00374557,0.32552543,0.37454486,8.354521,11.011035
54373596,마케팅,-0.6783897,-0.49987966,-0.52158004,12.211819,7.8134317
54350169,마케팅,0.2993843,0.31627005,-0.03163622,6.0287213,10.047371
54373515,마케팅,-0.43456963,-0.02763429,0.04233229,8.560843,10.529122
54373410,마케팅,0.8596549,-0.6908099,-0.41357726,8.256881,7.297543
54373249,마케팅,0.13214333,0.1325806,0.54888,8.535043,10.830037
54365473,마케팅,-0.6782865,0.30565983,0.008164616,12.49279,7.674944
54361926,마케팅,1.8920714,-0.3833542,0.18153785,3.0670195,8.32603
54363597,마케팅,-0.28059775,-0.17854448,0.28872436,7.646995,4.033184
54361797,마케팅,-0.73836917,-0.35130486,0.18037176,10.552644,8.279838
54361916,마케팅,-0.1433882,0.9666925,-0.46769243,5.90018,10.907626
54361946,마케팅,-0.45200652,0.26195827,0.48129618,9.552459,10.803816
54361788,마케팅,-0.30830672,-0.3560878,-0.4471365,10.775865,8.709933
54361941,마케팅,-0.20896994,-0.49108464,0.054283444,10.724003,8.729905
54358416,마케팅,0.52237207,0.12644555,0.63529915,8.651639,9.842665
54345763,마케팅,0.93900806,-0.12964089,-0.40711385,5.2674704,8.40198
54346068,마케팅,0.34352973,-0.24790695,-0.033317648,5.2293487,8.7490635
54346042,마케팅,1.2363259,-0.22985327,-0.24689102,4.3057055,8.724966
54266187,마케팅,1.6304153,0.39542338,-0.00017005626,3.9266133,9.04623
54360199,마케팅,1.7604802,-1.0004184,0.72444123,5.523927,5.3364463
54371348,마케팅,-0.025005993,0.08871904,0.26319942,8.687429,10.608882
54371325,마케팅,-0.8289351,-0.5843458,0.17254859,8.276152,4.949811
54370861,마케팅,-0.17797813,-0.22204183,-0.31826362,7.5553455,5.3699627
54348186,마케팅,1.1712047,-0.17018077,0.29483968,4.082885,8.593608
54350960,마케팅,-0.2966439,0.43564793,-0.33462116,6.983962,9.829203
54352180,마케팅,-0.56915724,0.051851448,-0.25163057,7.312922,8.271328
54336570,마케팅,-0.27826813,0.22521871,-0.09258442,7.7324257,9.9066725
54320321,마케팅,0.047459774,0.14050123,0.5826424,8.648979,11.601145
54366942,마케팅,-0.4669326,-0.41683948,0.30323884,7.968934,4.4654593
54366778,마케팅,-0.4927062,0.8494569,0.1557255,6.6317554,11.681003
54366690,마케팅,0.5083182,0.3986269,-0.07676408,5.527028,9.937699
54366281,마케팅,-0.14080538,0.4774929,0.19726023,8.56713,11.721681
54366227,마케팅,-0.42048,0.5899275,0.37472096,8.4938,11.890303
54365978,마케팅,1.2922211,-0.88204014,0.77038574,5.678422,5.49416
54365805,마케팅,-0.54211336,0.2672138,0.64011216,9.5195265,10.897754
54365783,마케팅,-0.5050301,-0.33435333,0.70846313,8.017374,4.453462
54365094,마케팅,-0.43581846,-0.54022336,0.06478723,10.144694,8.120828
54309708,마케팅,-0.19736618,-0.36537054,0.3917218,7.826861,4.835053
54364888,마케팅,-0.5104827,-0.43890914,0.9734503,8.665982,4.8290477
54364738,마케팅,-0.7324936,-0.6796917,0.26469567,8.173857,5.4959292
54364691,마케팅,-0.74455637,-0.09672459,-0.41477716,10.886173,8.766227
54364629,마케팅,-0.77279145,-0.10756866,0.07006062,11.940023,7.626389
54306548,마케팅,1.4295465,0.3278429,-0.23683625,4.2830496,9.333667
54364373,마케팅,-0.6578933,1.0437224,0.27122492,6.5621953,11.949061
54364367,마케팅,-0.62816596,1.0344698,0.21850806,6.562511,11.993189
54364356,마케팅,-0.83735925,0.5067179,-0.031993248,7.3734727,11.304719
54364326,마케팅,-0.51129717,0.8396302,-0.0024370353,6.626378,11.778817
54364197,마케팅,-0.6241319,0.99625397,0.15711881,6.587073,12.000858
54364184,마케팅,-0.6954227,1.1245652,0.34581733,7.438291,12.084101
54364164,마케팅,-0.30369306,0.4990168,0.222091,6.9703374,10.223116
54364050,마케팅,-0.7161202,-0.37426746,-1.0061532,10.860873,5.481815
54258762,마케팅,-0.4535129,0.3764135,0.31241307,9.293334,10.736245
54363945,마케팅,-0.6196653,-0.46249,0.5207379,11.819311,7.660971
54363698,마케팅,-0.5070259,-0.60327625,-0.020499967,8.526651,5.0081882
54363472,마케팅,-0.22355114,-0.034445044,-0.32041985,7.3266788,4.581723
54324375,마케팅,1.3331811,0.47815645,-0.22936063,4.2509236,9.276985
53957667,마케팅,0.45326766,-0.3889716,-0.4672117,6.7297406,4.9284306
54363210,마케팅,1.1757562,0.20840281,-0.41645867,4.3896184,9.38073
54363131,마케팅,-0.22716023,-0.34766847,0.93263733,9.433049,11.5339365
54363089,마케팅,-0.52312934,0.46573222,0.7761309,9.266071,11.616632
54362584,마케팅,1.2345749,-1.3054911,0.14389883,5.7981925,4.930594
54362063,마케팅,-0.5081671,0.4154135,0.5020493,8.278498,10.9102745
54361829,마케팅,-0.5380527,-0.402842,-0.020233495,7.901962,5.3963375
54245897,마케팅,-0.46131444,0.30935174,-0.24746785,7.4903765,8.669412
54361484,마케팅,1.9195994,0.24295461,-0.3845398,3.7208385,8.850129
54324535,마케팅,-0.7028836,-0.5359191,0.14739273,9.968004,8.191703
54361128,마케팅,2.4684386,-0.05419477,-0.16205198,2.8131094,8.270656
54360825,마케팅,0.00698085,-0.67175335,-0.40376824,7.3849635,5.4050593
54349288,마케팅,-0.31302047,-0.4866752,0.27009186,7.7041297,4.761594
54360739,마케팅,-0.5841507,0.040142022,-0.17765346,12.296284,7.764626
54360366,마케팅,1.0709468,0.30495542,-0.46914926,3.9427025,9.012127
53995506,마케팅,-0.4819671,-0.70839435,-0.3498254,10.274896,5.010431
53934777,마케팅,0.8896509,0.3376433,0.9554926,8.715744,11.110547
54359801,마케팅,-0.5421661,-0.025140382,-0.4038596,10.218882,8.238227
54271572,마케팅,-0.5845706,-0.21063875,0.053355925,8.880328,7.688754
54359332,마케팅,-0.5749585,-0.45700374,0.7527607,10.136744,9.712614
54359017,마케팅,-0.73285705,-0.29816818,-0.5956309,10.723238,5.4843717
54060903,마케팅,-0.35255817,-0.94718075,0.4524265,7.840436,5.345695
54333090,마케팅,1.7212852,-1.1857662,0.26787522,5.577496,5.024914
54358530,마케팅,0.3314621,-0.30754584,-0.24017219,8.380687,7.3956366
54358218,마케팅,0.38156182,0.58011967,-0.38707688,6.417354,7.934437
53215099,마케팅,-0.7571626,-0.51887786,0.25519043,8.315148,5.33049
54224075,마케팅,-0.7019711,-0.19010654,0.11412933,7.5820594,9.353446
54223761,마케팅,-0.8161607,-0.06695755,-0.014934201,11.779357,7.7323127
54357896,마케팅,-0.52564394,0.17010659,-0.09900703,10.360209,9.010117
54357851,마케팅,-0.22316954,1.2167218,-0.6093786,5.701437,10.735869
54357848,마케팅,-0.6096066,0.7965735,-0.2580322,6.439736,11.521014
54357793,마케팅,-0.32997125,-0.20707414,-0.22539552,7.113057,4.846537
54337468,마케팅,-0.062947735,0.27415282,0.44465545,7.510089,10.468237
54339922,마케팅,-0.49209955,0.34282222,-0.07708369,8.812955,8.0279045
54337456,마케팅,-0.580471,0.47417346,0.5109096,7.816498,10.443096
54333116,마케팅,-0.077912875,-0.23812865,0.5004977,8.857401,9.910126
54322213,마케팅,-0.25857407,0.15014213,0.7460661,9.190579,11.03712
54324265,마케팅,-0.26036796,0.013394456,0.3388732,8.660761,10.02338
54314288,마케팅,0.46411827,-0.9550582,-0.948966,10.755144,4.5367146
54322096,마케팅,-0.48738173,-0.356998,0.37114564,9.016938,10.293405
54314385,마케팅,0.09295258,0.69915974,-0.13220628,5.759588,10.565417
54314432,마케팅,0.68723005,0.62045133,-0.8501913,4.8749914,10.084352
54324210,마케팅,-0.4945834,-0.28012073,0.589101,8.004331,4.1362476
54268047,마케팅,0.08640309,-0.44184282,0.4493159,7.4306617,4.6167884
54324228,마케팅,0.36184543,-1.1183797,-0.0702701,7.479865,5.552929
54319926,마케팅,0.3602492,0.47499514,-0.22629577,6.194588,9.769921
54355330,마케팅,1.7990472,-0.074070856,-0.04161663,3.3940535,8.617012
54353721,마케팅,2.9842083,-0.013101383,0.30736664,2.1266913,8.021405
54353597,마케팅,-0.18109246,0.56515336,-0.16178393,6.767464,7.696904
54309632,마케팅,0.13241704,0.18043815,0.2886422,8.546853,10.7323065
54353111,마케팅,0.34249493,-0.043065272,0.26519293,8.559312,10.622195
54143344,마케팅,-0.47710672,-0.41805473,0.2205052,9.996099,8.651209
54460564,마케팅,-0.0777413,0.96538824,-0.32995224,6.2653904,11.4720745
54440984,마케팅,-0.71124655,0.05438497,0.07130232,8.953277,8.104619
54420771,마케팅,-0.89397615,-0.29164383,-0.7597326,11.034671,5.8678
54404640,마케팅,-0.24953435,-0.24689779,0.19682652,9.425363,9.026478
54379562,마케팅,-0.4985815,0.15644597,0.22321059,9.168917,8.746359
54349070,마케팅,-0.708636,0.07577819,0.10122532,9.099979,8.759385
54277702,마케팅,-0.7078563,-0.1489693,0.28325862,10.624279,8.297865
54194100,마케팅,-0.053597484,0.07248908,0.4467509,8.665335,10.201559
54215421,마케팅,-0.36477518,-0.030012706,-0.44067496,10.925915,8.734759
54464646,마케팅,-0.47758147,0.11761452,0.066257745,10.951812,9.326302
54321036,마케팅,-0.7162148,0.09448975,0.2452607,10.211955,8.791046
54453195,마케팅,-0.4616154,0.029654646,-0.20683745,10.554328,8.819288
54461813,마케팅,-0.42114604,-0.06559048,-0.028642394,10.466136,8.874662
54460614,마케팅,-0.60419303,0.8400082,0.039123278,6.4920144,11.936652
54373235,마케팅,-0.4904795,-0.38025773,0.19667798,10.527004,8.374523
54322721,마케팅,-0.3009677,0.41281053,-0.19608949,10.477544,9.225738
54450731,마케팅,-0.16883305,-0.14160512,-0.39145645,8.001705,8.284205
54446180,마케팅,-0.4257114,0.045368757,-0.25080532,7.599211,8.406384
54074590,마케팅,0.99807614,-1.4018224,-0.8979443,5.946786,5.416105
54443910,마케팅,-0.5450579,-0.02916552,0.26989505,9.063889,8.535134
54438768,마케팅,-0.14128388,0.55299664,0.24290611,7.373741,10.792879
54437860,마케팅,0.11451087,0.43680978,0.14038664,7.992977,10.856292
54291227,마케팅,-0.7189809,0.6709221,-0.041347757,6.5764384,10.970642
54421037,마케팅,-0.89186466,-0.92856884,0.30863512,8.794154,5.301777
54247391,마케팅,1.7052357,-0.7046188,0.554178,5.4889092,5.453611
54191282,마케팅,-0.38931355,0.22988714,0.12879772,8.008532,9.589212
54393056,마케팅,-0.8228397,-0.34914622,-1.2352314,11.179361,5.865972
54389861,마케팅,-0.62404156,0.113296606,0.26970142,9.030987,8.432181
54389081,마케팅,-0.7472588,-1.0463902,-0.59821343,10.372092,5.076761
54384827,마케팅,-0.4199834,-1.0866963,0.6345892,8.423111,4.9415064
54349349,마케팅,-0.4352513,0.07698681,-0.368066,8.075085,9.111608
54375170,마케팅,-0.320009,0.104063116,0.5311691,9.284598,11.805479
54363438,마케팅,-0.49126062,-0.31602195,-0.4236545,7.473905,4.4803443
54362350,마케팅,-0.5603365,0.8335714,0.01863784,6.32104,11.510245
54359674,마케팅,-0.54278755,0.2683317,-0.4965257,7.6046453,8.387802
54322205,마케팅,-0.41480145,0.091033846,0.8232038,9.078083,11.08806
54351523,마케팅,0.016287979,0.73996484,0.1767244,8.462451,11.725027
54208827,마케팅,1.825678,0.20351802,0.31895128,3.7580488,8.713462
54322485,마케팅,-0.6741563,-0.3335977,0.36890653,9.234686,8.521089
54346391,마케팅,-0.44608974,-0.29126716,0.58635044,7.963545,4.1718855
54080498,마케팅,0.30243495,-0.38293275,0.52071255,5.299427,8.619229
54336711,마케팅,-0.9849044,-0.32472664,-0.8188654,11.135729,5.873877
54335318,마케팅,-0.43897495,-0.73122585,0.3598761,7.8060064,6.0376363
54331625,마케팅,-0.43564862,0.4132909,0.11514886,7.757821,9.878207
54324745,마케팅,-0.46302912,0.34422135,0.17266953,7.6256,10.064691
54312159,마케팅,-0.44165954,0.2963103,0.44014838,9.481198,10.8202
54310661,마케팅,-0.52702284,-0.11723994,-0.117409244,10.739881,8.514209
54302111,마케팅,-0.6020416,-0.5222463,0.3297894,8.394896,4.752019
54290880,마케팅,-0.60148597,-0.10789908,-0.95850796,10.691876,5.407382
54289041,마케팅,-0.34332073,-0.051803663,-0.25688535,6.964232,7.3630753
54289034,마케팅,-0.20008397,5.839712e-06,-0.122683056,6.8183017,7.510856
54287790,마케팅,0.586896,0.15341756,-0.06496965,5.1152368,8.977432
54261411,마케팅,-0.65633315,0.24800685,0.14114107,7.5293736,8.957917
54284370,마케팅,2.0207748,-0.08189704,-0.069297425,2.994153,8.275279
54279864,마케팅,-0.6021794,-0.14563097,0.5746368,10.553246,8.169521
54244608,마케팅,0.61691666,0.39270782,-0.4240113,6.0219665,9.94669
54272575,마케팅,-0.117883064,1.1574198,-0.4808383,5.7417526,11.188446
54268077,마케팅,0.23467152,0.6377994,-0.9612211,6.437246,8.140439
54268072,마케팅,-0.52874,0.0029819398,-0.12329499,7.113206,8.088087
54268063,마케팅,0.09197373,0.43936315,-0.85415924,6.51581,7.9836235
54260082,마케팅,-0.5287752,-0.4471079,0.11761322,9.856163,8.189979
54202766,마케팅,-0.38121897,0.7750361,0.038187627,6.6679497,11.341078
54200727,마케팅,-0.55669236,-0.35293722,-0.64657426,10.483614,5.038238
54199044,마케팅,-0.82089067,-0.4853285,-0.71882945,10.6379175,4.8690696
54190657,마케팅,1.8181646,-0.063101135,-0.6729609,3.274344,8.644597
54176408,마케팅,1.6115541,0.21911521,-0.7046869,3.3058703,8.818332
54012985,마케팅,0.51243836,-0.154168,0.021163266,5.405734,8.449024
54092751,마케팅,-0.72766817,-0.70220876,-0.028280007,10.140484,5.313436
54061539,마케팅,-0.5629246,0.20029262,0.9451797,9.373263,10.974667
54058118,마케팅,-0.023971405,1.0012974,-0.21143427,5.8291955,11.1137905
53985838,마케팅,-0.38182417,1.0246336,0.02730885,7.127538,11.943351
54017360,마케팅,-0.55641127,0.45614603,-0.17665166,7.803096,9.918311
53991668,마케팅,-0.9002955,-1.3039261,-1.3504053,10.966066,4.968506
53929382,마케팅,0.09644111,-0.120207004,-0.3367574,7.030734,4.882799
54450536,마케팅,1.7399299,-0.21504831,-0.13773271,3.6275055,8.628352
54402546,마케팅,3.3008165,-0.16572337,0.27388614,1.9096632,7.9482737
54363082,마케팅,-0.6571188,-0.0046031494,-0.16601858,10.198537,8.876565
54295742,마케팅,-0.38870692,-0.2776584,-0.3987843,10.349039,8.317986
54366693,마케팅,0.00660226,-0.47560886,-0.17105494,7.0432014,7.201617
54456699,마케팅,-0.5464449,-0.31165093,-0.6222203,7.025742,7.316225
54455325,마케팅,0.02040395,-0.66354465,-0.10284401,7.2142496,5.080744
54452361,마케팅,-0.12266967,-0.38182598,-0.12643018,7.11089,7.2662864
54431353,마케팅,-0.045645807,-0.31076202,0.35193357,10.583529,9.529113
54428776,마케팅,-0.7085369,-0.20414165,-0.5224106,10.988726,6.027486
54015917,마케팅,-0.32010937,0.27962714,0.08773869,7.9996567,10.195621
54307028,기획/전략,-0.8734971,0.49316534,-0.30097273,10.55478,9.578726
54348586,기획/전략,-0.8193948,1.0672421,-0.9258849,9.740452,9.323928
54176590,기획/전략,-0.35099342,-0.5026981,0.040662635,8.71882,13.409934
54419133,기획/전략,1.262645,0.42726249,0.4185648,5.7509017,13.400578
54395987,기획/전략,-0.45158482,-0.5139089,-0.092754155,9.065464,12.697361
54409040,기획/전략,-0.38807377,-0.29288003,-0.56108093,9.560726,12.511142
54391431,기획/전략,-0.8600548,0.3449056,0.06952285,11.180338,8.990537
54270877,기획/전략,-1.050628,1.1772687,-0.061909005,11.986204,8.201995
54279796,기획/전략,-0.0026995991,-0.3104358,-0.21931505,8.450485,12.388676
54452052,기획/전략,3.2241094,0.09156439,-0.07978747,2.8482518,12.089638
54397300,기획/전략,-0.35944846,1.6186408,0.02510477,9.4492035,8.457684
54258458,기획/전략,0.48515216,0.53609806,0.4829211,5.9780197,13.6109705
54257867,기획/전략,1.2965053,0.5319121,0.4740298,5.81623,13.512384
54429636,기획/전략,2.9845788,0.11559703,-0.005222613,2.9465477,12.240266
54448179,기획/전략,0.3362361,-0.35728616,0.0865666,7.4337244,13.06702
54383859,기획/전략,0.306705,-0.24137904,0.050509166,8.006199,12.832016
54192402,기획/전략,-0.35469195,-0.37655407,-0.010475079,8.596427,12.531156
54407641,기획/전략,-0.30599883,0.03361725,-0.4332259,9.279825,13.03667
54365467,기획/전략,-0.41830048,-0.09456671,-0.50236976,9.368156,13.081706
54246202,기획/전략,3.855448,0.4556918,0.04773401,2.5026891,12.028572
54324170,기획/전략,1.1461104,0.56921035,0.6939082,5.8464937,13.534537
54314613,기획/전략,-0.97486264,0.5870717,-0.587413,9.985175,9.10262
54295033,기획/전략,-0.7885683,-0.092601724,-0.20401818,10.518323,11.566839
54259462,기획/전략,-0.16510934,0.043721054,-0.42664665,9.791364,11.723943
54206683,기획/전략,-0.8801573,0.15925844,-0.12621516,11.564069,12.5465
54431731,기획/전략,-0.42273602,-0.9368173,0.4523751,9.257836,14.742918
54259403,기획/전략,-0.50637066,0.38605648,-0.6589239,10.930962,10.42913
54448881,기획/전략,-0.6947306,-0.2136366,-0.4973146,10.006841,12.614147
54446122,기획/전략,-0.4047286,-0.026002862,-0.6228027,9.635981,11.859167
54409158,기획/전략,0.5757805,0.46719044,-0.39352217,6.418644,12.031938
54410482,기획/전략,-0.98553145,0.50501525,-0.37490875,9.887528,8.617018
54360501,기획/전략,-0.8321597,-0.41709659,0.17744449,9.897476,13.6572075
54147079,기획/전략,-0.91969687,0.09386152,1.7458841,13.255831,7.476054
54448532,기획/전략,0.74403137,-0.33149242,0.08112907,6.9329634,12.819022
54371107,기획/전략,-0.6591261,-0.018459145,-0.3216031,10.108555,12.18541
54371118,기획/전략,-0.48051405,-0.16244307,-0.031526756,9.738223,12.630898
54428774,기획/전략,-0.89347917,0.79862803,-0.33497736,9.964628,9.257043
54428810,기획/전략,-0.07370825,-0.28078994,0.025005313,8.192783,13.053964
54321332,기획/전략,-0.5120968,0.6202432,-0.5750832,10.187613,9.855854
54444399,기획/전략,0.3873069,-0.01741359,-0.10223561,8.119533,11.047048
54421345,기획/전략,0.21747978,-0.14822158,-0.38473472,8.138628,11.6657095
54441288,기획/전략,-0.4054057,-0.75889885,-0.20334598,9.220214,11.663628
54441180,기획/전략,0.34546447,-0.18247987,-0.17189738,7.4970155,12.676148
54427502,기획/전략,-0.796608,0.6009101,-0.45860583,9.473941,9.476936
54432869,기획/전략,0.6215224,0.64386415,-0.6142842,6.5917025,11.983716
54312829,기획/전략,-0.4682083,-0.5676502,-0.14018038,9.233777,11.555502
54353877,기획/전략,1.3803172,-0.07080929,0.16811942,5.523339,12.817255
54434671,기획/전략,-1.1797835,0.5334078,1.0593952,13.253397,7.472838
54432982,기획/전략,0.0848995,-0.77311486,0.37476182,8.073056,13.822576
54432258,기획/전략,-0.7595486,-0.44155115,-0.07242977,10.571486,11.9957905
54430905,기획/전략,-0.74552476,-0.8799801,0.24166505,9.510179,14.368035
54430760,기획/전략,-0.788508,0.49966058,-0.5802945,10.002942,9.5618725
54429520,기획/전략,1.1807592,-0.21550722,-0.02026068,5.967822,12.676249
53890639,기획/전략,1.3199157,1.0666211,-0.1576555,5.254153,12.342864
54340882,기획/전략,-0.26074454,-0.7657511,0.35952204,8.868207,14.243073
54418997,기획/전략,2.4510727,0.013954346,-0.067157,3.841512,12.793133
54415738,기획/전략,-0.7326017,-0.35572883,0.23304418,8.584215,11.66401
53945728,기획/전략,0.73654443,-0.4453584,0.20272844,7.0607867,12.692362
54337518,기획/전략,2.0390737,0.35579455,0.3233604,4.4103303,12.531417
54414501,기획/전략,0.34004736,-0.0059751314,-0.5069073,7.664138,12.287614
54395234,기획/전략,3.2368152,0.4009896,-0.36283034,2.6352797,12.047637
54307530,기획/전략,-0.30754298,-0.21265927,-0.48017302,9.681757,11.37745
54230216,기획/전략,2.6420567,0.18082331,-0.3027319,3.0502303,12.297142
54407477,기획/전략,2.2533066,0.056038067,0.07962502,4.1035542,12.564185
54406757,기획/전략,-0.7738543,0.45661852,-0.4836726,9.934181,9.950426
54406662,기획/전략,-0.6747558,-0.535602,-0.21384577,9.759842,13.396315
54086060,기획/전략,-0.067323014,-0.5286798,-0.17603968,9.196014,11.558944
54405889,기획/전략,-0.64626247,-0.08964646,0.09258984,9.296968,12.750913
54405838,기획/전략,-0.5393446,-0.05734559,-0.2873413,9.3106785,12.448894
54377384,기획/전략,-0.82697076,-0.38911945,-0.27134666,9.622268,12.809481
54377398,기획/전략,-0.22624977,-0.22752902,-0.15974532,9.104202,12.643798
53516591,기획/전략,2.447482,0.23956758,0.05495677,3.7694106,12.518928
54391128,기획/전략,1.1175396,-0.02021211,0.039109174,5.8750143,12.214164
53843244,기획/전략,-0.2649446,0.1898326,-0.04725458,8.529032,10.652486
54382522,기획/전략,-0.2912002,0.5823259,-0.5020586,9.520079,8.803955
54382094,기획/전략,-0.36442596,0.21621278,-0.1333178,9.218711,12.152893
54378390,기획/전략,0.93125695,-0.25901017,-0.009580586,6.4806147,12.511696
54378379,기획/전략,0.23005977,-0.35809523,-0.15892552,8.046628,12.252821
54338465,기획/전략,-0.24843188,-0.66624707,0.016269555,8.875123,13.882251
54365005,기획/전략,1.6005269,-0.100493155,-0.059794046,5.1115913,12.643073
54362147,기획/전략,0.55156463,-0.27262673,0.24946143,7.383857,12.619992
54360872,기획/전략,-0.9523563,0.22684191,-0.61519843,9.93838,10.079214
54360846,기획/전략,0.5231091,-0.4795756,0.09492678,7.3450384,12.651234
54337237,기획/전략,2.9501295,0.3685513,-0.121710755,2.9730392,12.250332
54313813,기획/전략,-0.78739965,-0.1322809,-0.6908713,9.955657,10.524263
54322190,기획/전략,-0.7503268,0.34668735,-0.14335513,10.918952,9.382967
54322184,기획/전략,-0.5914429,0.5002985,-0.82568204,10.633699,9.691096
54322091,기획/전략,-0.5506202,-0.40402725,-0.14947678,9.312094,12.820144
54463785,기획/전략,2.0967834,0.06335183,0.026294494,4.267406,13.01488
54444387,기획/전략,-0.03440645,-0.21813706,-0.17356083,8.521335,12.718833
54420501,기획/전략,0.18048124,0.07574607,-0.12327839,8.121119,12.598716
54351693,기획/전략,3.2282343,0.61262256,0.2024121,2.9154239,12.123235
54461400,기획/전략,1.636554,0.078435995,-0.27309692,4.9322224,12.523839
54449684,기획/전략,1.9587598,0.33425385,-0.03791228,4.477051,12.557465
54450627,기획/전략,1.9826933,0.28735,0.029341295,4.5237937,12.535999
54458214,기획/전략,-0.08925279,0.13345753,0.076619476,8.786392,14.330012
54460295,기획/전략,-0.87575424,0.0020513048,-0.16446204,10.245297,11.639013
54449083,기획/전략,-0.52439743,-0.032012697,-0.5195228,10.243563,12.553983
54445723,기획/전략,-0.68399787,-0.13994655,-0.3188354,10.428006,11.596256
54456479,기획/전략,-0.8471057,-0.13280158,-0.18362069,10.607074,12.011139
54456474,기획/전략,-0.8750036,-0.06696665,-0.29621348,10.762509,11.689499
54447297,기획/전략,-0.8401118,0.5114052,-0.50343955,9.195346,10.192544
54092122,기획/전략,-0.3943355,0.16518892,-0.43452612,8.911167,10.353441
54446290,기획/전략,-0.08487378,-0.6215987,0.14255977,8.647095,13.803015
53172072,기획/전략,0.36804485,0.60134447,-0.0036125514,9.150696,8.60117
54441524,기획/전략,-0.87289065,-1.0085794,0.2878868,9.429946,14.542981
54441495,기획/전략,-0.795453,0.32841036,-0.30827758,10.041996,9.094957
54441231,기획/전략,-1.0161909,0.33204433,-0.3867207,9.667127,9.392878
54440769,기획/전략,-1.0710318,0.46832538,0.3904441,12.609742,8.039621
54284261,기획/전략,-0.7988585,-0.09478724,-0.5947311,10.0093775,10.933779
54426033,기획/전략,-0.55918914,-0.49719462,0.06008048,10.191029,13.838213
54415632,기획/전략,-1.0027212,0.5773363,0.079350024,12.510291,8.1407995
54435547,기획/전략,-0.14972854,-0.19908422,0.0048561394,11.081848,14.7614355
54433995,기획/전략,-0.7318245,0.5097473,0.36428925,11.180334,10.341381
54366614,기획/전략,-0.49152073,-0.62480825,0.12703855,9.4057455,13.770141
54432154,기획/전략,-0.7623996,0.23192948,-0.18585987,11.166599,11.708202
54431247,기획/전략,1.0316404,-0.052303314,0.5056308,6.385272,12.969834
54429043,기획/전략,1.3260889,-0.25271693,0.16628848,5.948256,12.761247
54428429,기획/전략,-0.096272744,-0.3985502,-0.35417575,9.106644,11.661025
54426897,기획/전략,-0.9009969,-0.10992703,0.18458433,10.296665,13.442128
54108161,기획/전략,-0.9163129,-0.13176037,-0.3747845,10.771121,11.447517
54414519,기획/전략,-0.5468107,-0.16793266,-0.3650359,11.159565,14.830804
54393622,기획/전략,-0.7624798,0.15667011,0.2056543,11.284826,9.020438
54407722,기획/전략,1.7111537,-0.044151966,-0.010282212,5.130911,12.948809
54405570,기획/전략,0.27815375,-0.69632137,0.23702443,7.8743067,13.697564
54359716,기획/전략,-0.7812042,-0.48791626,0.26592585,10.237064,13.558771
54391975,기획/전략,-0.61712515,-0.5951662,0.25550407,9.379625,14.05512
54383326,기획/전략,0.60841304,-0.37576503,0.17322104,7.0497637,13.138792
54382226,기획/전략,2.32417,-0.17890276,0.16996604,4.1490364,12.827392
54376262,기획/전략,0.91049707,-0.1872729,-0.21785195,5.9346247,12.045324
54362051,기획/전략,-0.83125424,0.6831911,-0.5248712,9.677409,8.620121
54319929,기획/전략,-0.29795372,-0.78761584,0.52200836,9.0311165,14.309209
54371534,기획/전략,-0.6639677,-0.17688598,0.19480571,10.220144,13.445417
54366252,기획/전략,-0.51784,-0.12284792,-0.3236878,11.142342,14.813335
54364754,기획/전략,-0.64102334,-0.26340002,-0.27046025,11.099333,14.767172
54362842,기획/전략,-1.1059046,0.69329184,0.32577372,12.087898,8.359383
54362059,기획/전략,-0.8142798,0.4738924,-0.10973745,9.937464,8.612966
54361304,기획/전략,-0.6942247,-0.49887154,0.084623635,9.966166,13.582032
54357812,기획/전략,-1.1760064,0.9210929,0.8200735,12.539606,7.799359
54324427,기획/전략,2.4124,0.26883006,-0.04634357,4.181995,12.420773
54309231,기획/전략,-0.54446447,-0.6059376,0.17165875,9.728626,13.947833
54338187,기획/전략,1.9928408,0.015229863,0.032528266,4.6490135,12.7030325
54334819,기획/전략,-1.0045968,0.7542682,0.45087078,12.391671,7.9614215
54333688,기획/전략,2.9265084,-0.032237895,0.014244053,3.1696508,12.127062
54054852,기획/전략,-0.40751714,0.9837571,-0.3151806,9.474596,8.687211
54332081,기획/전략,-0.7835468,0.11489707,-0.3104636,9.965067,9.201932
54332067,기획/전략,-0.91495687,0.24969092,-0.47896278,10.030105,9.039041
54313297,기획/전략,-0.6126014,0.20260717,-0.072519876,11.717489,12.922158
53998688,기획/전략,-0.5050995,0.1171621,0.103323944,9.371756,12.069824
54319026,기획/전략,2.1101575,-0.13979946,0.13316832,4.231072,12.977862
54314351,기획/전략,-0.70895195,-0.079736985,-0.30608472,10.720006,12.040488
54313000,기획/전략,-0.60513324,-0.09154028,-0.30111793,9.570379,12.243397
54312691,기획/전략,1.5254966,-0.2095473,0.1778613,5.371171,12.85584
54308257,기획/전략,-0.7863681,-0.4150269,0.019458061,10.210732,13.183867
54011699,기획/전략,-0.82172704,0.21162608,1.7488277,13.334916,7.403145
54305402,기획/전략,-0.7255981,0.46812,-0.20187388,9.9034395,8.75439
54305086,기획/전략,-1.0524381,0.47627288,-0.30057663,10.155082,8.963512
54303784,기획/전략,-0.74106926,-0.0032265035,0.115697704,10.93211,11.660453
54288931,기획/전략,-1.0985955,0.88749313,-0.015671272,11.984792,8.256553
54292285,기획/전략,1.4641349,-0.13887514,0.049925253,5.424358,12.547918
54283212,기획/전략,0.6033014,-0.94426244,0.512273,7.5663443,13.676963
54277285,기획/전략,-0.7141231,-0.24186051,-0.25167695,10.395558,11.540513
54271434,기획/전략,0.26410407,-0.44636926,0.17926589,7.3797636,12.881086
54267886,기획/전략,-0.94923717,0.6597501,0.20301422,11.83744,8.090922
54259543,기획/전략,2.2778206,-0.07181037,-0.08352013,3.9543638,12.634352
54244827,기획/전략,1.0282277,-0.3081643,0.099958465,6.124044,12.965432
54244561,기획/전략,-0.5812399,0.70495975,-0.23259236,9.594104,8.514485
54248701,기획/전략,-0.61180985,-0.09180678,-0.47320905,8.713012,10.4836855
54245423,기획/전략,-0.9903276,0.4032469,0.11629674,11.184775,10.594939
54191987,기획/전략,1.9020879,-0.005523805,-0.08125488,4.7414393,12.56178
54185521,기획/전략,2.0629141,0.11724883,-0.15454184,4.5348496,12.562594
54190720,기획/전략,-0.35212994,-0.31573656,-0.038377225,9.545309,13.03634
54154388,기획/전략,-0.76608276,0.28206098,-0.106218636,10.412124,11.813613
54106795,기획/전략,1.6553485,-0.205774,0.09957188,5.1248403,12.769455
54123429,기획/전략,-0.84383047,0.42032313,-0.34090856,9.524993,10.3984165
53990767,기획/전략,0.42831892,-0.25186086,0.21977347,7.2023306,13.436491
54464972,기획/전략,-0.3015284,-0.1786413,-0.22565024,8.881627,12.811242
54464846,기획/전략,-0.84889436,0.42256904,0.4660114,11.140073,8.190548
54174575,기획/전략,0.78492564,-0.33568388,0.29625562,6.605794,13.010041
54464174,기획/전략,-0.38005343,0.47665095,-0.25162613,9.613624,8.827739
54340826,기획/전략,-1.0483253,0.72382075,-0.2913757,10.338273,8.760718
54363336,기획/전략,1.2687622,-0.30681622,0.09435037,5.815265,12.837186
54371853,기획/전략,-0.91479236,0.24982928,-0.25771028,10.741007,10.987458
54463714,기획/전략,2.928696,0.08822206,0.12097607,2.8895257,12.13309
54321012,기획/전략,-1.0560709,0.44819504,1.4402977,13.208492,7.546201
54381174,기획/전략,-1.0380664,0.04103576,0.0637081,9.895826,8.902997
54463204,기획/전략,-0.6685982,-0.505216,0.18818592,8.847175,13.954453
54462908,기획/전략,-0.36723796,-0.40256715,0.20446691,8.765899,13.551184
54462762,기획/전략,-0.58235544,-0.1630892,0.13823569,8.973599,12.463042
54462757,기획/전략,0.62012714,-0.44416082,0.057412185,7.1142735,12.719055
54462316,기획/전략,-1.2115893,0.53962094,1.1467826,13.0962715,7.5737457
54462244,기획/전략,-0.384546,-0.08189172,0.53497195,11.857619,12.934381
54462044,기획/전략,-0.9043322,0.13000417,1.5361139,13.333452,7.4250407
54389873,기획/전략,-0.6078119,-0.66238856,0.16780291,9.622363,13.9137335
54080334,기획/전략,-0.51813495,0.60646164,-0.41720244,9.097996,9.817632
54460575,기획/전략,-0.50244755,-0.74093986,0.60315996,9.321529,14.32718
54460551,기획/전략,-0.7922213,-0.85021085,-0.135162,9.6502,14.224128
54384961,기획/전략,3.59245,0.18351938,-0.2805792,2.6986024,12.259138
54460161,기획/전략,1.5101433,-0.015106573,-0.11879641,5.3121824,12.79886
54460024,기획/전략,0.9668731,-0.0048054513,-0.15437983,6.066015,12.512953
54459467,기획/전략,2.7841523,0.15514693,0.2578177,3.3058515,12.322819
54443976,기획/전략,-0.79213285,-0.27156126,-0.2833526,10.520592,13.145587
54357846,기획/전략,-0.59941524,0.21610421,-0.6877485,9.777682,11.008231
54457339,기획/전략,-1.1382186,0.72364855,0.08962309,12.201571,8.20567
54453505,기획/전략,-0.8493312,0.7168598,-0.27512208,10.218501,8.764459
54456372,기획/전략,0.23274575,-0.023818515,0.3227206,7.4864264,13.114354
54455099,기획/전략,-0.897833,-0.67200375,-0.08533626,9.600409,14.137299
54434257,기획/전략,-0.66249746,-0.6097505,0.20117779,9.823104,13.750643
54385741,기획/전략,-0.73422265,-0.16667682,-0.27809823,8.849808,10.454691
54453065,기획/전략,-0.6340842,-0.4942791,-0.17283313,9.677737,13.256152
54395916,기획/전략,-0.8485447,-0.32532445,-0.17329179,10.464666,11.598829
54452810,기획/전략,-0.77931875,-0.013473903,-0.54728395,9.868117,12.240655
54365379,기획/전략,0.3299013,0.37005863,-0.35711977,7.4726343,12.1350975
54449146,기획/전략,0.37161297,-0.4524922,-0.12577425,7.4021864,12.649508
54448304,기획/전략,-0.99967337,0.26163712,-0.2056465,10.377689,8.845434
54323229,기획/전략,0.13734731,-0.039441247,0.6264421,7.650743,13.409718
54402409,기획/전략,-0.98401356,0.7953284,-0.5895903,9.417492,9.483985
54446913,기획/전략,-1.0356855,-0.16001375,-0.29869717,10.737616,11.186907
54446173,기획/전략,-0.85114574,0.57524014,1.2601646,13.158768,7.416389
54445577,기획/전략,-0.30980945,-0.2353913,-0.37938938,9.841988,11.796058
54442018,기획/전략,-0.9894798,0.86474085,0.107210465,12.071643,8.008792
54441914,기획/전략,-0.47735196,-0.8624729,0.2570565,9.1948185,14.286527
54441608,기획/전략,3.2606466,0.03758375,-0.12097348,2.7617412,12.091339
54136879,기획/전략,-1.0913706,0.53119445,0.29441795,12.624621,7.7971826
54429002,기획/전략,0.67603755,0.3100247,-0.51142865,6.7817516,12.075904
54441444,기획/전략,0.13183774,-0.45642924,0.31089747,7.976685,13.430962
54441343,기획/전략,0.20386334,-0.15057905,-0.062381547,7.8495116,12.747808
54440983,기획/전략,1.645301,0.009952001,-0.1896417,5.031128,12.871348
54396667,기획/전략,-0.3044621,-0.4757682,-0.5943135,9.4136305,12.989206
54440790,기획/전략,-0.9332649,-0.43186492,0.018158395,10.539571,12.588143
54440685,기획/전략,-0.824343,0.52929854,0.3013009,10.611404,8.943798
54440610,기획/전략,-0.6098284,0.108732015,-0.10713316,9.609432,10.731068
54434072,기획/전략,-1.064362,0.589005,1.634565,13.20233,7.3117867
54428778,기획/전략,-0.8504595,0.3257238,-0.38209906,10.368869,9.038534
54430459,기획/전략,0.4307348,0.017306242,0.0513845,7.2577806,13.048676
54340573,기획/전략,-0.35506764,-0.31783044,0.008530355,9.151626,13.188782
54439597,기획/전략,-0.8914359,0.23813187,-0.45877004,10.211255,9.442937
54438488,기획/전략,-1.0383332,0.82283324,0.7095625,12.415651,7.8110723
54438186,기획/전략,-0.035257798,-0.1645341,0.34215724,8.172487,13.107619
54438059,기획/전략,-0.0006649005,0.021947421,-0.21491797,8.513404,10.631756
54437765,기획/전략,-0.9184688,0.08818289,0.04071635,9.964178,8.591025
54415765,기획/전략,-0.9107776,0.466145,-0.71061164,10.108184,9.627628
54419909,기획/전략,0.72725505,-0.3423254,-0.1509194,7.2714176,12.236336
54435022,기획/전략,-1.358766,1.0450317,0.73052186,11.909422,8.224777
54389789,기획/전략,0.3565746,-0.6158754,0.35995972,7.5479174,13.631178
54433454,기획/전략,0.5839386,0.18524964,-0.18206261,8.133424,11.004652
54433067,기획/전략,-0.03095665,-0.26686487,0.09915358,8.606956,12.878772
54349949,기획/전략,-0.18193212,-0.49263826,-0.040599942,8.920966,13.0816345
54432914,기획/전략,-0.7907158,-0.014938182,0.19869414,11.777672,12.821399
54354181,기획/전략,-0.89402974,0.62139475,-0.83738285,9.265283,10.116428
54432752,기획/전략,-0.51940995,-0.10739748,-0.3795906,8.50259,11.505205
54390237,기획/전략,2.9839952,0.12070107,-0.10667528,2.8724642,12.369548
54432585,기획/전략,0.9312951,-0.19129318,0.3293657,6.3485417,12.929305
54432122,기획/전략,3.103835,-0.012625513,-0.17884225,2.8979723,12.333998
54431184,기획/전략,-0.19710456,-0.5983687,0.020422883,8.464508,13.537709
54430212,기획/전략,-0.5861016,-0.2606583,-0.23518138,10.38965,11.966909
54430205,기획/전략,0.3299001,-0.2927553,0.08849975,7.6449003,12.743743
54429925,기획/전략,-1.2013721,1.0113943,0.59706014,12.290503,7.767067
54057365,기획/전략,-0.7235205,-0.106611565,0.16463862,11.809634,12.861978
54429496,기획/전략,-0.698985,-0.37329015,-0.11670951,8.886608,12.374512
54429375,기획/전략,-0.8928905,1.0196924,0.83579475,12.317353,7.7067223
54429135,기획/전략,-0.09581686,0.36224058,-0.16261984,9.262283,8.677913
54429128,기획/전략,-0.6075174,-0.1383463,-0.51077634,9.837784,11.484755
54429126,기획/전략,-0.66095984,-0.9524815,0.3945003,9.445483,14.703947
54395066,기획/전략,-1.049467,0.58947957,0.98793215,13.091634,7.574096
54428913,기획/전략,2.5243645,-0.12340371,0.045258567,3.5714478,12.552351
54428248,기획/전략,-0.52195555,0.6040467,1.3757491,13.243989,7.462723
54422215,기획/전략,2.3620508,0.029438166,-0.023283675,4.017669,12.723428
54228901,기획/전략,-0.6532991,0.120154426,-0.44876873,10.867304,11.271678
54426308,기획/전략,-1.0093858,-0.110881776,0.10686198,10.457653,13.618153
54373418,기획/전략,-0.75435054,-0.14530432,0.058408923,10.364268,13.514728
54426202,기획/전략,0.48513052,-0.24678515,-0.00070619804,7.2332563,12.700425
54426183,기획/전략,-0.526949,-0.23426183,-0.13135922,8.795498,12.266378
54422515,기획/전략,0.9114865,0.7258655,-0.53376764,6.953647,12.409801
54422275,기획/전략,-0.71698344,-0.87346274,0.28773722,9.488516,14.306283
54421258,기획/전략,-0.68820083,-0.9979415,0.33479887,9.315563,14.430702
54420613,기획/전략,0.072682664,-0.69335926,0.22151552,8.01474,13.642525
54420022,기획/전략,-0.88836896,0.6568462,-0.35176563,10.832067,9.188453
54203692,기획/전략,-1.0869792,0.6225225,0.056727827,12.172956,8.538285
54418839,기획/전략,-0.9164345,-0.40925547,0.28988037,9.630174,14.660165
54417713,기획/전략,2.3433502,-0.006346309,-0.05457598,3.998222,12.841682
54417280,기획/전략,-0.5350219,0.25239718,0.112203576,11.787894,12.794949
54414631,기획/전략,-0.043069348,0.21370378,0.11925108,9.291376,8.715936
54224435,기획/전략,-0.6951419,0.57384413,-0.26736143,9.730255,8.615014
54414520,기획/전략,-0.73475534,-0.48959246,-0.2695973,10.124106,14.372092
54385138,기획/전략,1.4114872,1.2524643,-0.09576982,5.273632,12.302526
54409931,기획/전략,-0.04154208,-0.3140139,-0.034210704,8.61698,12.902775
54409724,기획/전략,-0.9114444,0.0956463,-0.15664706,10.09092,8.733425
54409627,기획/전략,0.26368818,0.05770028,-0.06884089,7.113042,13.327371
54407568,기획/전략,-0.7671121,-0.6518521,0.19277881,10.198664,10.55031
54407293,기획/전략,1.1642057,-0.3465427,0.06669371,6.118156,12.533554
54406427,기획/전략,0.35463166,0.08114903,0.7378953,6.011493,13.603847
54406036,기획/전략,-0.70402104,-0.26812005,-0.17405614,10.324212,12.140987
54406026,기획/전략,-1.0212023,0.062027756,-0.0024385436,11.124584,11.844302
54406017,기획/전략,-1.1797186,0.009401911,0.0037245783,11.0976715,11.787809
54406003,기획/전략,-1.0177212,0.088868596,-0.5633718,10.220691,10.219116
54404872,기획/전략,-0.59960204,-0.0635251,-0.2837277,10.054434,12.880808
54404069,기획/전략,-1.1169802,0.99023396,0.25804394,12.303516,8.003169
54402539,기획/전략,-0.23798124,-0.17861865,0.22702603,8.438999,13.130673
54402286,기획/전략,-0.30956313,-0.11547809,-0.34401637,8.406981,11.562307
54397879,기획/전략,-1.1973435,1.1006436,0.18815929,12.149048,7.867714
54397295,기획/전략,-0.81884897,-0.51558554,-0.082479894,10.491997,12.482029
54397076,기획/전략,-0.45915413,-0.8189648,0.3098321,9.340558,14.463082
54396381,기획/전략,-0.95561266,0.5103759,-0.46862838,10.154449,9.319284
54395484,기획/전략,-0.3492684,-0.43336377,-0.0558237,10.209842,12.324454
54393292,기획/전략,3.6811354,0.10108289,-0.26266244,2.5779738,12.042835
54383434,기획/전략,-0.931534,-0.42026728,-0.2134399,10.517538,11.642343
52791815,기획/전략,-0.41118523,0.36833978,0.7185449,8.769626,12.244169
54389364,기획/전략,-1.0571864,0.14046939,-0.30583236,9.934449,9.251315
54353007,기획/전략,1.5130404,0.20931086,0.13138467,5.7065325,11.95639
54138849,기획/전략,-0.8167502,0.069238566,-0.53594637,10.762234,11.43558
54242592,기획/전략,-0.15040918,-0.6695575,0.29657263,8.421149,13.82471
54191051,기획/전략,0.6558527,0.54703414,0.75114,6.741283,12.464003
54382256,기획/전략,-0.10936768,1.0451019,-0.20236176,9.381146,8.409214
54381276,기획/전략,-0.6950803,-0.7490981,0.14145865,9.493163,14.665132
54349266,기획/전략,-0.49926504,-0.4800986,-0.29666248,9.640646,11.921307
54380867,기획/전략,-0.5491862,-0.37257445,-0.24109142,10.316376,11.892164
54380802,기획/전략,-0.74578017,0.4329665,-0.15826704,10.123569,8.728199
54380722,기획/전략,1.4439514,0.017894663,0.27193773,5.672476,12.94152
54380540,기획/전략,1.3216684,0.3650589,0.22820763,5.455751,12.872006
54236851,기획/전략,-0.7017666,0.2310829,-0.4093659,9.044724,10.419424
54338318,기획/전략,-0.7051973,0.5952596,1.3951216,13.180349,7.5093317
54376728,기획/전략,-0.686238,-0.33116174,-0.12293132,10.43475,12.016931
54374789,기획/전략,-1.0549246,-0.81615806,0.4116056,9.718873,13.8698435
54374516,기획/전략,-0.70511633,-0.5971649,0.27095616,9.801461,13.537976
54363709,기획/전략,-0.84332085,-0.049517028,-0.5393053,10.774252,11.226001
54363720,기획/전략,-0.8185135,0.6124643,-0.6266022,9.685727,10.051327
54373795,기획/전략,-0.91347533,0.4129909,0.40751448,12.514578,8.007638
54373566,기획/전략,-1.1366448,0.9897372,0.50422376,12.255966,7.852136
54373518,기획/전략,-0.3324234,-0.68723667,0.051320944,9.75813,13.645081
54373421,기획/전략,-0.67875665,-0.8268999,0.21643709,9.48015,14.664342
54371927,기획/전략,1.1428003,-0.43839312,0.03953101,6.3792953,12.852649
54371045,기획/전략,-0.15655631,-0.5180853,0.20804764,8.597561,13.356495
54370920,기획/전략,1.2134765,-0.20026812,-0.26521656,6.021824,12.441244
54370526,기획/전략,-0.86241007,-0.51501554,-0.43842354,10.146801,14.309364
54340023,기획/전략,-0.8442125,-0.23014158,-0.08783703,11.106834,11.7657585
54053643,기획/전략,-0.9396785,0.48713195,-0.6650702,10.064416,9.577249
54366366,기획/전략,-0.6516957,-0.3299732,-0.13473561,10.024422,14.2193775
54364998,기획/전략,2.4212453,0.17812975,-0.17636415,3.5942197,12.628942
54178734,기획/전략,-0.48912516,0.33550245,-0.64015734,10.119436,10.166719
54363177,기획/전략,-0.85753053,0.5776681,0.49955484,12.331027,8.099633
54363108,기획/전략,0.5130596,-0.26595902,-0.7622837,7.57139,12.028121
54362277,기획/전략,-0.9812245,-0.8934897,0.4456567,9.63711,14.073675
54361936,기획/전략,-0.6267494,0.022637278,0.44340172,11.810757,12.820762
54360194,기획/전략,-0.84583974,0.1813019,-0.39125267,9.025551,10.168399
54358112,기획/전략,1.6796933,0.0021129667,0.07265198,5.2362375,12.882407
54339836,기획/전략,-0.20063376,-0.05726269,-0.33983648,10.062102,11.76629
54326235,기획/전략,-0.71903247,-0.17238322,-0.42951214,10.043345,10.542777
54339876,기획/전략,-0.2195607,0.0041619404,-0.37793684,10.155238,11.677547
54339857,기획/전략,0.856957,0.05970386,-0.1966031,6.5509014,12.600505
54331793,기획/전략,-0.8992525,0.19371209,-0.08658145,9.13021,10.054542
54314342,기획/전략,-0.81363344,-0.24885231,0.106022134,10.965616,11.7647085
54352972,기획/전략,1.9827739,0.08854508,0.11462092,5.605684,11.98001
54352297,기획/전략,-0.7884539,-0.18312676,-0.17174898,10.656107,11.64276
54351390,기획/전략,-1.0113305,0.36175162,0.9254388,12.937108,7.6544776
54350908,기획/전략,-0.43657014,0.16748391,-0.858376,9.754269,11.298337
54350798,기획/전략,1.492996,-0.16630512,0.0589076,5.4316096,12.773729
54350232,기획/전략,0.6995082,-0.18508705,-0.15442082,5.947318,11.918677
54348305,기획/전략,-0.8730983,0.33248115,-0.30688244,10.800059,10.219501
54346418,기획/전략,2.9990807,-0.0008103658,-0.17766432,3.1571329,12.064533
54345483,기획/전략,-0.52905864,-0.23950335,-0.5440702,9.380956,11.5160055
54345380,기획/전략,-0.069620535,-0.5989024,0.27875903,8.465404,13.442013
54345370,기획/전략,-0.17189708,-0.017238375,-1.3108648,9.645864,11.119586
54345245,기획/전략,2.214871,0.3940548,-0.15496951,4.0805187,12.584014
54345246,기획/전략,-0.86678946,-0.8150698,-0.34139583,10.130178,14.447834
53215316,기획/전략,-0.8296037,0.026611188,-0.21930492,10.275649,11.132057
53576413,기획/전략,-0.8542064,-0.34488118,-0.2816496,10.309707,12.720088
54341971,기획/전략,0.7053799,-0.065288156,-0.1489599,6.9647794,12.983439
54340702,기획/전략,-0.303268,-0.12590645,-0.0990102,8.659835,12.437903
54323336,기획/전략,-1.0901632,0.27897033,-0.5569121,10.530921,10.651162
54340614,기획/전략,-0.38866994,1.1948621,0.8281603,9.569949,8.244572
54340307,기획/전략,-0.33088368,0.317061,-0.4973113,9.494532,12.019018
54340149,기획/전략,-0.85711074,-0.14174902,-0.20158228,10.340954,12.887514
54339520,기획/전략,-0.8536813,-0.5277296,0.09045539,9.745694,13.162054
54337799,기획/전략,-0.8977884,-0.077064864,-0.22355227,10.5828285,11.639143
54337324,기획/전략,-0.7462969,-0.14545125,0.2491784,10.394048,13.490064
54336257,기획/전략,-0.9172735,0.31405357,-0.35733712,10.041305,9.053542
54336198,기획/전략,-0.82292134,-0.34443673,-0.225194,10.695649,11.657737
54303471,기획/전략,2.2787867,-0.027423328,-0.008189913,4.1667237,12.9445505
54333512,기획/전략,-0.81849694,-1.0092697,0.32747272,9.409211,14.750524
54332628,기획/전략,-0.58704484,-0.88450825,0.20697883,9.265666,14.263329
54325186,기획/전략,-1.0408367,0.052065123,-0.15144461,9.442761,9.82094
54331493,기획/전략,-1.1346701,-0.5060928,0.27715272,10.311476,13.721923
54331442,기획/전략,-0.4292637,-0.24970531,-0.6773345,9.330214,11.513945
52963518,기획/전략,1.2289999,0.4612525,-0.6299254,7.3366556,12.058579
54331156,기획/전략,0.38287002,-0.44205862,0.27287862,7.449972,13.1788845
53671771,기획/전략,-1.1496142,0.43523255,-0.2612399,10.31293,9.633384
54305158,기획/전략,-0.48467764,0.008665776,-0.6818053,9.859879,11.499291
53989553,기획/전략,0.80462825,-0.18068938,0.17332666,5.859347,11.875806
54326251,기획/전략,-0.5685873,-0.085869186,0.14963917,9.392213,13.296718
54324873,기획/전략,0.2501572,0.1876528,0.1653454,7.864591,12.451714
54324692,기획/전략,-0.8626086,-0.04107182,-0.02387308,9.970942,8.595785
54323084,기획/전략,-0.7553371,0.9547314,0.67862487,11.41519,8.826851
54320295,기획/전략,1.8850304,-0.37676695,0.15580411,4.716217,12.837573
53587689,기획/전략,-0.972655,-0.031589933,-0.14435749,10.590708,11.519764
54316054,기획/전략,-1.1397479,0.21717739,-0.3546405,9.918653,9.168419
54314971,기획/전략,3.2365181,0.33812505,0.021241315,2.7063227,12.240713
54131852,기획/전략,-0.83935726,0.17345145,-0.40393582,10.1874075,11.006977
54314666,기획/전략,-0.82621926,0.15098476,-0.41636083,10.229153,10.971376
53993331,기획/전략,0.40882674,-0.493722,0.26180145,7.532365,13.2113285
54029457,기획/전략,-0.87437606,-0.14718178,-0.3860339,10.788875,11.368615
54312246,기획/전략,2.5865793,0.28847498,-0.17719504,3.3695982,12.358579
54311815,기획/전략,1.2040964,-0.6304552,0.36288252,6.1308722,12.927977
54311435,기획/전략,-0.89280784,-0.3528419,-0.21068819,10.28869,12.304218
54311293,기획/전략,0.8738731,-0.67522484,0.37147847,6.427671,13.038364
54311072,기획/전략,0.015764361,0.30734205,-0.15545967,9.090049,12.139235
54253627,기획/전략,1.8207476,-0.10858923,0.030678743,4.910447,12.842968
54308554,기획/전략,-1.0730766,0.61810416,0.12290275,12.389715,8.15515
54308308,기획/전략,3.185442,-0.09028325,-0.13516013,2.7163274,12.223233
54306817,기획/전략,-1.000377,0.32238188,-0.39941704,10.61088,9.588615
54304419,기획/전략,1.4709938,0.53540254,-0.16004132,5.058843,12.36089
54301197,기획/전략,-0.9280206,-0.23056374,-0.106696844,10.359251,13.209912
54304063,기획/전략,0.6418869,-0.13290289,-0.5051246,7.683884,11.937634
54303781,기획/전략,2.1319675,0.36795956,0.34110782,4.2947917,13.106681
54293812,기획/전략,-0.96309733,0.07521865,-0.7351899,10.049814,11.168992
54289333,기획/전략,-0.53888726,-0.17127359,0.37932944,10.274489,10.310371
54283255,기획/전략,-0.73419654,0.03452848,-0.1712705,10.453252,11.734859
54283093,기획/전략,-1.2010355,0.47023687,-0.45237032,9.709466,9.486199
54295432,기획/전략,1.2300615,0.01742712,-0.10104106,5.516484,12.756079
54290992,기획/전략,0.148476,-0.23382337,0.07942885,7.6500535,13.262545
54290525,기획/전략,-0.21943325,-0.2587885,0.12079254,8.469626,10.841033
54257500,기획/전략,-1.0434194,0.6068788,-0.24761699,12.090305,8.442702
54283678,기획/전략,-1.171999,0.86071956,0.25163057,12.149243,7.8176007
54282165,기획/전략,-0.85106635,-0.50819105,-0.078029834,10.561019,12.530762
54279820,기획/전략,1.0180358,-0.24415365,0.16840047,6.2138753,13.008381
54272850,기획/전략,-0.96803224,-0.14689614,-0.35941124,10.610078,11.217024
54268101,기획/전략,-0.49585584,-0.5643955,0.15392612,8.732888,13.98451
54266596,기획/전략,2.4308238,0.76866305,0.7254653,4.1129045,12.558261
54226633,기획/전략,-1.0319777,-0.080997914,-0.1919712,10.811647,11.674765
53923373,기획/전략,0.07847146,-0.2509958,0.026324047,8.030371,13.077528
53904155,기획/전략,1.8450234,-0.04282727,0.022202782,4.8752995,12.761775
54257169,기획/전략,-1.163069,0.16069323,0.5824787,13.057042,7.7176538
54012438,기획/전략,-0.86873806,-0.41233292,0.21909057,10.088785,13.749049
54130653,기획/전략,0.90148395,0.6275841,0.7464414,6.8671546,13.191265
54253944,기획/전략,-0.7914593,0.12384743,-0.6322073,10.683414,10.929723
53930183,기획/전략,-1.0743961,0.67623484,-0.4921126,10.161623,8.947853
54247272,기획/전략,-0.6865635,0.51125693,-0.18778604,9.870829,8.594788
54244668,기획/전략,-0.7777958,0.037766524,0.20821492,11.876165,12.906855
54241493,기획/전략,-0.4023672,-0.8726231,0.46693057,8.881834,14.38357
54237415,기획/전략,-0.897618,0.6116128,-0.7313264,9.72288,10.031304
54236856,기획/전략,-1.0474782,0.43447018,1.2067573,13.214439,7.5485654
54236855,기획/전략,-1.0255104,0.683756,0.5962282,12.717344,7.8620467
54169999,기획/전략,0.060632426,0.40224555,0.53350085,7.701751,12.690181
54230583,기획/전략,2.8695073,-0.036905386,-0.20027745,3.2015717,12.183733
53952598,기획/전략,0.9834034,-0.02062732,0.40008023,6.5990906,13.277599
54227118,기획/전략,-0.24133407,0.35157335,0.4220042,9.245236,12.165778
54177301,기획/전략,-0.7127629,-0.8492502,-0.030881274,9.774289,14.175301
54223767,기획/전략,-0.3433003,-0.6519683,0.17785034,9.27906,14.01734
54201077,기획/전략,-0.895154,-0.057350323,0.0013231416,9.270917,10.060022
54203761,기획/전략,-0.4986515,-0.75489247,0.087288454,8.754737,13.835437
54102609,기획/전략,2.5295467,0.08906671,0.23224768,3.7782135,12.550873
54217929,기획/전략,-0.037716083,-0.27675915,-1.09648,7.7692957,11.857297
54217690,기획/전략,-1.095703,-0.8236119,-0.020208323,9.850312,14.523295
54216156,기획/전략,-0.740416,0.37112004,-0.5422158,9.984865,9.893968
53942163,기획/전략,-0.3952926,0.30641353,0.048022922,11.73762,12.77562
54203682,기획/전략,-0.5910868,-0.70913696,0.17612648,9.556459,13.942376
54201563,기획/전략,-0.6389772,-0.31852496,0.16381606,11.639868,12.9929085
54201177,기획/전략,-0.777318,0.22420457,0.00501468,9.12597,10.6390915
54201014,기획/전략,-0.58915716,-0.3456441,0.07258405,8.791127,12.356376
54178162,기획/전략,-0.7019115,-0.034732148,0.3146599,10.415752,13.512504
54185794,기획/전략,-0.9086599,0.33118924,-0.6860585,10.691286,10.819947
54182951,기획/전략,0.52896744,0.31699556,-0.15150982,6.78556,12.025097
54182578,기획/전략,-0.90548164,-0.20258725,-0.053032987,10.156174,13.607482
54178283,기획/전략,-0.7469373,0.031149449,-0.34288108,10.616592,10.996947
54176521,기획/전략,-0.7372522,0.17794736,-0.43169045,9.629428,10.566097
54176472,기획/전략,1.7530531,-0.15763804,0.21928366,5.128841,12.920012
54161598,기획/전략,3.61301,0.18042988,-0.2955008,2.74914,11.889674
54059584,기획/전략,-1.057766,0.31232452,0.9395897,13.004782,7.6650357
54056864,기획/전략,-0.3755337,0.76234084,-0.06729881,9.438572,8.51954
54056635,기획/전략,-0.9238914,-0.75131583,0.21790208,9.649123,13.884966
54042913,기획/전략,-0.8541941,-0.24927403,-0.43803203,10.404074,11.396969
54028594,기획/전략,-0.9818047,-0.31403658,0.38988015,11.878196,12.857034
54013816,기획/전략,0.51328766,-0.86772525,0.16113119,7.665453,13.745884
54009056,기획/전략,-1.2382338,0.87110776,0.33073872,12.183806,7.736635
53952518,기획/전략,0.42782828,-0.09877946,0.060539816,7.238328,12.6596985
53985217,기획/전략,-0.7289651,0.1623849,-0.490716,10.63901,10.935291
53980794,기획/전략,-0.6974492,-0.097004995,-0.39120233,10.4946575,11.052465
53977673,기획/전략,-1.0361999,-0.661973,-0.05883393,9.880639,14.480003
53948397,기획/전략,-1.080192,0.57819575,-0.48190624,10.138189,8.950748
53966243,기획/전략,1.3618479,-0.06806389,0.05084121,5.49642,13.058056
53936103,기획/전략,-0.7827615,-0.12717488,-0.29003546,10.621331,11.042161
53685382,기획/전략,-0.81009203,0.36900192,-0.59344226,10.15117,9.425297
54294088,기획/전략,2.0783932,0.21843295,-0.1628736,4.526361,12.371206
54430598,기획/전략,-0.5565965,-0.37906468,0.016247805,9.823861,13.556036
54373992,기획/전략,0.36704832,0.014925601,0.29824424,7.537095,12.921388
54056817,기획/전략,-0.94367385,0.27955532,-0.035985548,10.478932,9.04714
54134819,기획/전략,2.9109733,-0.037412524,0.051039655,3.0470052,12.399198
53934480,기획/전략,2.80923,-0.00815727,0.050510027,3.2049963,12.436504
54461064,기획/전략,-1.0759149,1.1596158,0.5128938,12.0691395,8.0187
54460960,기획/전략,1.177798,-0.34487772,0.103528894,6.2284245,12.777404
54375912,기획/전략,-0.29630816,0.65766364,0.7919598,12.850155,8.087671
54357832,기획/전략,-0.56641716,0.60011476,0.45900738,12.697314,8.09518
54453518,기획/전략,-0.96684694,0.5641291,0.6828552,12.755391,8.10354
54449643,기획/전략,1.97922,0.07495541,0.14153275,4.3381042,13.087262
54451256,기획/전략,0.40040952,-0.19098434,0.15108706,7.786109,12.815097
54419856,기획/전략,3.0937765,0.091580324,-0.20848244,2.8087037,12.172694
54268242,기획/전략,1.8724217,-0.025028652,-0.088992886,4.717486,12.708737
54419880,기획/전략,1.33846,-0.080889136,-0.047314744,5.507339,12.644579
54281137,기획/전략,0.537284,-0.38226905,0.28740093,7.362229,13.036787
54441894,기획/전략,-0.4585603,0.8897504,-0.75687504,9.443851,9.450265
54395933,기획/전략,2.5911098,0.3076236,-0.058306534,3.2414742,12.428583
54429726,기획/전략,-0.54786766,-0.08770038,-0.34020424,9.810784,12.932844
54438642,기획/전략,-0.976861,-0.6586328,0.21570703,9.630679,14.430024
54416363,기획/전략,1.1216599,-0.29819113,0.14066583,6.1031055,12.8671
54434801,기획/전략,-0.6156115,-0.61460346,0.10587889,9.771606,13.547049
54384777,기획/전략,-0.74012285,-0.4148827,-0.14145654,10.145035,13.255043
54409502,기획/전략,-1.051664,0.43749046,0.3490425,12.673924,7.9279947
54398316,기획/전략,0.24205425,-0.3757475,0.20327963,7.8833566,13.081595
54271342,기획/전략,-1.1206009,0.06797749,1.1132077,13.156871,7.654614
54394085,기획/전략,-1.0025977,1.0941094,0.42147112,12.161879,8.111339
54392186,기획/전략,-0.3632375,-0.29102248,-0.03164258,8.659026,10.5795355
54392151,기획/전략,0.42510024,-0.3217917,0.066360325,8.256713,10.9048815
54385582,기획/전략,0.84326965,-0.3780943,0.14101724,6.8840976,12.7801075
54383280,기획/전략,-0.104322374,-0.23537602,-0.08874703,11.119543,14.811317
54381588,기획/전략,-0.07101395,-0.033297963,-0.23638096,11.147351,14.82206
54379698,기획/전략,-0.44756097,0.057241052,-0.27166304,8.671916,10.529117
54361183,기획/전략,-1.1809044,0.87184674,0.24794559,12.2303915,8.224965
54374216,기획/전략,-0.5726247,-0.3452081,0.18184064,9.67663,13.496631
54365755,기획/전략,-0.98619694,0.76077926,0.13856806,11.098906,8.856398
54335815,기획/전략,1.8642249,-0.122731976,-0.03395508,4.790244,12.533548
54364706,기획/전략,-0.2536346,-0.3862077,0.536223,11.912608,12.981683
54364203,기획/전략,-0.0350594,-0.37726462,0.13594735,8.457056,12.962642
54288664,기획/전략,-0.89355445,0.77651864,-0.17594221,11.7337,8.174056
54187881,기획/전략,-0.31077135,0.25294608,-0.26782724,9.455069,12.134427
54338034,기획/전략,2.185545,1.9030281,1.0612485,4.8593006,12.210947
53947436,기획/전략,1.5854466,0.34537134,-0.24293095,4.902798,12.473253
53769460,기획/전략,3.3651302,0.27146196,-0.37444627,2.6215954,12.001595
54332011,기획/전략,3.001781,0.110115275,-0.14342979,2.9639077,12.253864
54298614,기획/전략,2.3052716,-0.11299859,-0.09106463,3.9096193,12.702651
54291947,기획/전략,-1.1637459,0.97838944,0.4569307,11.559537,8.573301
54288696,기획/전략,-0.76104635,-0.29270357,0.12678447,9.454989,13.660642
54190891,기획/전략,-0.9807847,-0.13611917,0.20338617,11.690402,12.724059
54240251,기획/전략,0.9805253,-0.22328992,0.4595266,5.8760343,12.968867
53898419,기획/전략,-0.8708828,0.2990726,0.006046155,11.284666,9.010438
54181060,기획/전략,-0.4485007,-0.90066993,0.30865964,9.106748,14.402679
54354883,기획/전략,-0.73499745,-0.14060062,-0.38287315,10.416592,11.469728
54463577,기획/전략,-0.6088316,-0.047217216,-0.0936719,8.728504,10.454427
53918228,기획/전략,3.5812876,0.099173896,-0.20569299,2.609567,12.048723
54461188,기획/전략,-0.0149333775,-0.4863718,0.22512287,8.280577,13.268572
54366740,기획/전략,0.51100165,-0.73490494,0.3044062,7.565403,13.664081
54326616,기획/전략,-0.90220976,-0.57182956,0.012991831,10.543643,12.657824
54458094,기획/전략,3.2794423,0.21300745,-0.036543347,2.7231908,12.366982
54403077,기획/전략,-0.82028943,-0.21040893,-0.25079578,10.463348,12.406077
54457305,기획/전략,2.3722634,0.07363716,-0.045180716,4.1841507,12.571926
54457207,기획/전략,-1.0391718,0.28507912,0.5610009,12.87839,7.830667
54457010,기획/전략,-0.30089763,-0.75302535,0.33890063,8.571369,13.980636
54438343,기획/전략,-0.6169964,-0.22476009,-0.17410538,10.097439,13.117995
54449697,기획/전략,0.6101705,-0.082544595,0.16264965,7.346804,12.99381
54456750,기획/전략,-0.8288809,-0.12604448,0.16194719,11.566022,12.554729
54456448,기획/전략,0.5032654,-0.21712853,0.16223611,7.286309,12.953503
54406256,기획/전략,3.1544368,0.1004401,-0.18023904,2.6885903,11.989826
54385760,기획/전략,-0.79968125,-0.19913381,-0.22753693,10.378927,12.722129
54452790,기획/전략,0.11360522,-0.7389974,0.42504343,8.118781,13.992855
54451574,기획/전략,3.7670338,0.16980045,-0.28058788,2.630399,12.298103
54451181,기획/전략,0.6130251,-0.37641022,0.3549835,7.0606365,13.238715
54303869,기획/전략,0.21108967,-0.50695556,0.3049085,8.211328,13.410571
54450989,기획/전략,-0.15204433,-0.8485229,0.5450753,8.420767,14.144108
54450752,기획/전략,3.0850513,0.2668476,-0.21762954,2.7635617,11.958788
54450435,기획/전략,3.1003122,0.14397918,-0.112551115,2.742284,11.879887
54450395,기획/전략,-0.9535274,-0.012110092,-0.7394815,10.524796,9.980091
54448721,기획/전략,1.6451918,-0.29490522,0.2258931,5.32981,13.00411
54447849,기획/전략,-0.38860506,0.17821719,0.09707435,8.550096,11.602225
54446916,기획/전략,-0.15652044,-0.25722018,0.118006475,8.721858,12.702574
54191222,기획/전략,-0.8222114,-0.64303607,-0.06494531,9.94374,13.590387
54445362,기획/전략,-0.41152242,0.063750096,-0.47145826,10.045683,11.890161
54445105,기획/전략,-0.4848531,-0.2788375,-0.11472624,10.525811,12.370344
54442354,기획/전략,-0.19905765,-0.68108344,0.50797266,8.825568,14.363276
54442224,기획/전략,0.9695778,-0.3255656,-0.041765988,6.1122746,12.718841
54440441,기획/전략,-0.9136855,-0.8064976,0.13643578,10.072264,14.0050955
54372062,기획/전략,0.9400778,0.95297235,1.6188647,5.848425,13.58107
54439044,기획/전략,0.0074022417,-0.7035502,0.3023143,8.1168165,13.797609
54438853,기획/전략,-1.1478293,0.35513726,0.117528856,12.352098,8.728716
54434945,기획/전략,2.7845025,-0.014731442,-0.023599355,3.1663277,12.462645
54434030,기획/전략,-0.54793936,-0.2823946,0.01790499,9.418551,13.3284
54393373,기획/전략,0.061830852,1.0044245,-0.049509414,9.414353,8.436375
54431175,기획/전략,-0.9952688,0.35081917,-0.41698167,9.934176,9.16242
54129877,기획/전략,-1.0568433,0.41215086,-0.40395918,9.908519,9.144911
54429750,기획/전략,-0.56447154,-0.93413854,0.24184611,9.280077,14.451174
54428673,기획/전략,1.0599073,-0.27633616,-0.062727526,6.326842,12.728954
54427881,기획/전략,-0.78869885,-0.4562904,0.036096025,10.288176,13.169065
54427472,기획/전략,-0.76782423,0.37841862,1.4663576,13.290202,7.451827
54426270,기획/전략,-0.17368433,-0.58606666,0.23916617,8.789709,13.666568
54391218,기획/전략,-0.46549922,-0.27924404,0.1039264,9.957953,13.363395
54422427,기획/전략,-0.08615815,-0.20511377,0.12116868,8.717022,13.085679
54421832,기획/전략,-0.1509064,0.26856333,-0.05056892,8.845454,10.308029
54421076,기획/전략,-1.2043036,0.29957286,1.075785,13.109532,7.5481057
54418687,기획/전략,-0.46499902,-0.9057017,-0.024645904,9.278363,13.290902
